Date,DMA,Medium,Cost,Impressions,Orders,Revenue,Population,BrandSentiment,CompetitorSpend
2025-01-01,North,Meta,5319,66109,409,24002,1800000,0.519,10718
2025-01-01,North,YouTube,2571,73319,323,16738,1800000,0.519,10718
2025-01-01,North,TV,7425,191159,406,24634,1800000,0.519,10718
2025-01-01,North,Paid Search,1949,68349,330,16521,1800000,0.519,10718
2025-01-01,North,TikTok,2745,47000,343,18565,1800000,0.519,10718
2025-01-01,South,Meta,4118,79011,289,17267,1200000,0.518,6554
2025-01-01,South,YouTube,1997,19379,223,12733,1200000,0.518,6554
2025-01-01,South,TV,5723,88963,286,16897,1200000,0.518,6554
2025-01-01,South,Paid Search,3987,79729,320,15976,1200000,0.518,6554
2025-01-01,South,TikTok,1334,50407,213,11079,1200000,0.518,6554
2025-01-01,East,Meta,3047,93169,216,10704,900000,0.513,9873
2025-01-01,East,YouTube,3082,25174,208,10823,900000,0.513,9873
2025-01-01,East,TV,3791,61375,204,10652,900000,0.513,9873
2025-01-01,East,Paid Search,3623,92610,263,12800,900000,0.513,9873
2025-01-01,East,TikTok,2532,63018,208,11207,900000,0.513,9873
2025-01-02,North,Meta,2959,109379,342,18411,1800000,0.514,8200
2025-01-02,North,YouTube,3472,29602,347,19884,1800000,0.514,8200
2025-01-02,North,TV,5800,91304,374,18400,1800000,0.514,8200
2025-01-02,North,Paid Search,2048,44515,334,20589,1800000,0.514,8200
2025-01-02,North,TikTok,2346,36828,332,16251,1800000,0.514,8200
2025-01-02,South,Meta,5975,153754,343,19984,1200000,0.504,8551
2025-01-02,South,YouTube,2940,67750,247,14029,1200000,0.504,8551
2025-01-02,South,TV,6351,250187,299,17582,1200000,0.504,8551
2025-01-02,South,Paid Search,2300,19595,257,14981,1200000,0.504,8551
2025-01-02,South,TikTok,2644,50325,255,13427,1200000,0.504,8551
2025-01-02,East,Meta,5374,73102,282,14695,900000,0.484,8822
2025-01-02,East,YouTube,3942,90145,230,11181,900000,0.484,8822
2025-01-02,East,TV,6625,186928,261,13257,900000,0.484,8822
2025-01-02,East,Paid Search,3578,35849,262,12730,900000,0.484,8822
2025-01-02,East,TikTok,2623,59400,211,12885,900000,0.484,8822
2025-01-03,North,Meta,4456,71769,386,23335,1800000,0.506,11924
2025-01-03,North,YouTube,3886,54852,358,20909,1800000,0.506,11924
2025-01-03,North,TV,5087,167805,360,21789,1800000,0.506,11924
2025-01-03,North,Paid Search,3712,69123,396,21152,1800000,0.506,11924
2025-01-03,North,TikTok,1507,29803,306,18859,1800000,0.506,11924
2025-01-03,South,Meta,5770,142039,337,19294,1200000,0.505,8483
2025-01-03,South,YouTube,4009,125348,275,14380,1200000,0.505,8483
2025-01-03,South,TV,3809,103904,248,13996,1200000,0.505,8483
2025-01-03,South,Paid Search,3612,91944,306,16513,1200000,0.505,8483
2025-01-03,South,TikTok,1846,19498,230,13261,1200000,0.505,8483
2025-01-03,East,Meta,5583,107651,289,16621,900000,0.499,5296
2025-01-03,East,YouTube,4518,75838,245,15028,900000,0.499,5296
2025-01-03,East,TV,7950,304747,288,14400,900000,0.499,5296
2025-01-03,East,Paid Search,1896,53847,200,11301,900000,0.499,5296
2025-01-03,East,TikTok,1918,64512,190,11198,900000,0.499,5296
2025-01-04,North,Meta,5281,104155,410,22719,1800000,0.489,5471
2025-01-04,North,YouTube,2936,76782,335,17947,1800000,0.489,5471
2025-01-04,North,TV,6243,185604,384,21924,1800000,0.489,5471
2025-01-04,North,Paid Search,3913,77886,404,20804,1800000,0.489,5471
2025-01-04,North,TikTok,2614,68919,341,16910,1800000,0.489,5471
2025-01-04,South,Meta,3928,102024,285,17083,1200000,0.517,8493
2025-01-04,South,YouTube,2622,42815,240,13039,1200000,0.517,8493
2025-01-04,South,TV,5511,219799,283,17145,1200000,0.517,8493
2025-01-04,South,Paid Search,2385,89026,261,14154,1200000,0.517,8493
2025-01-04,South,TikTok,2144,25566,240,11815,1200000,0.517,8493
2025-01-04,East,Meta,3696,70659,235,12954,900000,0.515,10919
2025-01-04,East,YouTube,2112,53538,184,9145,900000,0.515,10919
2025-01-04,East,TV,7561,266477,281,14279,900000,0.515,10919
2025-01-04,East,Paid Search,3367,126850,255,12736,900000,0.515,10919
2025-01-04,East,TikTok,2397,80056,205,12108,900000,0.515,10919
2025-01-05,North,Meta,3876,130688,371,22084,1800000,0.492,8878
2025-01-05,North,YouTube,3382,93283,347,17014,1800000,0.492,8878
2025-01-05,North,TV,3862,69119,337,20764,1800000,0.492,8878
2025-01-05,North,Paid Search,4040,125255,410,23367,1800000,0.492,8878
2025-01-05,North,TikTok,2209,72043,329,17865,1800000,0.492,8878
2025-01-05,South,Meta,5639,185909,334,16802,1200000,0.518,7412
2025-01-05,South,YouTube,3611,49914,266,13970,1200000,0.518,7412
2025-01-05,South,TV,7927,173156,332,19233,1200000,0.518,7412
2025-01-05,South,Paid Search,3835,37480,316,16699,1200000,0.518,7412
2025-01-05,South,TikTok,1514,19525,221,13519,1200000,0.518,7412
2025-01-05,East,Meta,3466,98163,229,13104,900000,0.526,10922
2025-01-05,East,YouTube,3380,40578,217,12605,900000,0.526,10922
2025-01-05,East,TV,4863,121922,227,12819,900000,0.526,10922
2025-01-05,East,Paid Search,2893,38756,237,14172,900000,0.526,10922
2025-01-05,East,TikTok,2930,37897,222,12408,900000,0.526,10922
2025-01-06,North,Meta,2762,78790,339,20812,1800000,0.526,5199
2025-01-06,North,YouTube,3456,99658,349,19112,1800000,0.526,5199
2025-01-06,North,TV,7024,149827,401,23766,1800000,0.526,5199
2025-01-06,North,Paid Search,3216,76982,380,21884,1800000,0.526,5199
2025-01-06,North,TikTok,2391,41291,336,17527,1800000,0.526,5199
2025-01-06,South,Meta,4131,97062,292,15531,1200000,0.496,5419
2025-01-06,South,YouTube,2485,68122,238,13295,1200000,0.496,5419
2025-01-06,South,TV,4920,152459,272,14271,1200000,0.496,5419
2025-01-06,South,Paid Search,3436,122132,301,16414,1200000,0.496,5419
2025-01-06,South,TikTok,2996,36505,268,13868,1200000,0.496,5419
2025-01-06,East,Meta,3612,73298,233,12809,900000,0.503,5678
2025-01-06,East,YouTube,3556,56699,222,12256,900000,0.503,5678
2025-01-06,East,TV,7479,98053,280,15395,900000,0.503,5678
2025-01-06,East,Paid Search,2494,66056,223,11667,900000,0.503,5678
2025-01-06,East,TikTok,1845,59815,188,9085,900000,0.503,5678
2025-01-07,North,Meta,5977,88965,432,23342,1800000,0.534,8538
2025-01-07,North,YouTube,2880,27698,335,20219,1800000,0.534,8538
2025-01-07,North,TV,5779,209401,377,21936,1800000,0.534,8538
2025-01-07,North,Paid Search,3259,75149,382,22421,1800000,0.534,8538
2025-01-07,North,TikTok,2240,78645,332,17637,1800000,0.534,8538
2025-01-07,South,Meta,3289,84538,268,14342,1200000,0.512,8992
2025-01-07,South,YouTube,2150,51893,229,13540,1200000,0.512,8992
2025-01-07,South,TV,7030,119166,315,16615,1200000,0.512,8992
2025-01-07,South,Paid Search,4037,120193,324,19811,1200000,0.512,8992
2025-01-07,South,TikTok,1512,59274,222,13002,1200000,0.512,8992
2025-01-07,East,Meta,4352,41125,255,12820,900000,0.504,8564
2025-01-07,East,YouTube,2316,43210,190,11755,900000,0.504,8564
2025-01-07,East,TV,5681,128525,244,14238,900000,0.504,8564
2025-01-07,East,Paid Search,3148,77114,247,12891,900000,0.504,8564
2025-01-07,East,TikTok,1877,51839,190,10015,900000,0.504,8564
2025-01-08,North,Meta,5092,89585,407,19688,1800000,0.532,8726
2025-01-08,North,YouTube,4099,81109,367,20054,1800000,0.532,8726
2025-01-08,North,TV,6626,260778,394,24246,1800000,0.532,8726
2025-01-08,North,Paid Search,3103,103939,377,22228,1800000,0.532,8726
2025-01-08,North,TikTok,2575,77295,343,20191,1800000,0.532,8726
2025-01-08,South,Meta,4655,62639,308,14866,1200000,0.522,10050
2025-01-08,South,YouTube,3610,100472,267,13989,1200000,0.522,10050
2025-01-08,South,TV,7405,94257,323,16189,1200000,0.522,10050
2025-01-08,South,Paid Search,3329,29995,298,17185,1200000,0.522,10050
2025-01-08,South,TikTok,2964,34135,268,14404,1200000,0.522,10050
2025-01-08,East,Meta,5664,178681,293,17806,900000,0.529,11444
2025-01-08,East,YouTube,2126,26402,186,9819,900000,0.529,11444
2025-01-08,East,TV,4455,81979,220,11651,900000,0.529,11444
2025-01-08,East,Paid Search,3286,81543,253,14878,900000,0.529,11444
2025-01-08,East,TikTok,1856,25134,189,10980,900000,0.529,11444
2025-01-09,North,Meta,4759,67352,398,20871,1800000,0.527,9853
2025-01-09,North,YouTube,2615,67621,330,17451,1800000,0.527,9853
2025-01-09,North,TV,4548,177978,353,21558,1800000,0.527,9853
2025-01-09,North,Paid Search,2444,42154,353,20875,1800000,0.527,9853
2025-01-09,North,TikTok,1675,51187,315,16326,1800000,0.527,9853
2025-01-09,South,Meta,3953,155610,288,14858,1200000,0.506,9736
2025-01-09,South,YouTube,4116,158661,281,15373,1200000,0.506,9736
2025-01-09,South,TV,7253,125437,320,16265,1200000,0.506,9736
2025-01-09,South,Paid Search,2421,74694,265,14718,1200000,0.506,9736
2025-01-09,South,TikTok,1918,42495,235,14350,1200000,0.506,9736
2025-01-09,East,Meta,4779,127975,268,15756,900000,0.529,5961
2025-01-09,East,YouTube,2605,76677,198,9518,900000,0.529,5961
2025-01-09,East,TV,5977,169832,251,13982,900000,0.529,5961
2025-01-09,East,Paid Search,1872,39734,201,12262,900000,0.529,5961
2025-01-09,East,TikTok,2567,28795,212,11384,900000,0.529,5961
2025-01-10,North,Meta,4306,61931,386,23590,1800000,0.541,11149
2025-01-10,North,YouTube,4509,82413,379,23038,1800000,0.541,11149
2025-01-10,North,TV,6529,241925,394,19878,1800000,0.541,11149
2025-01-10,North,Paid Search,1963,51769,336,20278,1800000,0.541,11149
2025-01-10,North,TikTok,2254,70189,334,16854,1800000,0.541,11149
2025-01-10,South,Meta,4024,95982,290,15075,1200000,0.54,11980
2025-01-10,South,YouTube,4437,172103,289,17874,1200000,0.54,11980
2025-01-10,South,TV,7839,282641,332,18461,1200000,0.54,11980
2025-01-10,South,Paid Search,1776,46486,241,13234,1200000,0.54,11980
2025-01-10,South,TikTok,1504,59342,223,13634,1200000,0.54,11980
2025-01-10,East,Meta,3307,38377,226,11403,900000,0.538,8276
2025-01-10,East,YouTube,2401,54467,193,11577,900000,0.538,8276
2025-01-10,East,TV,4711,65758,226,13686,900000,0.538,8276
2025-01-10,East,Paid Search,3477,115800,261,15550,900000,0.538,8276
2025-01-10,East,TikTok,2311,74491,204,11264,900000,0.538,8276
2025-01-11,North,Meta,3287,41086,358,17241,1800000,0.51,9685
2025-01-11,North,YouTube,2832,45135,337,19260,1800000,0.51,9685
2025-01-11,North,TV,4739,73628,359,20714,1800000,0.51,9685
2025-01-11,North,Paid Search,3525,135815,395,19304,1800000,0.51,9685
2025-01-11,North,TikTok,1850,57595,322,15989,1800000,0.51,9685
2025-01-11,South,Meta,4405,161416,302,15144,1200000,0.518,7838
2025-01-11,South,YouTube,3834,68825,274,16020,1200000,0.518,7838
2025-01-11,South,TV,4067,151765,257,14515,1200000,0.518,7838
2025-01-11,South,Paid Search,2450,67787,267,14370,1200000,0.518,7838
2025-01-11,South,TikTok,1704,20915,229,12753,1200000,0.518,7838
2025-01-11,East,Meta,4973,74541,274,13389,900000,0.525,8763
2025-01-11,East,YouTube,2631,84591,200,11133,900000,0.525,8763
2025-01-11,East,TV,7611,80828,284,15642,900000,0.525,8763
2025-01-11,East,Paid Search,2806,85641,236,13220,900000,0.525,8763
2025-01-11,East,TikTok,1456,37934,178,8917,900000,0.525,8763
2025-01-12,North,Meta,3054,44505,352,19175,1800000,0.522,8642
2025-01-12,North,YouTube,3525,38458,355,21050,1800000,0.522,8642
2025-01-12,North,TV,5924,200694,383,22262,1800000,0.522,8642
2025-01-12,North,Paid Search,2828,69071,369,19757,1800000,0.522,8642
2025-01-12,North,TikTok,2127,20946,331,19671,1800000,0.522,8642
2025-01-12,South,Meta,2804,53346,256,15033,1200000,0.539,9048
2025-01-12,South,YouTube,2152,85675,232,14314,1200000,0.539,9048
2025-01-12,South,TV,7918,80832,335,19109,1200000,0.539,9048
2025-01-12,South,Paid Search,3957,35674,323,17405,1200000,0.539,9048
2025-01-12,South,TikTok,2043,66616,240,14856,1200000,0.539,9048
2025-01-12,East,Meta,5841,116941,299,17399,900000,0.524,11087
2025-01-12,East,YouTube,3788,110524,230,11757,900000,0.524,11087
2025-01-12,East,TV,6060,175213,253,12156,900000,0.524,11087
2025-01-12,East,Paid Search,2580,35375,228,11017,900000,0.524,11087
2025-01-12,East,TikTok,2269,56550,204,10644,900000,0.524,11087
2025-01-13,North,Meta,4530,155594,394,23138,1800000,0.538,8811
2025-01-13,North,YouTube,2644,50440,333,20104,1800000,0.538,8811
2025-01-13,North,TV,4833,183640,362,17455,1800000,0.538,8811
2025-01-13,North,Paid Search,3475,40348,394,20049,1800000,0.538,8811
2025-01-13,North,TikTok,2756,59022,352,17393,1800000,0.538,8811
2025-01-13,South,Meta,5136,49088,323,19193,1200000,0.512,9184
2025-01-13,South,YouTube,3951,82467,278,16191,1200000,0.512,9184
2025-01-13,South,TV,4638,69350,269,14113,1200000,0.512,9184
2025-01-13,South,Paid Search,3802,37283,318,17926,1200000,0.512,9184
2025-01-13,South,TikTok,2216,38240,246,14124,1200000,0.512,9184
2025-01-13,East,Meta,3157,91953,223,12251,900000,0.524,7112
2025-01-13,East,YouTube,2574,45344,199,12261,900000,0.524,7112
2025-01-13,East,TV,3821,146545,209,12787,900000,0.524,7112
2025-01-13,East,Paid Search,3840,142735,275,15785,900000,0.524,7112
2025-01-13,East,TikTok,2431,52681,209,12331,900000,0.524,7112
2025-01-14,North,Meta,3186,63869,357,21973,1800000,0.526,7914
2025-01-14,North,YouTube,3997,92541,368,20535,1800000,0.526,7914
2025-01-14,North,TV,7555,133146,417,20799,1800000,0.526,7914
2025-01-14,North,Paid Search,3443,116321,394,20252,1800000,0.526,7914
2025-01-14,North,TikTok,2949,76663,358,18203,1800000,0.526,7914
2025-01-14,South,Meta,5658,62005,339,19710,1200000,0.539,11456
2025-01-14,South,YouTube,3918,55226,278,15519,1200000,0.539,11456
2025-01-14,South,TV,4811,142201,273,14936,1200000,0.539,11456
2025-01-14,South,Paid Search,3195,114879,296,17811,1200000,0.539,11456
2025-01-14,South,TikTok,1662,53806,229,12059,1200000,0.539,11456
2025-01-14,East,Meta,5977,231827,304,17893,900000,0.552,5107
2025-01-14,East,YouTube,2304,92128,192,10239,900000,0.552,5107
2025-01-14,East,TV,5805,91504,249,13812,900000,0.552,5107
2025-01-14,East,Paid Search,3199,46528,252,13363,900000,0.552,5107
2025-01-14,East,TikTok,2950,75716,226,11676,900000,0.552,5107
2025-01-15,North,Meta,3014,118758,352,18181,1800000,0.537,8481
2025-01-15,North,YouTube,3248,113262,350,21380,1800000,0.537,8481
2025-01-15,North,TV,7881,156537,424,23790,1800000,0.537,8481
2025-01-15,North,Paid Search,2756,71658,369,19869,1800000,0.537,8481
2025-01-15,North,TikTok,1725,21855,321,16093,1800000,0.537,8481
2025-01-15,South,Meta,5623,134826,338,19986,1200000,0.529,7659
2025-01-15,South,YouTube,3741,111912,274,13801,1200000,0.529,7659
2025-01-15,South,TV,4770,163568,273,15857,1200000,0.529,7659
2025-01-15,South,Paid Search,4064,115963,329,18041,1200000,0.529,7659
2025-01-15,South,TikTok,2203,29484,247,15027,1200000,0.529,7659
2025-01-15,East,Meta,2872,26085,215,10348,900000,0.538,9493
2025-01-15,East,YouTube,4253,162660,243,13385,900000,0.538,9493
2025-01-15,East,TV,6715,217961,267,14211,900000,0.538,9493
2025-01-15,East,Paid Search,2752,96214,235,13313,900000,0.538,9493
2025-01-15,East,TikTok,1743,53387,188,10779,900000,0.538,9493
2025-01-16,North,Meta,4407,36189,393,23300,1800000,0.543,8382
2025-01-16,North,YouTube,3475,29118,356,21622,1800000,0.543,8382
2025-01-16,North,TV,6073,101976,388,19205,1800000,0.543,8382
2025-01-16,North,Paid Search,4100,35049,419,20677,1800000,0.543,8382
2025-01-16,North,TikTok,2782,82261,354,17730,1800000,0.543,8382
2025-01-16,South,Meta,5572,92241,337,19260,1200000,0.526,8685
2025-01-16,South,YouTube,3062,61049,257,15424,1200000,0.526,8685
2025-01-16,South,TV,5487,143101,288,16887,1200000,0.526,8685
2025-01-16,South,Paid Search,4130,62889,331,16321,1200000,0.526,8685
2025-01-16,South,TikTok,2553,89691,258,13754,1200000,0.526,8685
2025-01-16,East,Meta,2704,36461,211,10753,900000,0.54,5393
2025-01-16,East,YouTube,3337,73031,219,13174,900000,0.54,5393
2025-01-16,East,TV,7283,190140,279,16859,900000,0.54,5393
2025-01-16,East,Paid Search,3816,42173,275,15031,900000,0.54,5393
2025-01-16,East,TikTok,2275,21298,205,9974,900000,0.54,5393
2025-01-17,North,Meta,5885,153200,436,21398,1800000,0.524,11479
2025-01-17,North,YouTube,2095,79024,322,16188,1800000,0.524,11479
2025-01-17,North,TV,5065,196355,369,18954,1800000,0.524,11479
2025-01-17,North,Paid Search,3181,102021,386,23038,1800000,0.524,11479
2025-01-17,North,TikTok,2610,54146,350,18707,1800000,0.524,11479
2025-01-17,South,Meta,5373,67047,332,19510,1200000,0.557,7322
2025-01-17,South,YouTube,4653,145049,298,18288,1200000,0.557,7322
2025-01-17,South,TV,5951,233150,297,15905,1200000,0.557,7322
2025-01-17,South,Paid Search,1912,42039,249,14649,1200000,0.557,7322
2025-01-17,South,TikTok,2835,53579,268,12975,1200000,0.557,7322
2025-01-17,East,Meta,4427,85822,260,12779,900000,0.532,11948
2025-01-17,East,YouTube,4526,98753,250,12540,900000,0.532,11948
2025-01-17,East,TV,6802,198220,270,15650,900000,0.532,11948
2025-01-17,East,Paid Search,1988,55258,208,11830,900000,0.532,11948
2025-01-17,East,TikTok,2762,85123,221,12896,900000,0.532,11948
2025-01-18,North,Meta,2701,48252,345,18269,1800000,0.536,5746
2025-01-18,North,YouTube,2978,49532,345,17010,1800000,0.536,5746
2025-01-18,North,TV,4209,58911,352,19843,1800000,0.536,5746
2025-01-18,North,Paid Search,2859,73624,374,19651,1800000,0.536,5746
2025-01-18,North,TikTok,2071,18308,333,17780,1800000,0.536,5746
2025-01-18,South,Meta,2986,109993,264,12906,1200000,0.535,7715
2025-01-18,South,YouTube,4440,174499,293,15847,1200000,0.535,7715
2025-01-18,South,TV,6305,84655,305,16438,1200000,0.535,7715
2025-01-18,South,Paid Search,2696,33546,279,15283,1200000,0.535,7715
2025-01-18,South,TikTok,1880,44706,238,11680,1200000,0.535,7715
2025-01-18,East,Meta,4918,132795,275,14489,900000,0.533,6726
2025-01-18,East,YouTube,2537,28980,199,11824,900000,0.533,6726
2025-01-18,East,TV,5030,192963,235,14108,900000,0.533,6726
2025-01-18,East,Paid Search,2581,71871,230,14177,900000,0.533,6726
2025-01-18,East,TikTok,2779,51537,221,11029,900000,0.533,6726
2025-01-19,North,Meta,3409,61546,366,21752,1800000,0.538,11631
2025-01-19,North,YouTube,4611,179825,387,20705,1800000,0.538,11631
2025-01-19,North,TV,4979,150558,368,18251,1800000,0.538,11631
2025-01-19,North,Paid Search,2966,78386,379,21184,1800000,0.538,11631
2025-01-19,North,TikTok,1779,35640,325,18295,1800000,0.538,11631
2025-01-19,South,Meta,4661,179431,312,17157,1200000,0.547,9772
2025-01-19,South,YouTube,3258,99916,263,14956,1200000,0.547,9772
2025-01-19,South,TV,5681,98410,293,15057,1200000,0.547,9772
2025-01-19,South,Paid Search,3449,117980,307,17567,1200000,0.547,9772
2025-01-19,South,TikTok,2771,58447,266,15432,1200000,0.547,9772
2025-01-19,East,Meta,6241,145637,313,17377,900000,0.557,5518
2025-01-19,East,YouTube,3095,74935,214,12184,900000,0.557,5518
2025-01-19,East,TV,7985,240625,294,14462,900000,0.557,5518
2025-01-19,East,Paid Search,3092,102973,249,14633,900000,0.557,5518
2025-01-19,East,TikTok,1989,72909,197,11270,900000,0.557,5518
2025-01-20,North,Meta,2855,112702,351,19397,1800000,0.542,9529
2025-01-20,North,YouTube,3848,79991,368,20655,1800000,0.542,9529
2025-01-20,North,TV,7200,280101,414,23206,1800000,0.542,9529
2025-01-20,North,Paid Search,2828,23579,375,20340,1800000,0.542,9529
2025-01-20,North,TikTok,1813,44131,327,17487,1800000,0.542,9529
2025-01-20,South,Meta,4494,85561,308,16747,1200000,0.558,9120
2025-01-20,South,YouTube,2088,23690,233,11859,1200000,0.558,9120
2025-01-20,South,TV,5587,216638,291,15935,1200000,0.558,9120
2025-01-20,South,Paid Search,2075,79061,257,14049,1200000,0.558,9120
2025-01-20,South,TikTok,1602,28805,230,12451,1200000,0.558,9120
2025-01-20,East,Meta,3774,128037,243,12209,900000,0.555,7232
2025-01-20,East,YouTube,2332,82025,195,10888,900000,0.555,7232
2025-01-20,East,TV,6699,198749,269,16522,900000,0.555,7232
2025-01-20,East,Paid Search,2191,86511,216,11069,900000,0.555,7232
2025-01-20,East,TikTok,1786,24258,191,10251,900000,0.555,7232
2025-01-21,North,Meta,4258,38042,392,19159,1800000,0.537,9483
2025-01-21,North,YouTube,3685,52748,365,18040,1800000,0.537,9483
2025-01-21,North,TV,6446,131774,399,24023,1800000,0.537,9483
2025-01-21,North,Paid Search,3493,50946,400,20247,1800000,0.537,9483
2025-01-21,North,TikTok,2706,91678,355,18660,1800000,0.537,9483
2025-01-21,South,Meta,5809,144568,346,20028,1200000,0.548,6836
2025-01-21,South,YouTube,3753,101718,277,14449,1200000,0.548,6836
2025-01-21,South,TV,6538,175115,311,17603,1200000,0.548,6836
2025-01-21,South,Paid Search,2637,92444,278,13674,1200000,0.548,6836
2025-01-21,South,TikTok,2463,83840,258,12868,1200000,0.548,6836
2025-01-21,East,Meta,3361,101468,231,14322,900000,0.534,7138
2025-01-21,East,YouTube,3406,72833,223,12436,900000,0.534,7138
2025-01-21,East,TV,4264,86468,220,12068,900000,0.534,7138
2025-01-21,East,Paid Search,2247,63671,219,10942,900000,0.534,7138
2025-01-21,East,TikTok,2600,74486,217,11372,900000,0.534,7138
2025-01-22,North,Meta,4004,33260,385,21114,1800000,0.55,5375
2025-01-22,North,YouTube,2401,81843,333,16369,1800000,0.55,5375
2025-01-22,North,TV,8250,199436,436,21116,1800000,0.55,5375
2025-01-22,North,Paid Search,2997,89641,382,22406,1800000,0.55,5375
2025-01-22,North,TikTok,2104,73380,337,17554,1800000,0.55,5375
2025-01-22,South,Meta,3315,75033,275,16367,1200000,0.543,8763
2025-01-22,South,YouTube,4042,131403,284,13797,1200000,0.543,8763
2025-01-22,South,TV,6257,72724,306,17768,1200000,0.543,8763
2025-01-22,South,Paid Search,2080,68232,258,14357,1200000,0.543,8763
2025-01-22,South,TikTok,2840,56060,270,16701,1200000,0.543,8763
2025-01-22,East,Meta,5421,95012,290,17211,900000,0.536,10810
2025-01-22,East,YouTube,4737,106068,257,14451,900000,0.536,10810
2025-01-22,East,TV,5288,180508,241,12751,900000,0.536,10810
2025-01-22,East,Paid Search,2862,113927,242,14024,900000,0.536,10810
2025-01-22,East,TikTok,2754,42914,222,12623,900000,0.536,10810
2025-01-23,North,Meta,3462,50622,370,22205,1800000,0.54,5975
2025-01-23,North,YouTube,2197,42240,328,20269,1800000,0.54,5975
2025-01-23,North,TV,4975,125572,371,21336,1800000,0.54,5975
2025-01-23,North,Paid Search,2590,79072,368,18155,1800000,0.54,5975
2025-01-23,North,TikTok,1881,31140,331,20349,1800000,0.54,5975
2025-01-23,South,Meta,6306,225411,361,20246,1200000,0.565,11431
2025-01-23,South,YouTube,2380,85001,242,12526,1200000,0.565,11431
2025-01-23,South,TV,4823,148378,277,14902,1200000,0.565,11431
2025-01-23,South,Paid Search,3808,123254,322,17494,1200000,0.565,11431
2025-01-23,South,TikTok,2581,61073,262,14900,1200000,0.565,11431
2025-01-23,East,Meta,4580,77417,267,14530,900000,0.569,5652
2025-01-23,East,YouTube,4577,90672,253,14496,900000,0.569,5652
2025-01-23,East,TV,8204,151555,300,15905,900000,0.569,5652
2025-01-23,East,Paid Search,1815,59482,203,9924,900000,0.569,5652
2025-01-23,East,TikTok,2683,84219,220,12206,900000,0.569,5652
2025-01-24,North,Meta,3489,57894,372,18375,1800000,0.544,8008
2025-01-24,North,YouTube,4293,80743,382,22528,1800000,0.544,8008
2025-01-24,North,TV,6422,167720,400,21774,1800000,0.544,8008
2025-01-24,North,Paid Search,2987,56752,383,19050,1800000,0.544,8008
2025-01-24,North,TikTok,2598,24809,354,21243,1800000,0.544,8008
2025-01-24,South,Meta,6195,89668,358,19048,1200000,0.553,5005
2025-01-24,South,YouTube,3913,47822,282,17104,1200000,0.553,5005
2025-01-24,South,TV,6770,88601,317,15951,1200000,0.553,5005
2025-01-24,South,Paid Search,4069,68232,332,17778,1200000,0.553,5005
2025-01-24,South,TikTok,2547,40784,261,13644,1200000,0.553,5005
2025-01-24,East,Meta,5098,155582,282,17437,900000,0.563,6639
2025-01-24,East,YouTube,2043,47516,189,10189,900000,0.563,6639
2025-01-24,East,TV,4269,65051,221,11017,900000,0.563,6639
2025-01-24,East,Paid Search,3458,28692,264,12934,900000,0.563,6639
2025-01-24,East,TikTok,2622,89535,218,11633,900000,0.563,6639
2025-01-25,North,Meta,3865,139881,383,21869,1800000,0.567,5717
2025-01-25,North,YouTube,2419,79224,335,18144,1800000,0.567,5717
2025-01-25,North,TV,7285,89319,418,24292,1800000,0.567,5717
2025-01-25,North,Paid Search,4224,53101,430,24421,1800000,0.567,5717
2025-01-25,North,TikTok,2327,19247,346,17341,1800000,0.567,5717
2025-01-25,South,Meta,5852,63050,349,17164,1200000,0.554,9806
2025-01-25,South,YouTube,2319,74389,241,13435,1200000,0.554,9806
2025-01-25,South,TV,6493,131737,312,17597,1200000,0.554,9806
2025-01-25,South,Paid Search,4152,75002,336,18986,1200000,0.554,9806
2025-01-25,South,TikTok,1617,27267,233,13725,1200000,0.554,9806
2025-01-25,East,Meta,5120,90382,283,14031,900000,0.565,10935
2025-01-25,East,YouTube,3456,83997,225,12374,900000,0.565,10935
2025-01-25,East,TV,7260,126740,282,15881,900000,0.565,10935
2025-01-25,East,Paid Search,1950,71630,209,11578,900000,0.565,10935
2025-01-25,East,TikTok,3098,73845,234,14435,900000,0.565,10935
2025-01-26,North,Meta,3213,114209,365,18860,1800000,0.579,11537
2025-01-26,North,YouTube,3602,70935,366,17772,1800000,0.579,11537
2025-01-26,North,TV,6961,225587,412,20125,1800000,0.579,11537
2025-01-26,North,Paid Search,4140,135178,427,25214,1800000,0.579,11537
2025-01-26,North,TikTok,1397,14195,317,17464,1800000,0.579,11537
2025-01-26,South,Meta,4246,129324,303,16819,1200000,0.564,8507
2025-01-26,South,YouTube,2274,57237,241,12886,1200000,0.564,8507
2025-01-26,South,TV,6636,112009,315,17917,1200000,0.564,8507
2025-01-26,South,Paid Search,2574,62707,278,16592,1200000,0.564,8507
2025-01-26,South,TikTok,1736,58777,237,13636,1200000,0.564,8507
2025-01-26,East,Meta,5392,189189,291,14455,900000,0.542,9891
2025-01-26,East,YouTube,2207,23745,193,11177,900000,0.542,9891
2025-01-26,East,TV,5754,129510,252,14571,900000,0.542,9891
2025-01-26,East,Paid Search,3300,59061,259,13026,900000,0.542,9891
2025-01-26,East,TikTok,2717,86132,222,13618,900000,0.542,9891
2025-01-27,North,Meta,5370,71651,427,20878,1800000,0.562,10481
2025-01-27,North,YouTube,2401,79223,336,19479,1800000,0.562,10481
2025-01-27,North,TV,4960,180372,373,20915,1800000,0.562,10481
2025-01-27,North,Paid Search,3703,33103,411,20171,1800000,0.562,10481
2025-01-27,North,TikTok,2843,47488,363,19737,1800000,0.562,10481
2025-01-27,South,Meta,4808,95035,320,16456,1200000,0.555,8497
2025-01-27,South,YouTube,2752,31078,253,13815,1200000,0.555,8497
2025-01-27,South,TV,6445,200626,311,16595,1200000,0.555,8497
2025-01-27,South,Paid Search,2382,57841,271,13577,1200000,0.555,8497
2025-01-27,South,TikTok,1450,51640,228,13916,1200000,0.555,8497
2025-01-27,East,Meta,6075,192585,310,18794,900000,0.575,8870
2025-01-27,East,YouTube,3202,58589,219,11062,900000,0.575,8870
2025-01-27,East,TV,5678,176297,250,14815,900000,0.575,8870
2025-01-27,East,Paid Search,2486,26084,229,14138,900000,0.575,8870
2025-01-27,East,TikTok,2050,49334,201,12333,900000,0.575,8870
2025-01-28,North,Meta,3777,132328,382,21500,1800000,0.545,8256
2025-01-28,North,YouTube,2956,75966,350,19217,1800000,0.545,8256
2025-01-28,North,TV,3698,53331,348,20468,1800000,0.545,8256
2025-01-28,North,Paid Search,3205,56809,393,19939,1800000,0.545,8256
2025-01-28,North,TikTok,2511,57365,353,21394,1800000,0.545,8256
2025-01-28,South,Meta,2768,58463,262,15243,1200000,0.573,6716
2025-01-28,South,YouTube,2698,51493,252,12463,1200000,0.573,6716
2025-01-28,South,TV,7755,279726,338,18731,1200000,0.573,6716
2025-01-28,South,Paid Search,4149,33386,337,17300,1200000,0.573,6716
2025-01-28,South,TikTok,2575,90558,264,14491,1200000,0.573,6716
2025-01-28,East,Meta,5348,58704,290,14462,900000,0.545,11979
2025-01-28,East,YouTube,4587,168403,255,15167,900000,0.545,11979
2025-01-28,East,TV,6195,188496,261,12801,900000,0.545,11979
2025-01-28,East,Paid Search,2738,107291,239,13372,900000,0.545,11979
2025-01-28,East,TikTok,1527,16886,185,10007,900000,0.545,11979
2025-01-29,North,Meta,3707,67024,381,21407,1800000,0.583,6657
2025-01-29,North,YouTube,4265,129755,385,19318,1800000,0.583,6657
2025-01-29,North,TV,7262,132008,420,21127,1800000,0.583,6657
2025-01-29,North,Paid Search,2498,25954,368,20065,1800000,0.583,6657
2025-01-29,North,TikTok,1747,57578,330,17718,1800000,0.583,6657
2025-01-29,South,Meta,3512,62745,284,14935,1200000,0.566,11752
2025-01-29,South,YouTube,2792,33050,255,12566,1200000,0.566,11752
2025-01-29,South,TV,4438,132935,272,14001,1200000,0.566,11752
2025-01-29,South,Paid Search,3854,116777,326,17272,1200000,0.566,11752
2025-01-29,South,TikTok,1449,50352,229,12638,1200000,0.566,11752
2025-01-29,East,Meta,6383,57413,320,19080,900000,0.571,6821
2025-01-29,East,YouTube,3175,71344,219,13525,900000,0.571,6821
2025-01-29,East,TV,7325,117165,284,14152,900000,0.571,6821
2025-01-29,East,Paid Search,2963,99926,248,14764,900000,0.571,6821
2025-01-29,East,TikTok,1631,13672,189,10057,900000,0.571,6821
2025-01-30,North,Meta,4896,79718,415,21846,1800000,0.571,9513
2025-01-30,North,YouTube,4307,37461,386,18759,1800000,0.571,9513
2025-01-30,North,TV,3991,147188,355,19331,1800000,0.571,9513
2025-01-30,North,Paid Search,2924,35443,384,19335,1800000,0.571,9513
2025-01-30,North,TikTok,3041,105034,371,20789,1800000,0.571,9513
2025-01-30,South,Meta,2864,85527,266,13867,1200000,0.579,7765
2025-01-30,South,YouTube,2543,37817,249,13388,1200000,0.579,7765
2025-01-30,South,TV,4592,77859,276,15376,1200000,0.579,7765
2025-01-30,South,Paid Search,4002,36453,332,16219,1200000,0.579,7765
2025-01-30,South,TikTok,2516,39917,263,13654,1200000,0.579,7765
2025-01-30,East,Meta,6007,149130,309,18780,900000,0.551,6396
2025-01-30,East,YouTube,3805,128112,236,12988,900000,0.551,6396
2025-01-30,East,TV,7569,300193,289,15443,900000,0.551,6396
2025-01-30,East,Paid Search,3753,73152,277,13993,900000,0.551,6396
2025-01-30,East,TikTok,2379,55930,213,11175,900000,0.551,6396
2025-01-31,North,Meta,5629,55586,437,25970,1800000,0.556,11270
2025-01-31,North,YouTube,4810,119970,400,24337,1800000,0.556,11270
2025-01-31,North,TV,7448,297826,425,20733,1800000,0.556,11270
2025-01-31,North,Paid Search,4232,47417,433,26824,1800000,0.556,11270
2025-01-31,North,TikTok,2590,42810,358,18284,1800000,0.556,11270
2025-01-31,South,Meta,4068,141791,300,18380,1200000,0.581,10582
2025-01-31,South,YouTube,4406,60077,297,16599,1200000,0.581,10582
2025-01-31,South,TV,6592,222801,316,17659,1200000,0.581,10582
2025-01-31,South,Paid Search,3554,132377,316,16001,1200000,0.581,10582
2025-01-31,South,TikTok,1433,43589,229,14160,1200000,0.581,10582
2025-01-31,East,Meta,3900,92406,250,14509,900000,0.583,8446
2025-01-31,East,YouTube,2321,35845,198,12051,900000,0.583,8446
2025-01-31,East,TV,4757,118194,233,13938,900000,0.583,8446
2025-01-31,East,Paid Search,1843,68878,207,10874,900000,0.583,8446
2025-01-31,East,TikTok,1752,21332,193,9323,900000,0.583,8446
2025-02-01,North,Meta,5625,197367,437,21940,1800000,0.572,11421
2025-02-01,North,YouTube,4458,172693,391,23961,1800000,0.572,11421
2025-02-01,North,TV,5528,210846,387,22866,1800000,0.572,11421
2025-02-01,North,Paid Search,2818,31655,381,23412,1800000,0.572,11421
2025-02-01,North,TikTok,1941,24003,338,19296,1800000,0.572,11421
2025-02-01,South,Meta,5327,200951,337,20652,1200000,0.556,11781
2025-02-01,South,YouTube,4254,64421,294,18017,1200000,0.556,11781
2025-02-01,South,TV,6588,89671,316,16900,1200000,0.556,11781
2025-02-01,South,Paid Search,2600,78083,281,17400,1200000,0.556,11781
2025-02-01,South,TikTok,1619,50711,235,14455,1200000,0.556,11781
2025-02-01,East,Meta,6166,240234,315,19024,900000,0.55,9217
2025-02-01,East,YouTube,2687,70124,207,10193,900000,0.55,9217
2025-02-01,East,TV,8299,103742,304,17609,900000,0.55,9217
2025-02-01,East,Paid Search,3679,57451,275,15661,900000,0.55,9217
2025-02-01,East,TikTok,3196,42738,239,14439,900000,0.55,9217
2025-02-02,North,Meta,3696,37586,383,20415,1800000,0.568,6856
2025-02-02,North,YouTube,2792,31988,349,19420,1800000,0.568,6856
2025-02-02,North,TV,3704,75376,351,17346,1800000,0.568,6856
2025-02-02,North,Paid Search,3655,142586,413,22596,1800000,0.568,6856
2025-02-02,North,TikTok,3022,71859,372,22356,1800000,0.568,6856
2025-02-02,South,Meta,3375,34961,281,15640,1200000,0.576,9810
2025-02-02,South,YouTube,4426,77176,299,18112,1200000,0.576,9810
2025-02-02,South,TV,5269,202610,290,14298,1200000,0.576,9810
2025-02-02,South,Paid Search,2032,27317,260,14642,1200000,0.576,9810
2025-02-02,South,TikTok,2081,65392,250,14148,1200000,0.576,9810
2025-02-02,East,Meta,6258,83106,317,16393,900000,0.569,5217
2025-02-02,East,YouTube,4548,59248,256,13297,900000,0.569,5217
2025-02-02,East,TV,4197,61182,223,11446,900000,0.569,5217
2025-02-02,East,Paid Search,2317,70229,225,10956,900000,0.569,5217
2025-02-02,East,TikTok,2722,85360,224,12545,900000,0.569,5217
2025-02-03,North,Meta,4116,89249,395,23626,1800000,0.585,6075
2025-02-03,North,YouTube,2903,84723,353,18468,1800000,0.585,6075
2025-02-03,North,TV,6671,95993,411,22015,1800000,0.585,6075
2025-02-03,North,Paid Search,1916,25802,349,19142,1800000,0.585,6075
2025-02-03,North,TikTok,1930,20500,339,19409,1800000,0.585,6075
2025-02-03,South,Meta,3464,125867,284,16286,1200000,0.555,8809
2025-02-03,South,YouTube,3111,69266,265,13038,1200000,0.555,8809
2025-02-03,South,TV,5006,114547,285,15052,1200000,0.555,8809
2025-02-03,South,Paid Search,2411,40008,275,15285,1200000,0.555,8809
2025-02-03,South,TikTok,1504,48236,233,14350,1200000,0.555,8809
2025-02-03,East,Meta,5894,201510,307,17806,900000,0.575,8875
2025-02-03,East,YouTube,3248,81643,222,12217,900000,0.575,8875
2025-02-03,East,TV,7988,185277,299,18121,900000,0.575,8875
2025-02-03,East,Paid Search,4030,93659,289,17111,900000,0.575,8875
2025-02-03,East,TikTok,1536,56661,187,10750,900000,0.575,8875
2025-02-04,North,Meta,5596,75726,438,24870,1800000,0.577,5842
2025-02-04,North,YouTube,4829,188859,403,24050,1800000,0.577,5842
2025-02-04,North,TV,7715,92873,433,22347,1800000,0.577,5842
2025-02-04,North,Paid Search,2904,115071,386,23450,1800000,0.577,5842
2025-02-04,North,TikTok,2200,87808,348,21158,1800000,0.577,5842
2025-02-04,South,Meta,4260,78538,307,15373,1200000,0.555,7717
2025-02-04,South,YouTube,2857,64743,259,14564,1200000,0.555,7717
2025-02-04,South,TV,8037,266584,346,20282,1200000,0.555,7717
2025-02-04,South,Paid Search,3398,84005,312,19080,1200000,0.555,7717
2025-02-04,South,TikTok,2171,46160,254,15481,1200000,0.555,7717
2025-02-04,East,Meta,3847,96715,249,14074,900000,0.575,5707
2025-02-04,East,YouTube,3046,64418,218,12581,900000,0.575,5707
2025-02-04,East,TV,5609,132029,251,12184,900000,0.575,5707
2025-02-04,East,Paid Search,3364,30945,264,15960,900000,0.575,5707
2025-02-04,East,TikTok,1904,23997,199,10476,900000,0.575,5707
2025-02-05,North,Meta,6216,228158,457,22796,1800000,0.563,10220
2025-02-05,North,YouTube,2149,73402,334,20587,1800000,0.563,10220
2025-02-05,North,TV,5223,88640,383,20760,1800000,0.563,10220
2025-02-05,North,Paid Search,3079,93226,393,23408,1800000,0.563,10220
2025-02-05,North,TikTok,1578,56500,329,17033,1800000,0.563,10220
2025-02-05,South,Meta,3489,51513,286,15757,1200000,0.57,9519
2025-02-05,South,YouTube,4391,139240,299,14920,1200000,0.57,9519
2025-02-05,South,TV,7487,267661,336,20132,1200000,0.57,9519
2025-02-05,South,Paid Search,3896,95408,331,19963,1200000,0.57,9519
2025-02-05,South,TikTok,1691,30363,239,11569,1200000,0.57,9519
2025-02-05,East,Meta,5904,94368,308,14916,900000,0.561,10831
2025-02-05,East,YouTube,3366,125811,226,12026,900000,0.561,10831
2025-02-05,East,TV,7215,120976,284,15994,900000,0.561,10831
2025-02-05,East,Paid Search,3902,94288,284,14338,900000,0.561,10831
2025-02-05,East,TikTok,2577,30831,220,13241,900000,0.561,10831
2025-02-06,North,Meta,3405,124704,377,21513,1800000,0.578,7448
2025-02-06,North,YouTube,4190,125881,387,22248,1800000,0.578,7448
2025-02-06,North,TV,5144,104784,382,19775,1800000,0.578,7448
2025-02-06,North,Paid Search,2268,59676,364,19559,1800000,0.578,7448
2025-02-06,North,TikTok,3196,113226,380,18347,1800000,0.578,7448
2025-02-06,South,Meta,2829,105150,267,14400,1200000,0.586,10373
2025-02-06,South,YouTube,3906,106386,287,15289,1200000,0.586,10373
2025-02-06,South,TV,3769,60592,262,13855,1200000,0.586,10373
2025-02-06,South,Paid Search,3864,68681,330,17004,1200000,0.586,10373
2025-02-06,South,TikTok,3200,91417,287,15651,1200000,0.586,10373
2025-02-06,East,Meta,4276,48208,262,12810,900000,0.582,10770
2025-02-06,East,YouTube,3527,102972,230,14223,900000,0.582,10770
2025-02-06,East,TV,7918,158165,298,16977,900000,0.582,10770
2025-02-06,East,Paid Search,3472,95444,269,16156,900000,0.582,10770
2025-02-06,East,TikTok,1954,22392,201,10383,900000,0.582,10770
2025-02-07,North,Meta,3917,50129,392,22413,1800000,0.584,11247
2025-02-07,North,YouTube,4245,156173,389,24104,1800000,0.584,11247
2025-02-07,North,TV,7745,260818,435,22460,1800000,0.584,11247
2025-02-07,North,Paid Search,3361,97929,405,21813,1800000,0.584,11247
2025-02-07,North,TikTok,2672,83049,364,19451,1800000,0.584,11247
2025-02-07,South,Meta,4937,69500,328,19604,1200000,0.557,9956
2025-02-07,South,YouTube,4136,62518,293,17659,1200000,0.557,9956
2025-02-07,South,TV,6397,211848,315,15919,1200000,0.557,9956
2025-02-07,South,Paid Search,4124,121657,340,16785,1200000,0.557,9956
2025-02-07,South,TikTok,2348,82305,261,12996,1200000,0.557,9956
2025-02-07,East,Meta,5650,78299,301,15546,900000,0.566,10658
2025-02-07,East,YouTube,4004,75036,243,12664,900000,0.566,10658
2025-02-07,East,TV,4179,80943,224,13421,900000,0.566,10658
2025-02-07,East,Paid Search,3720,66315,278,15175,900000,0.566,10658
2025-02-07,East,TikTok,2872,53425,230,13830,900000,0.566,10658
2025-02-08,North,Meta,3073,112047,368,19772,1800000,0.58,11610
2025-02-08,North,YouTube,3509,125482,371,20765,1800000,0.58,11610
2025-02-08,North,TV,5646,99073,394,23913,1800000,0.58,11610
2025-02-08,North,Paid Search,2006,70883,355,19314,1800000,0.58,11610
2025-02-08,North,TikTok,1660,23920,333,17459,1800000,0.58,11610
2025-02-08,South,Meta,4630,130534,319,18722,1200000,0.585,10453
2025-02-08,South,YouTube,2601,73619,254,12505,1200000,0.585,10453
2025-02-08,South,TV,3765,63075,262,14830,1200000,0.585,10453
2025-02-08,South,Paid Search,3769,50487,327,18596,1200000,0.585,10453
2025-02-08,South,TikTok,2833,67047,276,14807,1200000,0.585,10453
2025-02-08,East,Meta,2947,42382,225,12985,900000,0.595,7683
2025-02-08,East,YouTube,3152,26636,221,11673,900000,0.595,7683
2025-02-08,East,TV,5349,185414,247,12302,900000,0.595,7683
2025-02-08,East,Paid Search,2346,69573,227,12115,900000,0.595,7683
2025-02-08,East,TikTok,2575,41103,221,12429,900000,0.595,7683
2025-02-09,North,Meta,3929,67997,393,19901,1800000,0.564,10767
2025-02-09,North,YouTube,4155,112533,388,23774,1800000,0.564,10767
2025-02-09,North,TV,5437,197989,390,23733,1800000,0.564,10767
2025-02-09,North,Paid Search,4362,82736,443,23766,1800000,0.564,10767
2025-02-09,North,TikTok,3095,60340,378,19353,1800000,0.564,10767
2025-02-09,South,Meta,5563,149479,346,21426,1200000,0.586,5918
2025-02-09,South,YouTube,2584,50985,254,14546,1200000,0.586,5918
2025-02-09,South,TV,7000,64369,327,18688,1200000,0.586,5918
2025-02-09,South,Paid Search,4065,65793,338,16317,1200000,0.586,5918
2025-02-09,South,TikTok,2408,23008,263,15164,1200000,0.586,5918
2025-02-09,East,Meta,4863,112728,280,13978,900000,0.574,7662
2025-02-09,East,YouTube,2539,76795,206,12284,900000,0.574,7662
2025-02-09,East,TV,6899,121669,279,13802,900000,0.574,7662
2025-02-09,East,Paid Search,3528,103016,272,15793,900000,0.574,7662
2025-02-09,East,TikTok,1912,52351,201,9979,900000,0.574,7662
2025-02-10,North,Meta,3563,51279,383,23387,1800000,0.562,5744
2025-02-10,North,YouTube,2853,70585,355,18683,1800000,0.562,5744
2025-02-10,North,TV,4765,145380,377,18110,1800000,0.562,5744
2025-02-10,North,Paid Search,2617,24236,379,21756,1800000,0.562,5744
2025-02-10,North,TikTok,2340,34272,355,21547,1800000,0.562,5744
2025-02-10,South,Meta,3377,36751,284,14029,1200000,0.591,9683
2025-02-10,South,YouTube,3554,110721,279,14074,1200000,0.591,9683
2025-02-10,South,TV,4263,69012,273,13255,1200000,0.591,9683
2025-02-10,South,Paid Search,2456,97349,279,14527,1200000,0.591,9683
2025-02-10,South,TikTok,1964,44891,249,14746,1200000,0.591,9683
2025-02-10,East,Meta,3173,102369,231,11389,900000,0.57,10170
2025-02-10,East,YouTube,2242,79062,198,11763,900000,0.57,10170
2025-02-10,East,TV,7077,95231,282,14258,900000,0.57,10170
2025-02-10,East,Paid Search,2773,61025,244,13081,900000,0.57,10170
2025-02-10,East,TikTok,2576,93022,222,13647,900000,0.57,10170
2025-02-11,North,Meta,6022,202320,454,25547,1800000,0.569,7700
2025-02-11,North,YouTube,3947,132229,384,22745,1800000,0.569,7700
2025-02-11,North,TV,4329,131071,369,21217,1800000,0.569,7700
2025-02-11,North,Paid Search,2028,77386,357,18042,1800000,0.569,7700
2025-02-11,North,TikTok,1711,36466,336,17914,1800000,0.569,7700
2025-02-11,South,Meta,5397,187995,342,19789,1200000,0.573,5202
2025-02-11,South,YouTube,4863,59236,313,17995,1200000,0.573,5202
2025-02-11,South,TV,8379,97314,356,20913,1200000,0.573,5202
2025-02-11,South,Paid Search,2913,27589,296,16598,1200000,0.573,5202
2025-02-11,South,TikTok,1903,34360,248,13866,1200000,0.573,5202
2025-02-11,East,Meta,4094,101283,258,14401,900000,0.597,9689
2025-02-11,East,YouTube,4093,45218,246,15210,900000,0.597,9689
2025-02-11,East,TV,7081,112974,283,13800,900000,0.597,9689
2025-02-11,East,Paid Search,2748,81455,243,13853,900000,0.597,9689
2025-02-11,East,TikTok,2135,74403,208,10441,900000,0.597,9689
2025-02-12,North,Meta,6103,63445,457,24873,1800000,0.593,10963
2025-02-12,North,YouTube,3510,55137,373,22088,1800000,0.593,10963
2025-02-12,North,TV,8644,83079,456,24749,1800000,0.593,10963
2025-02-12,North,Paid Search,2444,69865,373,22377,1800000,0.593,10963
2025-02-12,North,TikTok,2173,33725,351,19045,1800000,0.593,10963
2025-02-12,South,Meta,5289,59684,340,17305,1200000,0.564,8482
2025-02-12,South,YouTube,3286,84871,273,15670,1200000,0.564,8482
2025-02-12,South,TV,3770,41126,264,16185,1200000,0.564,8482
2025-02-12,South,Paid Search,3403,94638,315,16722,1200000,0.564,8482
2025-02-12,South,TikTok,1987,48218,251,12239,1200000,0.564,8482
2025-02-12,East,Meta,4938,137436,282,17344,900000,0.568,8181
2025-02-12,East,YouTube,3457,100354,230,11980,900000,0.568,8181
2025-02-12,East,TV,7366,85805,289,15984,900000,0.568,8181
2025-02-12,East,Paid Search,3792,57244,282,16308,900000,0.568,8181
2025-02-12,East,TikTok,2057,71082,206,10020,900000,0.568,8181
2025-02-13,North,Meta,5538,172176,441,21833,1800000,0.566,5983
2025-02-13,North,YouTube,2427,66857,346,18616,1800000,0.566,5983
2025-02-13,North,TV,4720,178260,378,23048,1800000,0.566,5983
2025-02-13,North,Paid Search,2877,65093,390,23293,1800000,0.566,5983
2025-02-13,North,TikTok,2891,89439,374,21035,1800000,0.566,5983
2025-02-13,South,Meta,5318,205265,341,20766,1200000,0.59,8154
2025-02-13,South,YouTube,2505,60026,253,12772,1200000,0.59,8154
2025-02-13,South,TV,6445,61577,318,17840,1200000,0.59,8154
2025-02-13,South,Paid Search,4242,147800,346,20147,1200000,0.59,8154
2025-02-13,South,TikTok,2327,56469,262,13047,1200000,0.59,8154
2025-02-13,East,Meta,6164,148747,318,15858,900000,0.575,9204
2025-02-13,East,YouTube,3213,126412,224,12046,900000,0.575,9204
2025-02-13,East,TV,8386,271673,309,17860,900000,0.575,9204
2025-02-13,East,Paid Search,2576,100039,237,13859,900000,0.575,9204
2025-02-13,East,TikTok,3248,73051,244,12733,900000,0.575,9204
2025-02-14,North,Meta,5529,209750,442,27146,1800000,0.588,11025
2025-02-14,North,YouTube,3922,56588,384,21141,1800000,0.588,11025
2025-02-14,North,TV,6929,119862,422,24358,1800000,0.588,11025
2025-02-14,North,Paid Search,2762,81523,386,20270,1800000,0.588,11025
2025-02-14,North,TikTok,3274,94300,387,19201,1800000,0.588,11025
2025-02-14,South,Meta,4995,146598,332,16611,1200000,0.574,8363
2025-02-14,South,YouTube,3311,105726,274,15723,1200000,0.574,8363
2025-02-14,South,TV,8025,137626,350,17780,1200000,0.574,8363
2025-02-14,South,Paid Search,4027,136377,339,19832,1200000,0.574,8363
2025-02-14,South,TikTok,2407,21203,265,13317,1200000,0.574,8363
2025-02-14,East,Meta,6011,180925,314,18336,900000,0.571,6754
2025-02-14,East,YouTube,2964,95189,218,12177,900000,0.571,6754
2025-02-14,East,TV,3945,134323,221,11343,900000,0.571,6754
2025-02-14,East,Paid Search,2149,76885,222,13094,900000,0.571,6754
2025-02-14,East,TikTok,2817,100496,230,13612,900000,0.571,6754
2025-02-15,North,Meta,6351,129572,466,28045,1800000,0.571,9651
2025-02-15,North,YouTube,4849,190208,409,24384,1800000,0.571,9651
2025-02-15,North,TV,5368,137786,391,23757,1800000,0.571,9651
2025-02-15,North,Paid Search,1927,30915,356,20600,1800000,0.571,9651
2025-02-15,North,TikTok,2596,85641,366,20886,1800000,0.571,9651
2025-02-15,South,Meta,5127,168354,336,18144,1200000,0.59,8826
2025-02-15,South,YouTube,4871,84822,315,17575,1200000,0.59,8826
2025-02-15,South,TV,4684,139794,283,14099,1200000,0.59,8826
2025-02-15,South,Paid Search,2366,32086,277,15561,1200000,0.59,8826
2025-02-15,South,TikTok,2394,48048,265,13666,1200000,0.59,8826
2025-02-15,East,Meta,3428,44285,240,14154,900000,0.573,9968
2025-02-15,East,YouTube,3048,29344,220,11539,900000,0.573,9968
2025-02-15,East,TV,8498,235390,312,15937,900000,0.573,9968
2025-02-15,East,Paid Search,3566,84506,275,13908,900000,0.573,9968
2025-02-15,East,TikTok,2505,48744,221,10819,900000,0.573,9968
2025-02-16,North,Meta,4884,53442,424,25241,1800000,0.58,7912
2025-02-16,North,YouTube,2764,40983,356,21978,1800000,0.58,7912
2025-02-16,North,TV,5474,106992,394,18961,1800000,0.58,7912
2025-02-16,North,Paid Search,2450,78608,376,21569,1800000,0.58,7912
2025-02-16,North,TikTok,2429,96898,361,19580,1800000,0.58,7912
2025-02-16,South,Meta,5203,201276,338,20114,1200000,0.596,9296
2025-02-16,South,YouTube,4077,74487,295,15709,1200000,0.596,9296
2025-02-16,South,TV,8429,322322,358,21208,1200000,0.596,9296
2025-02-16,South,Paid Search,2873,72651,296,16054,1200000,0.596,9296
2025-02-16,South,TikTok,1960,72839,251,12202,1200000,0.596,9296
2025-02-16,East,Meta,4796,183892,279,15049,900000,0.596,6348
2025-02-16,East,YouTube,2611,100787,209,10336,900000,0.596,6348
2025-02-16,East,TV,6516,53657,273,15159,900000,0.596,6348
2025-02-16,East,Paid Search,2063,60757,219,12667,900000,0.596,6348
2025-02-16,East,TikTok,2891,103146,233,14368,900000,0.596,6348
2025-02-17,North,Meta,6422,204865,469,24007,1800000,0.591,9526
2025-02-17,North,YouTube,2576,58463,351,18119,1800000,0.591,9526
2025-02-17,North,TV,5482,59209,395,21106,1800000,0.591,9526
2025-02-17,North,Paid Search,2038,68100,361,20513,1800000,0.591,9526
2025-02-17,North,TikTok,2486,65627,363,19625,1800000,0.591,9526
2025-02-17,South,Meta,4883,139290,330,17232,1200000,0.561,9713
2025-02-17,South,YouTube,3901,125576,290,14271,1200000,0.561,9713
2025-02-17,South,TV,6768,205938,325,19082,1200000,0.561,9713
2025-02-17,South,Paid Search,2084,78562,267,14452,1200000,0.561,9713
2025-02-17,South,TikTok,1627,53985,241,12901,1200000,0.561,9713
2025-02-17,East,Meta,4878,60313,282,16415,900000,0.586,8318
2025-02-17,East,YouTube,3252,109005,226,12029,900000,0.586,8318
2025-02-17,East,TV,6566,254264,274,16794,900000,0.586,8318
2025-02-17,East,Paid Search,2265,67210,227,12655,900000,0.586,8318
2025-02-17,East,TikTok,3163,105772,242,13497,900000,0.586,8318
2025-02-18,North,Meta,5126,129118,432,21709,1800000,0.565,5035
2025-02-18,North,YouTube,4845,85999,410,20947,1800000,0.565,5035
2025-02-18,North,TV,7605,280727,438,26143,1800000,0.565,5035
2025-02-18,North,Paid Search,2776,58865,389,19730,1800000,0.565,5035
2025-02-18,North,TikTok,2657,64835,369,18649,1800000,0.565,5035
2025-02-18,South,Meta,6096,230647,365,19211,1200000,0.592,10966
2025-02-18,South,YouTube,4980,113347,318,15835,1200000,0.592,10966
2025-02-18,South,TV,6597,114134,322,18411,1200000,0.592,10966
2025-02-18,South,Paid Search,2074,23109,267,13190,1200000,0.592,10966
2025-02-18,South,TikTok,2809,66265,279,15812,1200000,0.592,10966
2025-02-18,East,Meta,4571,126722,273,13951,900000,0.596,7225
2025-02-18,East,YouTube,3014,80454,220,12839,900000,0.596,7225
2025-02-18,East,TV,6677,131295,276,14933,900000,0.596,7225
2025-02-18,East,Paid Search,2706,58736,243,14522,900000,0.596,7225
2025-02-18,East,TikTok,1437,22816,188,9377,900000,0.596,7225
2025-02-19,North,Meta,4624,90074,418,21604,1800000,0.589,11145
2025-02-19,North,YouTube,3018,77422,364,21989,1800000,0.589,11145
2025-02-19,North,TV,4706,129001,380,18647,1800000,0.589,11145
2025-02-19,North,Paid Search,4046,143547,436,21388,1800000,0.589,11145
2025-02-19,North,TikTok,1697,42825,339,16360,1800000,0.589,11145
2025-02-19,South,Meta,5078,106457,336,17178,1200000,0.58,5218
2025-02-19,South,YouTube,3832,141791,289,16996,1200000,0.58,5218
2025-02-19,South,TV,6617,168012,323,18820,1200000,0.58,5218
2025-02-19,South,Paid Search,4445,102712,356,18538,1200000,0.58,5218
2025-02-19,South,TikTok,2908,57306,282,15371,1200000,0.58,5218
2025-02-19,East,Meta,4774,139428,279,15968,900000,0.58,7777
2025-02-19,East,YouTube,4570,154508,260,16003,900000,0.58,7777
2025-02-19,East,TV,6934,92271,282,16441,900000,0.58,7777
2025-02-19,East,Paid Search,3213,71583,262,14349,900000,0.58,7777
2025-02-19,East,TikTok,1771,67933,199,10552,900000,0.58,7777
2025-02-20,North,Meta,3104,61527,375,19701,1800000,0.568,8413
2025-02-20,North,YouTube,2271,33195,345,19959,1800000,0.568,8413
2025-02-20,North,TV,8440,165087,455,25161,1800000,0.568,8413
2025-02-20,North,Paid Search,3105,70013,402,23965,1800000,0.568,8413
2025-02-20,North,TikTok,1521,59895,334,19936,1800000,0.568,8413
2025-02-20,South,Meta,3528,102021,292,17563,1200000,0.57,8810
2025-02-20,South,YouTube,3194,92328,273,14965,1200000,0.57,8810
2025-02-20,South,TV,8072,198032,352,19272,1200000,0.57,8810
2025-02-20,South,Paid Search,2867,106170,297,16768,1200000,0.57,8810
2025-02-20,South,TikTok,2418,46650,267,14692,1200000,0.57,8810
2025-02-20,East,Meta,3158,90291,233,12755,900000,0.565,6159
2025-02-20,East,YouTube,2754,38504,214,11707,900000,0.565,6159
2025-02-20,East,TV,5663,175291,256,13043,900000,0.565,6159
2025-02-20,East,Paid Search,2211,33985,225,11308,900000,0.565,6159
2025-02-20,East,TikTok,2981,92555,237,14141,900000,0.565,6159
2025-02-21,North,Meta,5061,66583,431,24089,1800000,0.56,5302
2025-02-21,North,YouTube,3957,36619,389,18773,1800000,0.56,5302
2025-02-21,North,TV,6742,65999,422,24507,1800000,0.56,5302
2025-02-21,North,Paid Search,2571,35380,382,21875,1800000,0.56,5302
2025-02-21,North,TikTok,3266,88768,389,20216,1800000,0.56,5302
2025-02-21,South,Meta,6665,238298,382,22209,1200000,0.563,8144
2025-02-21,South,YouTube,2640,91269,259,13675,1200000,0.563,8144
2025-02-21,South,TV,6888,230250,329,17881,1200000,0.563,8144
2025-02-21,South,Paid Search,4004,55336,340,19131,1200000,0.563,8144
2025-02-21,South,TikTok,2695,44372,276,14136,1200000,0.563,8144
2025-02-21,East,Meta,3642,129316,247,13597,900000,0.575,5760
2025-02-21,East,YouTube,3598,77118,236,11716,900000,0.575,5760
2025-02-21,East,TV,4587,50831,235,12867,900000,0.575,5760
2025-02-21,East,Paid Search,3125,86475,259,12905,900000,0.575,5760
2025-02-21,East,TikTok,1509,49923,191,10782,900000,0.575,5760
2025-02-22,North,Meta,5840,168048,454,25536,1800000,0.592,11279
2025-02-22,North,YouTube,3654,72539,381,22243,1800000,0.592,11279
2025-02-22,North,TV,4052,101114,368,21587,1800000,0.592,11279
2025-02-22,North,Paid Search,2501,84218,380,21946,1800000,0.592,11279
2025-02-22,North,TikTok,2948,59548,380,18760,1800000,0.592,11279
2025-02-22,South,Meta,3763,133548,299,14382,1200000,0.564,8340
2025-02-22,South,YouTube,2968,107016,268,15320,1200000,0.564,8340
2025-02-22,South,TV,5917,83126,310,17865,1200000,0.564,8340
2025-02-22,South,Paid Search,3726,123932,330,17299,1200000,0.564,8340
2025-02-22,South,TikTok,2543,29932,271,14382,1200000,0.564,8340
2025-02-22,East,Meta,3844,135921,253,13455,900000,0.565,9561
2025-02-22,East,YouTube,3371,66411,230,12827,900000,0.565,9561
2025-02-22,East,TV,5237,155955,248,12785,900000,0.565,9561
2025-02-22,East,Paid Search,3843,81561,286,14956,900000,0.565,9561
2025-02-22,East,TikTok,2937,68840,236,12466,900000,0.565,9561
2025-02-23,North,Meta,6156,179121,464,26800,1800000,0.587,10150
2025-02-23,North,YouTube,4308,96030,398,23042,1800000,0.587,10150
2025-02-23,North,TV,7411,97658,436,21909,1800000,0.587,10150
2025-02-23,North,Paid Search,2466,51337,379,23310,1800000,0.587,10150
2025-02-23,North,TikTok,2087,53466,353,16970,1800000,0.587,10150
2025-02-23,South,Meta,6428,140979,375,21736,1200000,0.562,6017
2025-02-23,South,YouTube,2342,35356,252,14204,1200000,0.562,6017
2025-02-23,South,TV,4245,39089,277,16963,1200000,0.562,6017
2025-02-23,South,Paid Search,2900,114557,299,17785,1200000,0.562,6017
2025-02-23,South,TikTok,2616,64542,274,15608,1200000,0.562,6017
2025-02-23,East,Meta,5396,181981,298,14305,900000,0.576,6412
2025-02-23,East,YouTube,2980,27045,220,11045,900000,0.576,6412
2025-02-23,East,TV,6901,169116,282,17471,900000,0.576,6412
2025-02-23,East,Paid Search,2510,33693,237,13963,900000,0.576,6412
2025-02-23,East,TikTok,1507,23594,191,10112,900000,0.576,6412
2025-02-24,North,Meta,4869,153771,427,24121,1800000,0.574,9103
2025-02-24,North,YouTube,2358,25668,349,17702,1800000,0.574,9103
2025-02-24,North,TV,5298,183059,394,24040,1800000,0.574,9103
2025-02-24,North,Paid Search,4263,81590,446,24998,1800000,0.574,9103
2025-02-24,North,TikTok,3290,55431,391,20197,1800000,0.574,9103
2025-02-24,South,Meta,3159,55017,282,15759,1200000,0.574,5745
2025-02-24,South,YouTube,4888,164697,318,18692,1200000,0.574,5745
2025-02-24,South,TV,8740,314951,367,21508,1200000,0.574,5745
2025-02-24,South,Paid Search,4002,105639,341,20957,1200000,0.574,5745
2025-02-24,South,TikTok,2773,107908,279,15184,1200000,0.574,5745
2025-02-24,East,Meta,2986,34998,229,11023,900000,0.576,9108
2025-02-24,East,YouTube,2355,66593,205,12228,900000,0.576,9108
2025-02-24,East,TV,8932,264934,323,16627,900000,0.576,9108
2025-02-24,East,Paid Search,2509,45421,237,11685,900000,0.576,9108
2025-02-24,East,TikTok,3275,80330,247,14186,900000,0.576,9108
2025-02-25,North,Meta,6467,150356,473,27574,1800000,0.59,5532
2025-02-25,North,YouTube,3183,116555,370,22281,1800000,0.59,5532
2025-02-25,North,TV,5226,200196,393,20002,1800000,0.59,5532
2025-02-25,North,Paid Search,3674,136370,425,21606,1800000,0.59,5532
2025-02-25,North,TikTok,2402,34563,364,18744,1800000,0.59,5532
2025-02-25,South,Meta,3295,123385,286,15699,1200000,0.582,6092
2025-02-25,South,YouTube,4113,120221,298,18415,1200000,0.582,6092
2025-02-25,South,TV,6994,226996,332,20105,1200000,0.582,6092
2025-02-25,South,Paid Search,3311,30966,315,18951,1200000,0.582,6092
2025-02-25,South,TikTok,2370,66031,267,14651,1200000,0.582,6092
2025-02-25,East,Meta,3962,59854,257,12965,900000,0.597,11412
2025-02-25,East,YouTube,3827,37247,243,14986,900000,0.597,11412
2025-02-25,East,TV,7945,185168,303,17506,900000,0.597,11412
2025-02-25,East,Paid Search,3309,79678,267,14536,900000,0.597,11412
2025-02-25,East,TikTok,2199,65888,213,12279,900000,0.597,11412
2025-02-26,North,Meta,5126,94390,435,22162,1800000,0.557,6475
2025-02-26,North,YouTube,3936,64198,390,22546,1800000,0.557,6475
2025-02-26,North,TV,6668,103944,422,22456,1800000,0.557,6475
2025-02-26,North,Paid Search,3136,86612,405,24284,1800000,0.557,6475
2025-02-26,North,TikTok,2149,51491,356,18482,1800000,0.557,6475
2025-02-26,South,Meta,5106,78194,338,20036,1200000,0.564,5918
2025-02-26,South,YouTube,2455,40847,256,12921,1200000,0.564,5918
2025-02-26,South,TV,5062,110509,294,16168,1200000,0.564,5918
2025-02-26,South,Paid Search,2903,36772,300,18581,1200000,0.564,5918
2025-02-26,South,TikTok,3291,42077,296,17728,1200000,0.564,5918
2025-02-26,East,Meta,5913,104075,313,16995,900000,0.577,10044
2025-02-26,East,YouTube,3790,99187,242,12750,900000,0.577,10044
2025-02-26,East,TV,5897,177484,262,13900,900000,0.577,10044
2025-02-26,East,Paid Search,2080,70808,222,12398,900000,0.577,10044
2025-02-26,East,TikTok,2362,66504,219,13369,900000,0.577,10044
2025-02-27,North,Meta,3360,120139,385,21108,1800000,0.566,5139
2025-02-27,North,YouTube,4954,71172,417,24316,1800000,0.566,5139
2025-02-27,North,TV,6817,196140,426,25754,1800000,0.566,5139
2025-02-27,North,Paid Search,2377,78369,377,20107,1800000,0.566,5139
2025-02-27,North,TikTok,2131,62954,356,18516,1800000,0.566,5139
2025-02-27,South,Meta,3538,119751,294,15311,1200000,0.581,6014
2025-02-27,South,YouTube,3145,88691,274,14178,1200000,0.581,6014
2025-02-27,South,TV,6795,238945,329,18761,1200000,0.581,6014
2025-02-27,South,Paid Search,2111,27831,271,14037,1200000,0.581,6014
2025-02-27,South,TikTok,1886,34212,252,13666,1200000,0.581,6014
2025-02-27,East,Meta,5155,200513,292,14698,900000,0.59,7542
2025-02-27,East,YouTube,3366,46735,231,11421,900000,0.59,7542
2025-02-27,East,TV,3975,124373,224,10952,900000,0.59,7542
2025-02-27,East,Paid Search,3630,138281,279,16824,900000,0.59,7542
2025-02-27,East,TikTok,2797,29542,233,12973,900000,0.59,7542
2025-02-28,North,Meta,5849,62374,457,22776,1800000,0.556,7779
2025-02-28,North,YouTube,2932,38024,365,21805,1800000,0.556,7779
2025-02-28,North,TV,7232,262775,434,21006,1800000,0.556,7779
2025-02-28,North,Paid Search,2727,43405,391,22400,1800000,0.556,7779
2025-02-28,North,TikTok,1996,55983,352,21136,1800000,0.556,7779
2025-02-28,South,Meta,6660,168489,383,21408,1200000,0.568,8333
2025-02-28,South,YouTube,2961,65838,269,14883,1200000,0.568,8333
2025-02-28,South,TV,8852,268427,370,21073,1200000,0.568,8333
2025-02-28,South,Paid Search,2386,64715,282,14759,1200000,0.568,8333
2025-02-28,South,TikTok,2666,75574,277,14642,1200000,0.568,8333
2025-02-28,East,Meta,4602,90683,276,16811,900000,0.576,10633
2025-02-28,East,YouTube,2924,51797,220,13477,900000,0.576,10633
2025-02-28,East,TV,3861,131630,222,12139,900000,0.576,10633
2025-02-28,East,Paid Search,4113,78165,298,14342,900000,0.576,10633
2025-02-28,East,TikTok,2354,19459,219,11832,900000,0.576,10633
2025-03-01,North,Meta,2927,58413,374,20163,1800000,0.566,6619
2025-03-01,North,YouTube,3368,87358,377,19360,1800000,0.566,6619
2025-03-01,North,TV,5900,78025,408,23951,1800000,0.566,6619
2025-03-01,North,Paid Search,3832,78445,432,26239,1800000,0.566,6619
2025-03-01,North,TikTok,2181,35802,358,21232,1800000,0.566,6619
2025-03-01,South,Meta,5771,195532,358,18125,1200000,0.581,6993
2025-03-01,South,YouTube,3372,119070,280,13516,1200000,0.581,6993
2025-03-01,South,TV,4806,82985,289,14073,1200000,0.581,6993
2025-03-01,South,Paid Search,3574,99240,326,18090,1200000,0.581,6993
2025-03-01,South,TikTok,1976,55186,255,12904,1200000,0.581,6993
2025-03-01,East,Meta,5664,177099,307,18138,900000,0.558,6884
2025-03-01,East,YouTube,2849,36530,218,11472,900000,0.558,6884
2025-03-01,East,TV,6410,121413,273,16328,900000,0.558,6884
2025-03-01,East,Paid Search,2736,91883,247,15147,900000,0.558,6884
2025-03-01,East,TikTok,3378,77146,251,12245,900000,0.558,6884
2025-03-02,North,Meta,4722,66817,425,24789,1800000,0.584,5500
2025-03-02,North,YouTube,4620,157782,409,19824,1800000,0.584,5500
2025-03-02,North,TV,8144,96936,453,24667,1800000,0.584,5500
2025-03-02,North,Paid Search,3917,62542,436,25634,1800000,0.584,5500
2025-03-02,North,TikTok,2944,65282,383,21178,1800000,0.584,5500
2025-03-02,South,Meta,5540,99651,352,21270,1200000,0.592,8310
2025-03-02,South,YouTube,3115,87635,274,16465,1200000,0.592,8310
2025-03-02,South,TV,4088,155334,275,14038,1200000,0.592,8310
2025-03-02,South,Paid Search,3279,52812,315,15618,1200000,0.592,8310
2025-03-02,South,TikTok,2687,38583,278,15807,1200000,0.592,8310
2025-03-02,East,Meta,3971,46972,259,13004,900000,0.566,6172
2025-03-02,East,YouTube,4468,37021,260,12813,900000,0.566,6172
2025-03-02,East,TV,4087,135162,227,12862,900000,0.566,6172
2025-03-02,East,Paid Search,3161,85596,263,16051,900000,0.566,6172
2025-03-02,East,TikTok,2170,23573,213,13197,900000,0.566,6172
2025-03-03,North,Meta,5404,164511,445,22562,1800000,0.577,5418
2025-03-03,North,YouTube,4480,53879,406,23406,1800000,0.577,5418
2025-03-03,North,TV,5077,200103,392,20782,1800000,0.577,5418
2025-03-03,North,Paid Search,3974,128020,438,21850,1800000,0.577,5418
2025-03-03,North,TikTok,3014,66426,385,23324,1800000,0.577,5418
2025-03-03,South,Meta,4048,122675,309,15130,1200000,0.571,8063
2025-03-03,South,YouTube,2731,38158,264,13245,1200000,0.571,8063
2025-03-03,South,TV,5671,178279,307,16007,1200000,0.571,8063
2025-03-03,South,Paid Search,2649,91664,292,15093,1200000,0.571,8063
2025-03-03,South,TikTok,3225,83026,295,15676,1200000,0.571,8063
2025-03-03,East,Meta,4375,60975,270,14941,900000,0.552,9466
2025-03-03,East,YouTube,2234,79125,203,11158,900000,0.552,9466
2025-03-03,East,TV,7884,123315,303,16883,900000,0.552,9466
2025-03-03,East,Paid Search,3800,110448,286,16183,900000,0.552,9466
2025-03-03,East,TikTok,2497,50938,224,11764,900000,0.552,9466
2025-03-04,North,Meta,4939,50051,432,24715,1800000,0.576,5773
2025-03-04,North,YouTube,4612,56049,410,22698,1800000,0.576,5773
2025-03-04,North,TV,8397,121475,459,26539,1800000,0.576,5773
2025-03-04,North,Paid Search,3195,35657,410,21149,1800000,0.576,5773
2025-03-04,North,TikTok,2562,89059,371,19711,1800000,0.576,5773
2025-03-04,South,Meta,6518,95682,380,20203,1200000,0.575,5496
2025-03-04,South,YouTube,3612,131739,287,16622,1200000,0.575,5496
2025-03-04,South,TV,4293,144385,280,16669,1200000,0.575,5496
2025-03-04,South,Paid Search,2096,54196,272,14068,1200000,0.575,5496
2025-03-04,South,TikTok,3274,69771,297,14425,1200000,0.575,5496
2025-03-04,East,Meta,6573,254630,333,19477,900000,0.553,7127
2025-03-04,East,YouTube,2465,76922,209,11247,900000,0.553,7127
2025-03-04,East,TV,6629,93222,278,13755,900000,0.553,7127
2025-03-04,East,Paid Search,3300,52669,268,15260,900000,0.553,7127
2025-03-04,East,TikTok,2667,36604,229,12140,900000,0.553,7127
2025-03-05,North,Meta,6341,84576,472,29208,1800000,0.567,9657
2025-03-05,North,YouTube,2710,56503,361,18969,1800000,0.567,9657
2025-03-05,North,TV,5631,73550,404,21494,1800000,0.567,9657
2025-03-05,North,Paid Search,4526,100370,459,26943,1800000,0.567,9657
2025-03-05,North,TikTok,2140,38702,358,19342,1800000,0.567,9657
2025-03-05,South,Meta,5099,75698,340,19156,1200000,0.578,9259
2025-03-05,South,YouTube,4414,166128,308,17016,1200000,0.578,9259
2025-03-05,South,TV,5199,201580,298,18449,1200000,0.578,9259
2025-03-05,South,Paid Search,3100,64191,309,16138,1200000,0.578,9259
2025-03-05,South,TikTok,2866,113077,284,14826,1200000,0.578,9259
2025-03-05,East,Meta,2997,102803,231,11536,900000,0.558,10990
2025-03-05,East,YouTube,4193,70571,253,13444,900000,0.558,10990
2025-03-05,East,TV,6750,174166,281,15778,900000,0.558,10990
2025-03-05,East,Paid Search,4339,56194,307,15737,900000,0.558,10990
2025-03-05,East,TikTok,1529,29634,194,11515,900000,0.558,10990
2025-03-06,North,Meta,6484,204223,477,24902,1800000,0.551,7799
2025-03-06,North,YouTube,4296,143370,402,23409,1800000,0.551,7799
2025-03-06,North,TV,4783,164643,387,21698,1800000,0.551,7799
2025-03-06,North,Paid Search,3731,98646,430,21112,1800000,0.551,7799
2025-03-06,North,TikTok,3222,87147,393,19172,1800000,0.551,7799
2025-03-06,South,Meta,6092,129934,368,19234,1200000,0.579,7436
2025-03-06,South,YouTube,4717,169025,316,15350,1200000,0.579,7436
2025-03-06,South,TV,5062,146236,296,16445,1200000,0.579,7436
2025-03-06,South,Paid Search,3505,29322,325,16281,1200000,0.579,7436
2025-03-06,South,TikTok,2969,60091,288,15850,1200000,0.579,7436
2025-03-06,East,Meta,5759,118476,310,17360,900000,0.557,5354
2025-03-06,East,YouTube,3486,94276,235,11442,900000,0.557,5354
2025-03-06,East,TV,6503,98239,276,14790,900000,0.557,5354
2025-03-06,East,Paid Search,2695,55566,246,12101,900000,0.557,5354
2025-03-06,East,TikTok,1715,18250,200,11005,900000,0.557,5354
2025-03-07,North,Meta,3443,89165,390,20486,1800000,0.577,5913
2025-03-07,North,YouTube,3613,104314,385,23461,1800000,0.577,5913
2025-03-07,North,TV,4909,136038,390,19209,1800000,0.577,5913
2025-03-07,North,Paid Search,3854,61201,435,24971,1800000,0.577,5913
2025-03-07,North,TikTok,1599,52538,342,18444,1800000,0.577,5913
2025-03-07,South,Meta,5229,45882,344,17474,1200000,0.56,7245
2025-03-07,South,YouTube,3078,121904,274,14586,1200000,0.56,7245
2025-03-07,South,TV,7088,281288,336,19692,1200000,0.56,7245
2025-03-07,South,Paid Search,3093,39177,309,18521,1200000,0.56,7245
2025-03-07,South,TikTok,1547,52879,243,12046,1200000,0.56,7245
2025-03-07,East,Meta,6525,233595,332,16883,900000,0.548,11643
2025-03-07,East,YouTube,4582,38670,264,14606,900000,0.548,11643
2025-03-07,East,TV,7491,86603,296,15280,900000,0.548,11643
2025-03-07,East,Paid Search,3113,27170,262,14348,900000,0.548,11643
2025-03-07,East,TikTok,1866,47053,205,11935,900000,0.548,11643
2025-03-08,North,Meta,2993,79782,378,18188,1800000,0.55,9891
2025-03-08,North,YouTube,4129,38777,398,21270,1800000,0.55,9891
2025-03-08,North,TV,4780,81683,388,20098,1800000,0.55,9891
2025-03-08,North,Paid Search,3997,111016,441,26429,1800000,0.55,9891
2025-03-08,North,TikTok,1564,45281,341,19519,1800000,0.55,9891
2025-03-08,South,Meta,6300,181321,375,20628,1200000,0.579,5134
2025-03-08,South,YouTube,2866,57843,268,14582,1200000,0.579,5134
2025-03-08,South,TV,8967,100317,374,22802,1200000,0.579,5134
2025-03-08,South,Paid Search,2767,98884,298,14394,1200000,0.579,5134
2025-03-08,South,TikTok,2496,34858,273,14050,1200000,0.579,5134
2025-03-08,East,Meta,4454,58010,273,16462,900000,0.566,7335
2025-03-08,East,YouTube,3204,61713,228,13786,900000,0.566,7335
2025-03-08,East,TV,7142,111119,289,17169,900000,0.566,7335
2025-03-08,East,Paid Search,4488,107892,313,15153,900000,0.566,7335
2025-03-08,East,TikTok,3042,85253,242,13496,900000,0.566,7335
2025-03-09,North,Meta,6422,186378,476,29316,1800000,0.554,6062
2025-03-09,North,YouTube,2450,49565,355,21561,1800000,0.554,6062
2025-03-09,North,TV,8892,245405,470,24727,1800000,0.554,6062
2025-03-09,North,Paid Search,3575,54618,425,23626,1800000,0.554,6062
2025-03-09,North,TikTok,1931,24887,353,17966,1800000,0.554,6062
2025-03-09,South,Meta,6043,215148,368,22389,1200000,0.549,8789
2025-03-09,South,YouTube,3097,94658,275,14422,1200000,0.549,8789
2025-03-09,South,TV,6622,81637,327,18248,1200000,0.549,8789
2025-03-09,South,Paid Search,4537,177963,363,22245,1200000,0.549,8789
2025-03-09,South,TikTok,1745,66060,250,12414,1200000,0.549,8789
2025-03-09,East,Meta,5759,187132,311,18320,900000,0.556,11157
2025-03-09,East,YouTube,4767,101295,269,13314,900000,0.556,11157
2025-03-09,East,TV,6036,133855,267,13507,900000,0.556,11157
2025-03-09,East,Paid Search,4376,160215,309,18130,900000,0.556,11157
2025-03-09,East,TikTok,3281,54994,249,14085,900000,0.556,11157
2025-03-10,North,Meta,3828,59065,402,24092,1800000,0.552,8969
2025-03-10,North,YouTube,4207,82021,401,22007,1800000,0.552,8969
2025-03-10,North,TV,7483,173989,442,22067,1800000,0.552,8969
2025-03-10,North,Paid Search,3258,89109,414,20992,1800000,0.552,8969
2025-03-10,North,TikTok,2853,56965,382,18508,1800000,0.552,8969
2025-03-10,South,Meta,3980,84445,309,16237,1200000,0.572,5105
2025-03-10,South,YouTube,4368,173077,307,16703,1200000,0.572,5105
2025-03-10,South,TV,7845,79363,352,18112,1200000,0.572,5105
2025-03-10,South,Paid Search,4363,172513,357,19160,1200000,0.572,5105
2025-03-10,South,TikTok,3155,74705,294,14284,1200000,0.572,5105
2025-03-10,East,Meta,4148,114353,265,12877,900000,0.571,7663
2025-03-10,East,YouTube,4368,117944,259,16043,900000,0.571,7663
2025-03-10,East,TV,6635,239026,279,15418,900000,0.571,7663
2025-03-10,East,Paid Search,3998,98594,295,15794,900000,0.571,7663
2025-03-10,East,TikTok,2344,80784,220,12824,900000,0.571,7663
2025-03-11,North,Meta,5392,51642,447,24691,1800000,0.562,8613
2025-03-11,North,YouTube,3050,63249,371,18547,1800000,0.562,8613
2025-03-11,North,TV,5492,189385,403,24026,1800000,0.562,8613
2025-03-11,North,Paid Search,3154,67870,410,22273,1800000,0.562,8613
2025-03-11,North,TikTok,2662,25943,377,21910,1800000,0.562,8613
2025-03-11,South,Meta,6592,199577,384,19776,1200000,0.544,10451
2025-03-11,South,YouTube,2593,55059,262,15113,1200000,0.544,10451
2025-03-11,South,TV,6254,85831,320,19424,1200000,0.544,10451
2025-03-11,South,Paid Search,3490,107507,325,19224,1200000,0.544,10451
2025-03-11,South,TikTok,1859,41920,254,14747,1200000,0.544,10451
2025-03-11,East,Meta,4684,91873,280,17016,900000,0.545,5799
2025-03-11,East,YouTube,3731,75705,242,13532,900000,0.545,5799
2025-03-11,East,TV,8025,195596,307,17571,900000,0.545,5799
2025-03-11,East,Paid Search,4426,89041,311,15581,900000,0.545,5799
2025-03-11,East,TikTok,2208,71946,216,12995,900000,0.545,5799
2025-03-12,North,Meta,4572,81860,424,23075,1800000,0.545,9984
2025-03-12,North,YouTube,4452,99192,408,24470,1800000,0.545,9984
2025-03-12,North,TV,7174,84379,437,24301,1800000,0.545,9984
2025-03-12,North,Paid Search,2297,33286,378,18174,1800000,0.545,9984
2025-03-12,North,TikTok,2683,43195,377,22755,1800000,0.545,9984
2025-03-12,South,Meta,4791,101209,332,16625,1200000,0.547,9122
2025-03-12,South,YouTube,2432,66158,258,14744,1200000,0.547,9122
2025-03-12,South,TV,5184,132269,299,14506,1200000,0.547,9122
2025-03-12,South,Paid Search,3569,92229,328,19665,1200000,0.547,9122
2025-03-12,South,TikTok,3079,29452,292,16743,1200000,0.547,9122
2025-03-12,East,Meta,6529,62476,333,18107,900000,0.571,7089
2025-03-12,East,YouTube,3421,46881,235,13185,900000,0.571,7089
2025-03-12,East,TV,7412,204237,295,18007,900000,0.571,7089
2025-03-12,East,Paid Search,3756,101559,286,14101,900000,0.571,7089
2025-03-12,East,TikTok,3005,41101,241,12578,900000,0.571,7089
2025-03-13,North,Meta,3199,69336,385,21779,1800000,0.551,7653
2025-03-13,North,YouTube,3816,66286,392,19416,1800000,0.551,7653
2025-03-13,North,TV,4614,139471,386,22471,1800000,0.551,7653
2025-03-13,North,Paid Search,2672,66441,393,22325,1800000,0.551,7653
2025-03-13,North,TikTok,2493,75454,372,22997,1800000,0.551,7653
2025-03-13,South,Meta,6587,260588,384,21226,1200000,0.555,9821
2025-03-13,South,YouTube,3043,83631,274,15576,1200000,0.555,9821
2025-03-13,South,TV,5563,138032,307,16853,1200000,0.555,9821
2025-03-13,South,Paid Search,4551,87940,365,18439,1200000,0.555,9821
2025-03-13,South,TikTok,1721,44753,250,14133,1200000,0.555,9821
2025-03-13,East,Meta,2940,25777,231,13150,900000,0.564,11855
2025-03-13,East,YouTube,4036,47518,250,12040,900000,0.564,11855
2025-03-13,East,TV,8335,279940,313,15906,900000,0.564,11855
2025-03-13,East,Paid Search,4561,96918,316,16414,900000,0.564,11855
2025-03-13,East,TikTok,2120,54979,213,12580,900000,0.564,11855
2025-03-14,North,Meta,4204,34457,414,23770,1800000,0.546,8547
2025-03-14,North,YouTube,4216,79782,402,24452,1800000,0.546,8547
2025-03-14,North,TV,7696,213270,448,26504,1800000,0.546,8547
2025-03-14,North,Paid Search,2033,27690,369,21047,1800000,0.546,8547
2025-03-14,North,TikTok,2115,39792,360,19707,1800000,0.546,8547
2025-03-14,South,Meta,5038,94329,340,17311,1200000,0.559,11244
2025-03-14,South,YouTube,4504,95694,312,17970,1200000,0.559,11244
2025-03-14,South,TV,7791,270530,352,20836,1200000,0.559,11244
2025-03-14,South,Paid Search,2739,85454,297,17948,1200000,0.559,11244
2025-03-14,South,TikTok,2086,52459,261,13820,1200000,0.559,11244
2025-03-14,East,Meta,3058,120717,234,12262,900000,0.573,6963
2025-03-14,East,YouTube,4042,141296,251,12159,900000,0.573,6963
2025-03-14,East,TV,6895,141114,285,15331,900000,0.573,6963
2025-03-14,East,Paid Search,3511,125227,277,15224,900000,0.573,6963
2025-03-14,East,TikTok,2939,89841,239,12267,900000,0.573,6963
2025-03-15,North,Meta,3785,66897,402,20367,1800000,0.55,11655
2025-03-15,North,YouTube,2533,83888,359,21874,1800000,0.55,11655
2025-03-15,North,TV,7981,297111,453,26389,1800000,0.55,11655
2025-03-15,North,Paid Search,3118,27432,410,22686,1800000,0.55,11655
2025-03-15,North,TikTok,2415,57964,370,21777,1800000,0.55,11655
2025-03-15,South,Meta,6159,234145,372,21434,1200000,0.538,11103
2025-03-15,South,YouTube,4192,51339,304,17121,1200000,0.538,11103
2025-03-15,South,TV,7703,174856,350,17227,1200000,0.538,11103
2025-03-15,South,Paid Search,3823,94486,338,18433,1200000,0.538,11103
2025-03-15,South,TikTok,1477,55882,242,11772,1200000,0.538,11103
2025-03-15,East,Meta,4162,110218,266,13324,900000,0.553,9613
2025-03-15,East,YouTube,3121,114067,227,11766,900000,0.553,9613
2025-03-15,East,TV,5594,79219,259,12487,900000,0.553,9613
2025-03-15,East,Paid Search,2681,48828,246,13953,900000,0.553,9613
2025-03-15,East,TikTok,2333,27447,220,12143,900000,0.553,9613
2025-03-16,North,Meta,4189,52487,414,22600,1800000,0.538,7452
2025-03-16,North,YouTube,4276,72968,404,23213,1800000,0.538,7452
2025-03-16,North,TV,5200,53455,398,19694,1800000,0.538,7452
2025-03-16,North,Paid Search,3563,67126,426,20769,1800000,0.538,7452
2025-03-16,North,TikTok,2340,28460,368,19861,1800000,0.538,7452
2025-03-16,South,Meta,5264,182964,346,20269,1200000,0.537,9173
2025-03-16,South,YouTube,4262,118152,306,16683,1200000,0.537,9173
2025-03-16,South,TV,5554,189714,307,15302,1200000,0.537,9173
2025-03-16,South,Paid Search,3823,112656,338,20070,1200000,0.537,9173
2025-03-16,South,TikTok,2516,98521,275,16741,1200000,0.537,9173
2025-03-16,East,Meta,5624,172808,308,17652,900000,0.549,8189
2025-03-16,East,YouTube,3574,55090,239,14111,900000,0.549,8189
2025-03-16,East,TV,5090,180975,249,15028,900000,0.549,8189
2025-03-16,East,Paid Search,3573,132957,280,15217,900000,0.549,8189
2025-03-16,East,TikTok,2239,68038,217,10508,900000,0.549,8189
2025-03-17,North,Meta,4752,63989,430,25410,1800000,0.547,7460
2025-03-17,North,YouTube,4466,122110,409,22683,1800000,0.547,7460
2025-03-17,North,TV,4589,51827,386,20694,1800000,0.547,7460
2025-03-17,North,Paid Search,4100,137335,447,24043,1800000,0.547,7460
2025-03-17,North,TikTok,2110,60731,361,20466,1800000,0.547,7460
2025-03-17,South,Meta,4448,84080,323,15856,1200000,0.55,11817
2025-03-17,South,YouTube,4601,123818,314,19164,1200000,0.55,11817
2025-03-17,South,TV,8025,175999,357,20006,1200000,0.55,11817
2025-03-17,South,Paid Search,4020,102208,345,18910,1200000,0.55,11817
2025-03-17,South,TikTok,1934,56480,257,14467,1200000,0.55,11817
2025-03-17,East,Meta,6167,84103,323,15913,900000,0.546,8886
2025-03-17,East,YouTube,5019,51332,276,16405,900000,0.546,8886
2025-03-17,East,TV,4492,152953,237,14320,900000,0.546,8886
2025-03-17,East,Paid Search,3979,80078,295,17890,900000,0.546,8886
2025-03-17,East,TikTok,2441,71095,224,12747,900000,0.546,8886
2025-03-18,North,Meta,3530,88251,395,24177,1800000,0.526,6027
2025-03-18,North,YouTube,3356,88913,381,20607,1800000,0.526,6027
2025-03-18,North,TV,4949,147522,393,24270,1800000,0.526,6027
2025-03-18,North,Paid Search,2791,73261,398,21022,1800000,0.526,6027
2025-03-18,North,TikTok,3264,57922,397,19552,1800000,0.526,6027
2025-03-18,South,Meta,4530,54730,326,19599,1200000,0.526,11905
2025-03-18,South,YouTube,3074,60912,275,14106,1200000,0.526,11905
2025-03-18,South,TV,6798,65941,332,19200,1200000,0.526,11905
2025-03-18,South,Paid Search,3803,130306,338,18090,1200000,0.526,11905
2025-03-18,South,TikTok,2177,77414,265,13900,1200000,0.526,11905
2025-03-18,East,Meta,5084,148451,292,14565,900000,0.541,7671
2025-03-18,East,YouTube,3606,50568,240,11761,900000,0.541,7671
2025-03-18,East,TV,5938,223170,266,12826,900000,0.541,7671
2025-03-18,East,Paid Search,4161,53829,302,17546,900000,0.541,7671
2025-03-18,East,TikTok,3430,100986,255,13978,900000,0.541,7671
2025-03-19,North,Meta,3278,93593,388,21069,1800000,0.541,11932
2025-03-19,North,YouTube,3434,77584,383,20289,1800000,0.541,11932
2025-03-19,North,TV,8059,220347,456,23074,1800000,0.541,11932
2025-03-19,North,Paid Search,3078,42333,409,23094,1800000,0.541,11932
2025-03-19,North,TikTok,2473,63471,372,20866,1800000,0.541,11932
2025-03-19,South,Meta,4916,103958,337,16846,1200000,0.557,6657
2025-03-19,South,YouTube,3818,75379,295,17180,1200000,0.557,6657
2025-03-19,South,TV,9050,236936,377,23287,1200000,0.557,6657
2025-03-19,South,Paid Search,3809,44265,338,20879,1200000,0.557,6657
2025-03-19,South,TikTok,2418,72772,272,16022,1200000,0.557,6657
2025-03-19,East,Meta,6441,69758,331,17480,900000,0.542,5548
2025-03-19,East,YouTube,3601,114274,240,14136,900000,0.542,5548
2025-03-19,East,TV,8957,94036,326,17788,900000,0.542,5548
2025-03-19,East,Paid Search,3623,121512,282,15560,900000,0.542,5548
2025-03-19,East,TikTok,2086,20211,213,11623,900000,0.542,5548
2025-03-20,North,Meta,6722,225477,487,24529,1800000,0.551,7947
2025-03-20,North,YouTube,3063,27967,373,18174,1800000,0.551,7947
2025-03-20,North,TV,8765,280319,470,29077,1800000,0.551,7947
2025-03-20,North,Paid Search,3869,100743,438,25984,1800000,0.551,7947
2025-03-20,North,TikTok,1594,36887,345,19575,1800000,0.551,7947
2025-03-20,South,Meta,4934,173905,337,16889,1200000,0.533,5578
2025-03-20,South,YouTube,3029,37079,274,14865,1200000,0.533,5578
2025-03-20,South,TV,5402,191509,305,18089,1200000,0.533,5578
2025-03-20,South,Paid Search,2002,23162,271,13999,1200000,0.533,5578
2025-03-20,South,TikTok,1817,48944,254,14684,1200000,0.533,5578
2025-03-20,East,Meta,6334,120163,328,17765,900000,0.541,10596
2025-03-20,East,YouTube,2459,31087,211,12011,900000,0.541,10596
2025-03-20,East,TV,8823,114106,324,16508,900000,0.541,10596
2025-03-20,East,Paid Search,3264,129890,269,15678,900000,0.541,10596
2025-03-20,East,TikTok,2987,46640,241,12732,900000,0.541,10596
2025-03-21,North,Meta,3405,45502,392,19613,1800000,0.545,10288
2025-03-21,North,YouTube,3387,59759,382,22990,1800000,0.545,10288
2025-03-21,North,TV,7843,251585,452,21771,1800000,0.545,10288
2025-03-21,North,Paid Search,3361,67736,420,25612,1800000,0.545,10288
2025-03-21,North,TikTok,2861,66338,385,20899,1800000,0.545,10288
2025-03-21,South,Meta,5633,52458,358,17677,1200000,0.546,11732
2025-03-21,South,YouTube,4917,139631,323,18463,1200000,0.546,11732
2025-03-21,South,TV,8944,195133,375,20054,1200000,0.546,11732
2025-03-21,South,Paid Search,4372,155063,359,21118,1200000,0.546,11732
2025-03-21,South,TikTok,2133,35294,264,15441,1200000,0.546,11732
2025-03-21,East,Meta,3715,69831,254,13778,900000,0.548,9121
2025-03-21,East,YouTube,4247,58427,257,13125,900000,0.548,9121
2025-03-21,East,TV,6802,200861,283,14706,900000,0.548,9121
2025-03-21,East,Paid Search,4146,34755,301,15262,900000,0.548,9121
2025-03-21,East,TikTok,1666,18868,200,9666,900000,0.548,9121
2025-03-22,North,Meta,5533,192187,453,25334,1800000,0.52,11570
2025-03-22,North,YouTube,5016,142548,424,26093,1800000,0.52,11570
2025-03-22,North,TV,7647,90535,448,27124,1800000,0.52,11570
2025-03-22,North,Paid Search,4212,51205,451,26040,1800000,0.52,11570
2025-03-22,North,TikTok,2766,101780,382,19691,1800000,0.52,11570
2025-03-22,South,Meta,5462,204968,353,18836,1200000,0.535,11553
2025-03-22,South,YouTube,3028,65597,275,14481,1200000,0.535,11553
2025-03-22,South,TV,8671,282988,370,18071,1200000,0.535,11553
2025-03-22,South,Paid Search,2815,37110,301,18475,1200000,0.535,11553
2025-03-22,South,TikTok,1620,53245,248,12823,1200000,0.535,11553
2025-03-22,East,Meta,6602,181751,336,16614,900000,0.534,8442
2025-03-22,East,YouTube,2739,65040,218,10687,900000,0.534,8442
2025-03-22,East,TV,4688,152822,241,13496,900000,0.534,8442
2025-03-22,East,Paid Search,2539,72582,242,12465,900000,0.534,8442
2025-03-22,East,TikTok,3270,101019,250,13561,900000,0.534,8442
2025-03-23,North,Meta,5471,207092,451,24401,1800000,0.55,6042
2025-03-23,North,YouTube,4175,68996,402,24046,1800000,0.55,6042
2025-03-23,North,TV,7608,281099,447,26343,1800000,0.55,6042
2025-03-23,North,Paid Search,3475,85111,424,25014,1800000,0.55,6042
2025-03-23,North,TikTok,3325,78808,400,22225,1800000,0.55,6042
2025-03-23,South,Meta,6170,144539,373,20696,1200000,0.514,11679
2025-03-23,South,YouTube,3887,147400,297,18252,1200000,0.514,11679
2025-03-23,South,TV,5818,173485,313,15377,1200000,0.514,11679
2025-03-23,South,Paid Search,3018,85206,309,16820,1200000,0.514,11679
2025-03-23,South,TikTok,3362,36650,302,17737,1200000,0.514,11679
2025-03-23,East,Meta,3106,63031,236,11790,900000,0.54,6236
2025-03-23,East,YouTube,2777,84055,219,11104,900000,0.54,6236
2025-03-23,East,TV,8638,243417,320,18584,900000,0.54,6236
2025-03-23,East,Paid Search,2910,31182,256,14413,900000,0.54,6236
2025-03-23,East,TikTok,2721,85794,233,12780,900000,0.54,6236
2025-03-24,North,Meta,4164,104458,414,24550,1800000,0.514,8784
2025-03-24,North,YouTube,4677,104661,415,23797,1800000,0.514,8784
2025-03-24,North,TV,9163,84166,478,26011,1800000,0.514,8784
2025-03-24,North,Paid Search,2115,70237,374,21502,1800000,0.514,8784
2025-03-24,North,TikTok,1560,18380,344,20722,1800000,0.514,8784
2025-03-24,South,Meta,6593,60524,385,18749,1200000,0.518,9055
2025-03-24,South,YouTube,2632,76124,264,13808,1200000,0.518,9055
2025-03-24,South,TV,6410,239584,325,19211,1200000,0.518,9055
2025-03-24,South,Paid Search,2088,63562,274,14902,1200000,0.518,9055
2025-03-24,South,TikTok,1733,23416,251,12648,1200000,0.518,9055
2025-03-24,East,Meta,3371,80596,244,15046,900000,0.535,10725
2025-03-24,East,YouTube,4574,68877,265,14857,900000,0.535,10725
2025-03-24,East,TV,8158,176529,311,15526,900000,0.535,10725
2025-03-24,East,Paid Search,4098,161585,300,17913,900000,0.535,10725
2025-03-24,East,TikTok,2811,51654,236,13948,900000,0.535,10725
2025-03-25,North,Meta,4274,50706,417,24963,1800000,0.54,9152
2025-03-25,North,YouTube,2632,56022,363,20536,1800000,0.54,9152
2025-03-25,North,TV,7593,195209,447,26323,1800000,0.54,9152
2025-03-25,North,Paid Search,3120,117379,411,19818,1800000,0.54,9152
2025-03-25,North,TikTok,1557,17437,344,18857,1800000,0.54,9152
2025-03-25,South,Meta,3304,95341,291,15647,1200000,0.51,6256
2025-03-25,South,YouTube,4834,103057,321,19624,1200000,0.51,6256
2025-03-25,South,TV,8177,267568,360,20357,1200000,0.51,6256
2025-03-25,South,Paid Search,3786,55265,338,16402,1200000,0.51,6256
2025-03-25,South,TikTok,2736,67685,283,14297,1200000,0.51,6256
2025-03-25,East,Meta,5423,179190,303,16834,900000,0.529,11652
2025-03-25,East,YouTube,3242,26410,231,11797,900000,0.529,11652
2025-03-25,East,TV,5175,60859,251,14755,900000,0.529,11652
2025-03-25,East,Paid Search,3361,37179,273,15624,900000,0.529,11652
2025-03-25,East,TikTok,2189,70828,216,11204,900000,0.529,11652
2025-03-26,North,Meta,5653,220435,457,27087,1800000,0.515,10576
2025-03-26,North,YouTube,3617,49344,388,22744,1800000,0.515,10576
2025-03-26,North,TV,7458,69954,445,21630,1800000,0.515,10576
2025-03-26,North,Paid Search,3663,62718,431,25156,1800000,0.515,10576
2025-03-26,North,TikTok,2333,43621,369,22490,1800000,0.515,10576
2025-03-26,South,Meta,4865,56989,336,17662,1200000,0.514,10498
2025-03-26,South,YouTube,4860,151073,322,15898,1200000,0.514,10498
2025-03-26,South,TV,7052,129976,338,19715,1200000,0.514,10498
2025-03-26,South,Paid Search,2491,73881,289,17392,1200000,0.514,10498
2025-03-26,South,TikTok,2118,69740,264,14060,1200000,0.514,10498
2025-03-26,East,Meta,4862,177442,287,14588,900000,0.516,8297
2025-03-26,East,YouTube,2644,99659,216,10753,900000,0.516,8297
2025-03-26,East,TV,6328,129057,274,15807,900000,0.516,8297
2025-03-26,East,Paid Search,2328,72248,234,11427,900000,0.516,8297
2025-03-26,East,TikTok,2722,106751,233,11629,900000,0.516,8297
2025-03-27,North,Meta,3629,68931,399,19635,1800000,0.538,8210
2025-03-27,North,YouTube,4835,132075,420,25199,1800000,0.538,8210
2025-03-27,North,TV,8088,229828,457,25066,1800000,0.538,8210
2025-03-27,North,Paid Search,3576,48054,428,26510,1800000,0.538,8210
2025-03-27,North,TikTok,3389,119835,402,22625,1800000,0.538,8210
2025-03-27,South,Meta,5831,184013,364,22467,1200000,0.538,6954
2025-03-27,South,YouTube,2945,54404,273,13257,1200000,0.538,6954
2025-03-27,South,TV,6984,255184,337,18397,1200000,0.538,6954
2025-03-27,South,Paid Search,3524,44991,328,19273,1200000,0.538,6954
2025-03-27,South,TikTok,2608,21288,279,13523,1200000,0.538,6954
2025-03-27,East,Meta,6099,209082,322,18376,900000,0.526,8355
2025-03-27,East,YouTube,3553,55769,239,11776,900000,0.526,8355
2025-03-27,East,TV,6874,57725,285,15594,900000,0.526,8355
2025-03-27,East,Paid Search,3892,149445,292,15262,900000,0.526,8355
2025-03-27,East,TikTok,1739,30372,202,11685,900000,0.526,8355
2025-03-28,North,Meta,3052,68838,383,18763,1800000,0.536,10231
2025-03-28,North,YouTube,4498,161813,411,24869,1800000,0.536,10231
2025-03-28,North,TV,6071,202015,417,21960,1800000,0.536,10231
2025-03-28,North,Paid Search,2944,67292,405,19625,1800000,0.536,10231
2025-03-28,North,TikTok,2726,96861,381,20560,1800000,0.536,10231
2025-03-28,South,Meta,5093,170225,343,16997,1200000,0.513,11623
2025-03-28,South,YouTube,4545,48135,314,16679,1200000,0.513,11623
2025-03-28,South,TV,8569,270303,368,20854,1200000,0.513,11623
2025-03-28,South,Paid Search,2114,80861,276,14661,1200000,0.513,11623
2025-03-28,South,TikTok,2807,102218,285,14379,1200000,0.513,11623
2025-03-28,East,Meta,5751,83682,312,18230,900000,0.524,5469
2025-03-28,East,YouTube,5117,80011,279,14273,900000,0.524,5469
2025-03-28,East,TV,4537,105766,239,12652,900000,0.524,5469
2025-03-28,East,Paid Search,4438,117890,313,16196,900000,0.524,5469
2025-03-28,East,TikTok,3368,49555,254,14611,900000,0.524,5469
2025-03-29,North,Meta,4317,101705,419,25658,1800000,0.51,5444
2025-03-29,North,YouTube,3774,45011,393,23314,1800000,0.51,5444
2025-03-29,North,TV,7672,227903,449,27466,1800000,0.51,5444
2025-03-29,North,Paid Search,3371,58495,421,20595,1800000,0.51,5444
2025-03-29,North,TikTok,2702,90779,381,23045,1800000,0.51,5444
2025-03-29,South,Meta,6495,111895,383,19956,1200000,0.517,5561
2025-03-29,South,YouTube,5045,58016,327,20135,1200000,0.517,5561
2025-03-29,South,TV,5392,163413,305,16952,1200000,0.517,5561
2025-03-29,South,Paid Search,3275,117899,319,15902,1200000,0.517,5561
2025-03-29,South,TikTok,2504,70294,276,14588,1200000,0.517,5561
2025-03-29,East,Meta,4105,41109,265,14921,900000,0.517,9513
2025-03-29,East,YouTube,4794,73993,271,15652,900000,0.517,9513
2025-03-29,East,TV,8921,255404,326,19490,900000,0.517,9513
2025-03-29,East,Paid Search,3053,57913,261,14155,900000,0.517,9513
2025-03-29,East,TikTok,2751,50733,234,12228,900000,0.517,9513
2025-03-30,North,Meta,3634,59308,399,23128,1800000,0.502,10525
2025-03-30,North,YouTube,3649,142542,389,20225,1800000,0.502,10525
2025-03-30,North,TV,7988,75999,455,28039,1800000,0.502,10525
2025-03-30,North,Paid Search,2899,65487,403,24080,1800000,0.502,10525
2025-03-30,North,TikTok,1806,67855,352,20310,1800000,0.502,10525
2025-03-30,South,Meta,3894,36280,308,16392,1200000,0.523,6074
2025-03-30,South,YouTube,3154,37997,278,15445,1200000,0.523,6074
2025-03-30,South,TV,5311,73844,303,15234,1200000,0.523,6074
2025-03-30,South,Paid Search,3449,31421,325,16972,1200000,0.523,6074
2025-03-30,South,TikTok,2103,39964,263,16013,1200000,0.523,6074
2025-03-30,East,Meta,3530,79980,249,15243,900000,0.513,8496
2025-03-30,East,YouTube,3164,25747,229,14136,900000,0.513,8496
2025-03-30,East,TV,7824,306851,304,17034,900000,0.513,8496
2025-03-30,East,Paid Search,2842,86893,253,12665,900000,0.513,8496
2025-03-30,East,TikTok,2412,41666,224,12525,900000,0.513,8496
2025-03-31,North,Meta,5674,178235,458,22337,1800000,0.53,8095
2025-03-31,North,YouTube,4879,60800,421,23988,1800000,0.53,8095
2025-03-31,North,TV,6839,122135,432,24265,1800000,0.53,8095
2025-03-31,North,Paid Search,3027,105667,408,20853,1800000,0.53,8095
2025-03-31,North,TikTok,2358,25842,370,22607,1800000,0.53,8095
2025-03-31,South,Meta,5080,113054,342,18145,1200000,0.505,5158
2025-03-31,South,YouTube,4203,45376,305,15272,1200000,0.505,5158
2025-03-31,South,TV,6633,94337,330,19785,1200000,0.505,5158
2025-03-31,South,Paid Search,2806,76779,301,16006,1200000,0.505,5158
2025-03-31,South,TikTok,3338,123741,302,16072,1200000,0.505,5158
2025-03-31,East,Meta,6811,245044,342,18445,900000,0.505,7459
2025-03-31,East,YouTube,2477,77509,212,12837,900000,0.505,7459
2025-03-31,East,TV,6278,249633,273,13637,900000,0.505,7459
2025-03-31,East,Paid Search,4084,70393,300,16866,900000,0.505,7459
2025-03-31,East,TikTok,3067,119771,244,12006,900000,0.505,7459
2025-04-01,North,Meta,6377,252353,478,27697,1800000,0.5,8322
2025-04-01,North,YouTube,2413,93439,358,20969,1800000,0.5,8322
2025-04-01,North,TV,7918,85755,454,22662,1800000,0.5,8322
2025-04-01,North,Paid Search,3048,113572,409,20697,1800000,0.5,8322
2025-04-01,North,TikTok,2296,59205,368,19631,1800000,0.5,8322
2025-04-01,South,Meta,6215,215702,375,20481,1200000,0.513,5296
2025-04-01,South,YouTube,3116,80695,277,15831,1200000,0.513,5296
2025-04-01,South,TV,6379,56511,325,19662,1200000,0.513,5296
2025-04-01,South,Paid Search,1978,32450,271,14591,1200000,0.513,5296
2025-04-01,South,TikTok,3363,116682,303,16631,1200000,0.513,5296
2025-04-01,East,Meta,3428,57834,246,14199,900000,0.519,6713
2025-04-01,East,YouTube,5158,52277,280,13909,900000,0.519,6713
2025-04-01,East,TV,7862,209083,305,16828,900000,0.519,6713
2025-04-01,East,Paid Search,3458,123752,276,15471,900000,0.519,6713
2025-04-01,East,TikTok,2717,63125,233,13941,900000,0.519,6713
2025-04-02,North,Meta,4218,152296,416,25421,1800000,0.495,5410
2025-04-02,North,YouTube,2619,34639,363,20035,1800000,0.495,5410
2025-04-02,North,TV,5376,115178,403,23668,1800000,0.495,5410
2025-04-02,North,Paid Search,4369,84721,458,23159,1800000,0.495,5410
2025-04-02,North,TikTok,2050,51143,360,17756,1800000,0.495,5410
2025-04-02,South,Meta,6397,220430,380,20997,1200000,0.519,8806
2025-04-02,South,YouTube,4243,74822,306,16286,1200000,0.519,8806
2025-04-02,South,TV,7546,226584,348,19066,1200000,0.519,8806
2025-04-02,South,Paid Search,2223,59046,280,14774,1200000,0.519,8806
2025-04-02,South,TikTok,3102,26096,295,17922,1200000,0.519,8806
2025-04-02,East,Meta,3829,53718,257,13993,900000,0.493,6082
2025-04-02,East,YouTube,4871,134584,273,13396,900000,0.493,6082
2025-04-02,East,TV,8314,206361,314,18672,900000,0.493,6082
2025-04-02,East,Paid Search,3370,86392,273,16633,900000,0.493,6082
2025-04-02,East,TikTok,2970,34591,241,13186,900000,0.493,6082
2025-04-03,North,Meta,6179,225356,472,23597,1800000,0.498,7538
2025-04-03,North,YouTube,3985,129253,398,20366,1800000,0.498,7538
2025-04-03,North,TV,5741,176344,411,20449,1800000,0.498,7538
2025-04-03,North,Paid Search,2047,69734,372,18534,1800000,0.498,7538
2025-04-03,North,TikTok,1917,67896,356,17480,1800000,0.498,7538
2025-04-03,South,Meta,3264,107027,290,14189,1200000,0.514,10488
2025-04-03,South,YouTube,4457,41720,312,17892,1200000,0.514,10488
2025-04-03,South,TV,4510,150534,287,16808,1200000,0.514,10488
2025-04-03,South,Paid Search,3321,32866,320,18865,1200000,0.514,10488
2025-04-03,South,TikTok,1713,27573,251,15281,1200000,0.514,10488
2025-04-03,East,Meta,3686,70952,253,13001,900000,0.494,11308
2025-04-03,East,YouTube,2486,87178,212,11868,900000,0.494,11308
2025-04-03,East,TV,8894,341186,326,16100,900000,0.494,11308
2025-04-03,East,Paid Search,2886,37916,255,14304,900000,0.494,11308
2025-04-03,East,TikTok,2466,77220,225,10844,900000,0.494,11308
2025-04-04,North,Meta,4068,149919,412,22312,1800000,0.492,6341
2025-04-04,North,YouTube,3806,149022,394,24195,1800000,0.492,6341
2025-04-04,North,TV,4461,66239,385,19455,1800000,0.492,6341
2025-04-04,North,Paid Search,3297,101047,418,22140,1800000,0.492,6341
2025-04-04,North,TikTok,2201,59119,365,19460,1800000,0.492,6341
2025-04-04,South,Meta,3402,134405,294,14588,1200000,0.492,6593
2025-04-04,South,YouTube,2583,29782,264,13720,1200000,0.492,6593
2025-04-04,South,TV,4657,150853,290,16358,1200000,0.492,6593
2025-04-04,South,Paid Search,3824,98767,339,17753,1200000,0.492,6593
2025-04-04,South,TikTok,1559,28841,246,15170,1200000,0.492,6593
2025-04-04,East,Meta,4103,145130,265,13110,900000,0.501,8877
2025-04-04,East,YouTube,2776,28392,219,11855,900000,0.501,8877
2025-04-04,East,TV,8364,194226,315,18024,900000,0.501,8877
2025-04-04,East,Paid Search,3756,51598,287,14118,900000,0.501,8877
2025-04-04,East,TikTok,3447,81807,256,12802,900000,0.501,8877
2025-04-05,North,Meta,3358,126292,392,22796,1800000,0.497,9134
2025-04-05,North,YouTube,5109,51451,427,22161,1800000,0.497,9134
2025-04-05,North,TV,9068,170807,477,27661,1800000,0.497,9134
2025-04-05,North,Paid Search,3535,140344,427,23975,1800000,0.497,9134
2025-04-05,North,TikTok,1720,59890,350,18138,1800000,0.497,9134
2025-04-05,South,Meta,4535,105332,327,18573,1200000,0.512,9507
2025-04-05,South,YouTube,4001,83790,300,14965,1200000,0.512,9507
2025-04-05,South,TV,6489,109823,327,16152,1200000,0.512,9507
2025-04-05,South,Paid Search,3990,45714,345,16815,1200000,0.512,9507
2025-04-05,South,TikTok,1973,47180,259,12679,1200000,0.512,9507
2025-04-05,East,Meta,4465,132765,275,15749,900000,0.508,11805
2025-04-05,East,YouTube,2669,74473,216,11851,900000,0.508,11805
2025-04-05,East,TV,4449,46486,237,12244,900000,0.508,11805
2025-04-05,East,Paid Search,3947,128523,294,15526,900000,0.508,11805
2025-04-05,East,TikTok,3041,43978,243,14589,900000,0.508,11805
2025-04-06,North,Meta,3081,67083,384,20061,1800000,0.5,11668
2025-04-06,North,YouTube,4922,99799,422,24427,1800000,0.5,11668
2025-04-06,North,TV,5595,112139,408,22391,1800000,0.5,11668
2025-04-06,North,Paid Search,3179,28775,414,20651,1800000,0.5,11668
2025-04-06,North,TikTok,2575,91494,377,21874,1800000,0.5,11668
2025-04-06,South,Meta,5617,163581,358,20276,1200000,0.497,5766
2025-04-06,South,YouTube,4243,111636,306,16199,1200000,0.497,5766
2025-04-06,South,TV,6443,227691,326,20111,1200000,0.497,5766
2025-04-06,South,Paid Search,3302,67771,320,16796,1200000,0.497,5766
2025-04-06,South,TikTok,2453,95833,274,13260,1200000,0.497,5766
2025-04-06,East,Meta,4332,137523,272,13999,900000,0.48,10859
2025-04-06,East,YouTube,2297,83893,207,11814,900000,0.48,10859
2025-04-06,East,TV,5735,63746,263,14806,900000,0.48,10859
2025-04-06,East,Paid Search,2878,55936,255,15490,900000,0.48,10859
2025-04-06,East,TikTok,2170,63277,216,10566,900000,0.48,10859
2025-04-07,North,Meta,3034,55934,382,20356,1800000,0.488,7363
2025-04-07,North,YouTube,3579,127512,388,20744,1800000,0.488,7363
2025-04-07,North,TV,6926,255189,434,24311,1800000,0.488,7363
2025-04-07,North,Paid Search,2671,80853,395,23430,1800000,0.488,7363
2025-04-07,North,TikTok,2637,104279,378,18673,1800000,0.488,7363
2025-04-07,South,Meta,4937,160339,338,18760,1200000,0.502,7352
2025-04-07,South,YouTube,3221,89140,280,14566,1200000,0.502,7352
2025-04-07,South,TV,5850,128418,314,15281,1200000,0.502,7352
2025-04-07,South,Paid Search,3276,115036,319,19761,1200000,0.502,7352
2025-04-07,South,TikTok,3029,105688,292,15659,1200000,0.502,7352
2025-04-07,East,Meta,3318,116176,243,12691,900000,0.484,10200
2025-04-07,East,YouTube,2497,46891,212,12563,900000,0.484,10200
2025-04-07,East,TV,4295,144475,234,12650,900000,0.484,10200
2025-04-07,East,Paid Search,3219,47357,267,14834,900000,0.484,10200
2025-04-07,East,TikTok,3046,87875,244,12395,900000,0.484,10200
2025-04-08,North,Meta,4741,153751,431,23508,1800000,0.489,9375
2025-04-08,North,YouTube,2750,23637,366,22370,1800000,0.489,9375
2025-04-08,North,TV,7635,271857,448,24845,1800000,0.489,9375
2025-04-08,North,Paid Search,3485,51628,425,24056,1800000,0.489,9375
2025-04-08,North,TikTok,3373,107095,402,23625,1800000,0.489,9375
2025-04-08,South,Meta,5425,134066,352,17213,1200000,0.49,8963
2025-04-08,South,YouTube,3293,41913,282,14340,1200000,0.49,8963
2025-04-08,South,TV,4731,141598,292,15702,1200000,0.49,8963
2025-04-08,South,Paid Search,2759,60512,299,17800,1200000,0.49,8963
2025-04-08,South,TikTok,2105,72763,263,15003,1200000,0.49,8963
2025-04-08,East,Meta,4555,52992,278,13964,900000,0.483,9209
2025-04-08,East,YouTube,2784,44151,219,10930,900000,0.483,9209
2025-04-08,East,TV,8286,189361,313,16156,900000,0.483,9209
2025-04-08,East,Paid Search,3441,75551,276,16353,900000,0.483,9209
2025-04-08,East,TikTok,2752,25275,234,13390,900000,0.483,9209
2025-04-09,North,Meta,6751,158965,488,27916,1800000,0.477,10968
2025-04-09,North,YouTube,2275,80778,354,17440,1800000,0.477,10968
2025-04-09,North,TV,4380,119360,383,23441,1800000,0.477,10968
2025-04-09,North,Paid Search,4247,156368,453,26337,1800000,0.477,10968
2025-04-09,North,TikTok,2279,44737,367,18338,1800000,0.477,10968
2025-04-09,South,Meta,6630,163779,386,20307,1200000,0.474,10141
2025-04-09,South,YouTube,4665,179087,317,17809,1200000,0.474,10141
2025-04-09,South,TV,8832,141823,374,19994,1200000,0.474,10141
2025-04-09,South,Paid Search,4293,67050,356,20818,1200000,0.474,10141
2025-04-09,South,TikTok,1718,58092,251,12877,1200000,0.474,10141
2025-04-09,East,Meta,3645,142292,252,14505,900000,0.487,6010
2025-04-09,East,YouTube,3514,56708,238,14634,900000,0.487,6010
2025-04-09,East,TV,7036,166693,288,17370,900000,0.487,6010
2025-04-09,East,Paid Search,2954,113312,257,15707,900000,0.487,6010
2025-04-09,East,TikTok,2101,45300,214,11360,900000,0.487,6010
2025-04-10,North,Meta,3037,118254,382,19990,1800000,0.496,10750
2025-04-10,North,YouTube,4005,139883,398,24445,1800000,0.496,10750
2025-04-10,North,TV,7416,282603,444,23568,1800000,0.496,10750
2025-04-10,North,Paid Search,3783,125753,436,25886,1800000,0.496,10750
2025-04-10,North,TikTok,1949,50065,357,17746,1800000,0.496,10750
2025-04-10,South,Meta,4484,166416,325,19767,1200000,0.502,11004
2025-04-10,South,YouTube,3376,132663,284,16142,1200000,0.502,11004
2025-04-10,South,TV,5280,57489,303,18275,1200000,0.502,11004
2025-04-10,South,Paid Search,4129,64143,350,20557,1200000,0.502,11004
2025-04-10,South,TikTok,1891,68999,256,13744,1200000,0.502,11004
2025-04-10,East,Meta,6196,236042,325,17904,900000,0.469,11065
2025-04-10,East,YouTube,3607,76522,240,12702,900000,0.469,11065
2025-04-10,East,TV,8355,258640,315,17775,900000,0.469,11065
2025-04-10,East,Paid Search,4271,146272,306,18173,900000,0.469,11065
2025-04-10,East,TikTok,3100,94089,245,14291,900000,0.469,11065
2025-04-11,North,Meta,3158,90101,386,21318,1800000,0.483,5191
2025-04-11,North,YouTube,4075,135749,400,24630,1800000,0.483,5191
2025-04-11,North,TV,4651,96839,388,23136,1800000,0.483,5191
2025-04-11,North,Paid Search,3618,65265,430,25234,1800000,0.483,5191
2025-04-11,North,TikTok,1638,21376,347,20771,1800000,0.483,5191
2025-04-11,South,Meta,4210,98125,317,19105,1200000,0.492,10548
2025-04-11,South,YouTube,4385,71659,310,18980,1200000,0.492,10548
2025-04-11,South,TV,7546,260009,348,21013,1200000,0.492,10548
2025-04-11,South,Paid Search,4067,58391,348,17798,1200000,0.492,10548
2025-04-11,South,TikTok,2292,31676,269,16483,1200000,0.492,10548
2025-04-11,East,Meta,5420,200643,302,16052,900000,0.502,9530
2025-04-11,East,YouTube,5091,73028,279,17092,900000,0.502,9530
2025-04-11,East,TV,7618,102083,300,14893,900000,0.502,9530
2025-04-11,East,Paid Search,3021,65631,260,15096,900000,0.502,9530
2025-04-11,East,TikTok,1989,21581,210,11359,900000,0.502,9530
2025-04-12,North,Meta,5603,66073,455,25663,1800000,0.499,8176
2025-04-12,North,YouTube,4320,60901,406,25145,1800000,0.499,8176
2025-04-12,North,TV,8459,279383,464,24110,1800000,0.499,8176
2025-04-12,North,Paid Search,2723,64844,396,22762,1800000,0.499,8176
2025-04-12,North,TikTok,1732,61318,350,18850,1800000,0.499,8176
2025-04-12,South,Meta,4094,67050,314,18119,1200000,0.478,6022
2025-04-12,South,YouTube,4037,149508,301,17342,1200000,0.478,6022
2025-04-12,South,TV,5875,175642,314,18208,1200000,0.478,6022
2025-04-12,South,Paid Search,3170,26407,315,18244,1200000,0.478,6022
2025-04-12,South,TikTok,1738,31882,251,14635,1200000,0.478,6022
2025-04-12,East,Meta,3183,59368,239,12321,900000,0.472,5667
2025-04-12,East,YouTube,2907,107743,222,12582,900000,0.472,5667
2025-04-12,East,TV,9166,348842,331,17290,900000,0.472,5667
2025-04-12,East,Paid Search,4506,122308,315,16861,900000,0.472,5667
2025-04-12,East,TikTok,2948,27877,240,12766,900000,0.472,5667
2025-04-13,North,Meta,5234,85468,445,21635,1800000,0.498,8917
2025-04-13,North,YouTube,3699,139713,390,19418,1800000,0.498,8917
2025-04-13,North,TV,8539,104359,466,28055,1800000,0.498,8917
2025-04-13,North,Paid Search,2799,69901,399,23815,1800000,0.498,8917
2025-04-13,North,TikTok,1754,20590,350,20464,1800000,0.498,8917
2025-04-13,South,Meta,6400,176728,380,22778,1200000,0.497,6980
2025-04-13,South,YouTube,4460,73324,311,17790,1200000,0.497,6980
2025-04-13,South,TV,5576,203889,308,18226,1200000,0.497,6980
2025-04-13,South,Paid Search,2795,111314,301,14672,1200000,0.497,6980
2025-04-13,South,TikTok,2977,38226,290,14523,1200000,0.497,6980
2025-04-13,East,Meta,3974,121568,261,15619,900000,0.469,5251
2025-04-13,East,YouTube,3501,139502,238,14312,900000,0.469,5251
2025-04-13,East,TV,8798,81868,323,16063,900000,0.469,5251
2025-04-13,East,Paid Search,2902,89059,255,12574,900000,0.469,5251
2025-04-13,East,TikTok,2430,57775,224,13475,900000,0.469,5251
2025-04-14,North,Meta,4950,82810,436,25617,1800000,0.464,6178
2025-04-14,North,YouTube,4839,129403,419,24083,1800000,0.464,6178
2025-04-14,North,TV,6992,273332,435,26284,1800000,0.464,6178
2025-04-14,North,Paid Search,3345,87857,419,20264,1800000,0.464,6178
2025-04-14,North,TikTok,2293,23982,367,21117,1800000,0.464,6178
2025-04-14,South,Meta,5271,202612,347,16684,1200000,0.484,7759
2025-04-14,South,YouTube,4680,60469,317,19520,1200000,0.484,7759
2025-04-14,South,TV,4357,150675,284,16241,1200000,0.484,7759
2025-04-14,South,Paid Search,3695,83248,334,20478,1200000,0.484,7759
2025-04-14,South,TikTok,3353,90580,302,15870,1200000,0.484,7759
2025-04-14,East,Meta,6714,175995,339,18165,900000,0.486,10140
2025-04-14,East,YouTube,2835,27096,220,11108,900000,0.486,10140
2025-04-14,East,TV,7307,134021,294,18084,900000,0.486,10140
2025-04-14,East,Paid Search,2112,21676,226,13586,900000,0.486,10140
2025-04-14,East,TikTok,3346,67604,253,12460,900000,0.486,10140
2025-04-15,North,Meta,6012,102913,467,23274,1800000,0.489,6141
2025-04-15,North,YouTube,4429,128131,409,23443,1800000,0.489,6141
2025-04-15,North,TV,4563,108175,386,23024,1800000,0.489,6141
2025-04-15,North,Paid Search,3098,104723,410,22623,1800000,0.489,6141
2025-04-15,North,TikTok,2083,62321,360,19748,1800000,0.489,6141
2025-04-15,South,Meta,5161,111159,344,17592,1200000,0.49,8335
2025-04-15,South,YouTube,4441,150780,311,17916,1200000,0.49,8335
2025-04-15,South,TV,7148,156480,339,17008,1200000,0.49,8335
2025-04-15,South,Paid Search,3082,28644,311,17085,1200000,0.49,8335
2025-04-15,South,TikTok,2146,48999,264,14999,1200000,0.49,8335
2025-04-15,East,Meta,4667,172822,281,13789,900000,0.475,7035
2025-04-15,East,YouTube,3619,46162,240,11672,900000,0.475,7035
2025-04-15,East,TV,4600,169707,239,11832,900000,0.475,7035
2025-04-15,East,Paid Search,4170,103161,302,16293,900000,0.475,7035
2025-04-15,East,TikTok,2055,19579,212,10456,900000,0.475,7035
2025-04-16,North,Meta,3942,63685,407,24532,1800000,0.478,8979
2025-04-16,North,YouTube,2451,59094,358,18676,1800000,0.478,8979
2025-04-16,North,TV,4525,131997,385,21645,1800000,0.478,8979
2025-04-16,North,Paid Search,2435,33678,385,20932,1800000,0.478,8979
2025-04-16,North,TikTok,2245,23944,365,20945,1800000,0.478,8979
2025-04-16,South,Meta,6744,241995,389,19307,1200000,0.477,6856
2025-04-16,South,YouTube,2761,38441,267,13458,1200000,0.477,6856
2025-04-16,South,TV,7841,214292,353,19302,1200000,0.477,6856
2025-04-16,South,Paid Search,4247,48427,354,20421,1200000,0.477,6856
2025-04-16,South,TikTok,2523,20656,276,16605,1200000,0.477,6856
2025-04-16,East,Meta,4858,135013,286,14176,900000,0.491,9213
2025-04-16,East,YouTube,5079,99261,278,13406,900000,0.491,9213
2025-04-16,East,TV,7458,224407,296,18230,900000,0.491,9213
2025-04-16,East,Paid Search,2999,53037,259,15547,900000,0.491,9213
2025-04-16,East,TikTok,1719,14515,201,10237,900000,0.491,9213
2025-04-17,North,Meta,4656,130526,428,24754,1800000,0.475,9548
2025-04-17,North,YouTube,4535,63986,411,25274,1800000,0.475,9548
2025-04-17,North,TV,5502,125609,405,22113,1800000,0.475,9548
2025-04-17,North,Paid Search,3204,27869,413,24795,1800000,0.475,9548
2025-04-17,North,TikTok,1798,23154,351,19724,1800000,0.475,9548
2025-04-17,South,Meta,6219,59886,374,19474,1200000,0.458,8986
2025-04-17,South,YouTube,2232,62882,254,13926,1200000,0.458,8986
2025-04-17,South,TV,7660,301372,350,19182,1200000,0.458,8986
2025-04-17,South,Paid Search,4185,132190,352,19809,1200000,0.458,8986
2025-04-17,South,TikTok,2642,67999,279,15781,1200000,0.458,8986
2025-04-17,East,Meta,4860,149966,286,17488,900000,0.477,10717
2025-04-17,East,YouTube,3764,80942,244,12897,900000,0.477,10717
2025-04-17,East,TV,5580,55980,259,14961,900000,0.477,10717
2025-04-17,East,Paid Search,4300,91798,307,14825,900000,0.477,10717
2025-04-17,East,TikTok,2402,57247,223,11603,900000,0.477,10717
2025-04-18,North,Meta,3854,57927,404,24821,1800000,0.455,7407
2025-04-18,North,YouTube,4883,92059,420,25059,1800000,0.455,7407
2025-04-18,North,TV,7074,247300,436,25037,1800000,0.455,7407
2025-04-18,North,Paid Search,3681,44897,431,25120,1800000,0.455,7407
2025-04-18,North,TikTok,2047,62975,359,21233,1800000,0.455,7407
2025-04-18,South,Meta,5383,91719,350,18288,1200000,0.479,10912
2025-04-18,South,YouTube,4412,129474,310,15789,1200000,0.479,10912
2025-04-18,South,TV,4600,66164,288,14014,1200000,0.479,10912
2025-04-18,South,Paid Search,3547,39829,328,15827,1200000,0.479,10912
2025-04-18,South,TikTok,2288,91064,268,16169,1200000,0.479,10912
2025-04-18,East,Meta,6192,226767,324,17163,900000,0.461,6110
2025-04-18,East,YouTube,2301,23096,206,10023,900000,0.461,6110
2025-04-18,East,TV,6177,171486,271,16338,900000,0.461,6110
2025-04-18,East,Paid Search,2278,34560,232,12005,900000,0.461,6110
2025-04-18,East,TikTok,1977,37346,209,10474,900000,0.461,6110
2025-04-19,North,Meta,5567,170378,453,27752,1800000,0.472,8608
2025-04-19,North,YouTube,4931,108534,421,25062,1800000,0.472,8608
2025-04-19,North,TV,6312,220485,420,20407,1800000,0.472,8608
2025-04-19,North,Paid Search,2251,25636,378,18702,1800000,0.472,8608
2025-04-19,North,TikTok,2668,88121,378,21478,1800000,0.472,8608
2025-04-19,South,Meta,3557,61707,298,16136,1200000,0.479,11377
2025-04-19,South,YouTube,3505,84781,286,15393,1200000,0.479,11377
2025-04-19,South,TV,7752,86647,351,20627,1200000,0.479,11377
2025-04-19,South,Paid Search,3653,68338,332,17076,1200000,0.479,11377
2025-04-19,South,TikTok,1741,61205,251,14891,1200000,0.479,11377
2025-04-19,East,Meta,3275,65231,241,12963,900000,0.458,8535
2025-04-19,East,YouTube,4426,86487,261,14024,900000,0.458,8535
2025-04-19,East,TV,7399,95089,295,16055,900000,0.458,8535
2025-04-19,East,Paid Search,3931,84497,293,17561,900000,0.458,8535
2025-04-19,East,TikTok,1918,64553,207,12239,900000,0.458,8535
2025-04-20,North,Meta,3510,29197,394,22554,1800000,0.457,5208
2025-04-20,North,YouTube,4574,174711,412,23476,1800000,0.457,5208
2025-04-20,North,TV,4362,78838,381,23102,1800000,0.457,5208
2025-04-20,North,Paid Search,4525,59994,462,22550,1800000,0.457,5208
2025-04-20,North,TikTok,1590,51348,344,19554,1800000,0.457,5208
2025-04-20,South,Meta,4976,86897,338,18722,1200000,0.471,9623
2025-04-20,South,YouTube,3386,100862,283,17231,1200000,0.471,9623
2025-04-20,South,TV,6812,120834,332,19191,1200000,0.471,9623
2025-04-20,South,Paid Search,3900,144672,341,18498,1200000,0.471,9623
2025-04-20,South,TikTok,1485,25175,243,12362,1200000,0.471,9623
2025-04-20,East,Meta,5495,166603,304,17742,900000,0.464,10518
2025-04-20,East,YouTube,4814,158910,271,13486,900000,0.464,10518
2025-04-20,East,TV,6033,86353,268,16586,900000,0.464,10518
2025-04-20,East,Paid Search,2747,25226,249,12942,900000,0.464,10518
2025-04-20,East,TikTok,2125,66307,214,10550,900000,0.464,10518
2025-04-21,North,Meta,5902,77439,462,22564,1800000,0.462,8649
2025-04-21,North,YouTube,2285,76527,352,18734,1800000,0.462,8649
2025-04-21,North,TV,7010,110217,434,24642,1800000,0.462,8649
2025-04-21,North,Paid Search,3979,124337,442,23409,1800000,0.462,8649
2025-04-21,North,TikTok,3401,39228,401,19516,1800000,0.462,8649
2025-04-21,South,Meta,4104,129602,313,17634,1200000,0.466,5873
2025-04-21,South,YouTube,3534,139432,287,15184,1200000,0.466,5873
2025-04-21,South,TV,8122,322021,358,18610,1200000,0.466,5873
2025-04-21,South,Paid Search,3435,125786,323,19053,1200000,0.466,5873
2025-04-21,South,TikTok,2698,67626,281,16300,1200000,0.466,5873
2025-04-21,East,Meta,4972,79175,289,14124,900000,0.467,10000
2025-04-21,East,YouTube,3166,84329,228,13780,900000,0.467,10000
2025-04-21,East,TV,8213,160651,311,17002,900000,0.467,10000
2025-04-21,East,Paid Search,2214,68130,229,12422,900000,0.467,10000
2025-04-21,East,TikTok,3091,32834,244,12974,900000,0.467,10000
2025-04-22,North,Meta,4966,102464,435,21759,1800000,0.459,9118
2025-04-22,North,YouTube,2975,71288,370,18419,1800000,0.459,9118
2025-04-22,North,TV,6123,135212,416,24110,1800000,0.459,9118
2025-04-22,North,Paid Search,4386,103796,456,22714,1800000,0.459,9118
2025-04-22,North,TikTok,3372,115869,399,23087,1800000,0.459,9118
2025-04-22,South,Meta,3767,87196,303,14715,1200000,0.472,5826
2025-04-22,South,YouTube,4392,167819,309,15495,1200000,0.472,5826
2025-04-22,South,TV,5841,224635,312,16599,1200000,0.472,5826
2025-04-22,South,Paid Search,3526,74313,327,20233,1200000,0.472,5826
2025-04-22,South,TikTok,1704,44809,249,13009,1200000,0.472,5826
2025-04-22,East,Meta,3491,93796,246,14806,900000,0.457,10538
2025-04-22,East,YouTube,2344,85828,207,11146,900000,0.457,10538
2025-04-22,East,TV,8552,127413,318,17815,900000,0.457,10538
2025-04-22,East,Paid Search,4094,96788,299,16720,900000,0.457,10538
2025-04-22,East,TikTok,1707,32701,200,12121,900000,0.457,10538
2025-04-23,North,Meta,5748,157396,458,26245,1800000,0.467,8327
2025-04-23,North,YouTube,4434,107092,407,21870,1800000,0.467,8327
2025-04-23,North,TV,6314,141419,420,21529,1800000,0.467,8327
2025-04-23,North,Paid Search,3126,111670,409,21896,1800000,0.467,8327
2025-04-23,North,TikTok,2102,70615,359,19951,1800000,0.467,8327
2025-04-23,South,Meta,5811,166597,362,18351,1200000,0.474,11230
2025-04-23,South,YouTube,4739,145159,317,17962,1200000,0.474,11230
2025-04-23,South,TV,6893,230758,333,18673,1200000,0.474,11230
2025-04-23,South,Paid Search,3799,98597,337,16425,1200000,0.474,11230
2025-04-23,South,TikTok,1708,44236,249,13940,1200000,0.474,11230
2025-04-23,East,Meta,6440,76308,331,19627,900000,0.443,8331
2025-04-23,East,YouTube,4945,68003,274,15480,900000,0.443,8331
2025-04-23,East,TV,4009,133003,227,12173,900000,0.443,8331
2025-04-23,East,Paid Search,2595,79354,243,11817,900000,0.443,8331
2025-04-23,East,TikTok,3202,71134,247,14837,900000,0.443,8331
2025-04-24,North,Meta,4552,161636,423,22121,1800000,0.434,8059
2025-04-24,North,YouTube,3128,50766,373,20031,1800000,0.434,8059
2025-04-24,North,TV,4504,50349,383,19291,1800000,0.434,8059
2025-04-24,North,Paid Search,2392,30161,382,21622,1800000,0.434,8059
2025-04-24,North,TikTok,1964,21345,355,18657,1800000,0.434,8059
2025-04-24,South,Meta,4454,81247,323,17733,1200000,0.434,5410
2025-04-24,South,YouTube,3408,62622,283,16565,1200000,0.434,5410
2025-04-24,South,TV,5864,202236,313,16711,1200000,0.434,5410
2025-04-24,South,Paid Search,2269,32859,280,13891,1200000,0.434,5410
2025-04-24,South,TikTok,2935,78520,288,14068,1200000,0.434,5410
2025-04-24,East,Meta,4822,101454,284,14843,900000,0.452,7850
2025-04-24,East,YouTube,2883,104817,221,11866,900000,0.452,7850
2025-04-24,East,TV,5309,206155,253,12441,900000,0.452,7850
2025-04-24,East,Paid Search,3712,58954,284,16160,900000,0.452,7850
2025-04-24,East,TikTok,2549,84440,227,11543,900000,0.452,7850
2025-04-25,North,Meta,6775,223743,486,29942,1800000,0.47,7613
2025-04-25,North,YouTube,3770,81281,390,18723,1800000,0.47,7613
2025-04-25,North,TV,8648,194197,466,28458,1800000,0.47,7613
2025-04-25,North,Paid Search,1955,44709,365,19984,1800000,0.47,7613
2025-04-25,North,TikTok,3083,53200,390,21984,1800000,0.47,7613
2025-04-25,South,Meta,4300,121392,318,15886,1200000,0.465,7661
2025-04-25,South,YouTube,3909,95108,296,16514,1200000,0.465,7661
2025-04-25,South,TV,4141,131079,278,14432,1200000,0.465,7661
2025-04-25,South,Paid Search,3417,60209,322,17403,1200000,0.465,7661
2025-04-25,South,TikTok,2236,26687,265,14985,1200000,0.465,7661
2025-04-25,East,Meta,5591,106030,306,14756,900000,0.469,7228
2025-04-25,East,YouTube,2961,95007,223,12864,900000,0.469,7228
2025-04-25,East,TV,6260,99344,272,15518,900000,0.469,7228
2025-04-25,East,Paid Search,4510,85384,314,15081,900000,0.469,7228
2025-04-25,East,TikTok,2361,64182,221,12082,900000,0.469,7228
2025-04-26,North,Meta,4537,166275,422,24224,1800000,0.465,9709
2025-04-26,North,YouTube,4251,137728,402,23079,1800000,0.465,9709
2025-04-26,North,TV,6699,222365,427,22606,1800000,0.465,9709
2025-04-26,North,Paid Search,3638,38129,428,25414,1800000,0.465,9709
2025-04-26,North,TikTok,1523,52736,340,20259,1800000,0.465,9709
2025-04-26,South,Meta,5921,179436,364,19295,1200000,0.443,6240
2025-04-26,South,YouTube,2219,50607,252,12413,1200000,0.443,6240
2025-04-26,South,TV,8770,194926,370,20938,1200000,0.443,6240
2025-04-26,South,Paid Search,2526,21807,289,15099,1200000,0.443,6240
2025-04-26,South,TikTok,2011,75382,258,14977,1200000,0.443,6240
2025-04-26,East,Meta,4341,73728,270,14827,900000,0.438,8457
2025-04-26,East,YouTube,4840,148215,271,15101,900000,0.438,8457
2025-04-26,East,TV,4988,71203,246,14080,900000,0.438,8457
2025-04-26,East,Paid Search,4085,84456,298,16664,900000,0.438,8457
2025-04-26,East,TikTok,3159,82801,246,14158,900000,0.438,8457
2025-04-27,North,Meta,3422,34499,390,22504,1800000,0.45,5458
2025-04-27,North,YouTube,2951,77425,368,20410,1800000,0.45,5458
2025-04-27,North,TV,5081,125697,394,20307,1800000,0.45,5458
2025-04-27,North,Paid Search,3981,56288,440,24570,1800000,0.45,5458
2025-04-27,North,TikTok,2782,110563,380,20655,1800000,0.45,5458
2025-04-27,South,Meta,6598,63734,383,23123,1200000,0.464,9487
2025-04-27,South,YouTube,4936,107810,322,16468,1200000,0.464,9487
2025-04-27,South,TV,9067,152046,376,19511,1200000,0.464,9487
2025-04-27,South,Paid Search,3715,85188,333,17942,1200000,0.464,9487
2025-04-27,South,TikTok,2166,69937,263,14277,1200000,0.464,9487
2025-04-27,East,Meta,3241,85233,239,13567,900000,0.427,6362
2025-04-27,East,YouTube,2266,71602,204,10068,900000,0.427,6362
2025-04-27,East,TV,8979,193607,326,17839,900000,0.427,6362
2025-04-27,East,Paid Search,2142,34271,226,13405,900000,0.427,6362
2025-04-27,East,TikTok,1782,31979,202,11372,900000,0.427,6362
2025-04-28,North,Meta,3895,44601,403,23655,1800000,0.45,7340
2025-04-28,North,YouTube,2886,54562,366,20772,1800000,0.45,7340
2025-04-28,North,TV,4176,77986,376,21096,1800000,0.45,7340
2025-04-28,North,Paid Search,4008,153080,441,21696,1800000,0.45,7340
2025-04-28,North,TikTok,2970,82644,385,18807,1800000,0.45,7340
2025-04-28,South,Meta,6220,62703,372,19392,1200000,0.426,7193
2025-04-28,South,YouTube,2562,95849,261,13922,1200000,0.426,7193
2025-04-28,South,TV,6187,109182,318,15691,1200000,0.426,7193
2025-04-28,South,Paid Search,3572,36096,327,19138,1200000,0.426,7193
2025-04-28,South,TikTok,2779,71966,282,14456,1200000,0.426,7193
2025-04-28,East,Meta,2961,60065,231,11710,900000,0.449,9618
2025-04-28,East,YouTube,4512,163145,262,12953,900000,0.449,9618
2025-04-28,East,TV,7108,134112,288,16224,900000,0.449,9618
2025-04-28,East,Paid Search,4380,144775,309,15124,900000,0.449,9618
2025-04-28,East,TikTok,2344,43369,220,12991,900000,0.449,9618
2025-04-29,North,Meta,5396,87421,446,27401,1800000,0.431,9012
2025-04-29,North,YouTube,3416,106538,380,22253,1800000,0.431,9012
2025-04-29,North,TV,6195,97763,416,21780,1800000,0.431,9012
2025-04-29,North,Paid Search,4011,39852,441,26633,1800000,0.431,9012
2025-04-29,North,TikTok,2065,45321,357,21012,1800000,0.431,9012
2025-04-29,South,Meta,4251,84181,316,16032,1200000,0.429,7161
2025-04-29,South,YouTube,2211,59180,251,12752,1200000,0.429,7161
2025-04-29,South,TV,7407,72842,343,20827,1200000,0.429,7161
2025-04-29,South,Paid Search,3260,113205,316,18642,1200000,0.429,7161
2025-04-29,South,TikTok,3128,67271,293,15465,1200000,0.429,7161
2025-04-29,East,Meta,6736,183168,338,16424,900000,0.45,9863
2025-04-29,East,YouTube,3154,83610,227,11593,900000,0.45,9863
2025-04-29,East,TV,8883,246195,324,15569,900000,0.45,9863
2025-04-29,East,Paid Search,3030,39975,258,13190,900000,0.45,9863
2025-04-29,East,TikTok,2342,77881,219,11218,900000,0.45,9863
2025-04-30,North,Meta,5768,221969,456,22623,1800000,0.446,6673
2025-04-30,North,YouTube,3151,99832,372,19369,1800000,0.446,6673
2025-04-30,North,TV,4949,68770,390,19781,1800000,0.446,6673
2025-04-30,North,Paid Search,4507,88383,459,25796,1800000,0.446,6673
2025-04-30,North,TikTok,1600,14337,342,20081,1800000,0.446,6673
2025-04-30,South,Meta,3683,49988,299,14440,1200000,0.423,5208
2025-04-30,South,YouTube,4765,147728,317,18223,1200000,0.423,5208
2025-04-30,South,TV,5646,145352,307,16365,1200000,0.423,5208
2025-04-30,South,Paid Search,2405,20894,284,16763,1200000,0.423,5208
2025-04-30,South,TikTok,3094,114914,292,14470,1200000,0.423,5208
2025-04-30,East,Meta,3847,130427,256,15600,900000,0.459,7136
2025-04-30,East,YouTube,4111,156700,251,14841,900000,0.459,7136
2025-04-30,East,TV,8947,357220,325,16472,900000,0.459,7136
2025-04-30,East,Paid Search,4226,152594,303,16148,900000,0.459,7136
2025-04-30,East,TikTok,1584,19993,195,10382,900000,0.459,7136
