geo,time,linear_tv_impression,linear_tv_spend,ctv_impression,ctv_spend,walmart_connect_impression,walmart_connect_spend,amazon_ads_impression,amazon_ads_spend,meta_impression,meta_spend,tiktok_impression,tiktok_spend,google_search_impression,google_search_spend,Organic_search_impression,pollen_index_control,competitor_spend_control,price_index_control,Promo,units,revenue_per_unit,population
New York,2023-01-01,2134603.4,38422.86,612976.4,20841.2,984370.3,11812.44,1661977.7,18281.75,1588542.6,14296.88,1247203.0,8730.42,205350.3,16428.02,1074659.3,0.3033,0.9066,0.9872,0.0,35721.11,21.2247,20100000
New York,2023-01-08,2522552.3,45405.94,584140.6,19860.78,1170538.2,14046.46,1554403.4,17098.44,1531341.9,13782.08,1367406.2,9571.84,202293.8,16183.51,1121747.5,0.3067,0.7979,1.0181,0.0,40588.5,21.8887,20100000
New York,2023-01-15,2431915.5,43774.48,589607.3,20046.65,1128235.4,13538.82,1376511.0,15141.62,2052166.0,18469.49,1363866.6,9547.07,193003.5,15440.28,1022275.0,0.3126,0.8654,1.0197,0.0,40346.4,21.9242,20100000
New York,2023-01-22,2587309.7,46571.57,589336.6,20037.45,1219559.5,14634.71,1529982.6,16829.81,1701845.1,15316.61,1277239.5,8940.68,180001.6,14400.12,1088440.9,0.3228,0.9405,0.9827,0.0,39311.68,21.1278,20100000
New York,2023-01-29,2024027.8,36432.5,647836.2,22026.43,920721.7,11048.66,1765863.4,19424.5,1795040.7,16155.37,1247569.7,8732.99,167107.5,13368.6,1063258.9,0.3392,0.7766,0.9868,0.0,43284.86,21.2157,20100000
New York,2023-02-05,2381327.9,42863.9,632903.9,21518.73,1177768.2,14133.22,1706462.0,18771.08,1863099.1,16767.89,1109849.9,7768.95,192029.7,15362.37,1136903.2,0.3644,0.8128,1.0137,0.0,45578.1,21.7938,20100000
New York,2023-02-12,2409280.9,43367.06,638032.6,21693.11,1240840.5,14890.09,1595964.0,17555.6,2104351.4,18939.16,1410518.8,9873.63,182337.7,14587.02,1161889.5,0.4007,1.0067,0.9939,0.0,42056.9,21.3685,20100000
New York,2023-02-19,2583530.3,46503.55,517001.9,17578.06,1380432.5,16565.19,1508260.1,16590.86,2121471.7,19093.25,1181465.7,8270.26,206737.6,16539.01,1221088.7,0.4502,0.9288,0.9317,1.0,51760.09,20.0319,20100000
New York,2023-02-26,3073402.6,55321.25,657876.2,22367.79,1187446.6,14249.36,1457640.7,16034.05,2170262.2,19532.36,1374344.3,9620.41,249366.8,19949.34,1226452.7,0.5136,1.1077,1.0028,0.0,50891.37,21.5608,20100000
New York,2023-03-05,2871411.2,51685.4,786540.3,26742.37,1220914.8,14650.98,2026010.6,22286.12,1847393.3,16626.54,1216882.6,8518.18,249194.7,19935.57,1376204.2,0.5896,1.1694,1.0051,0.0,52907.53,21.6099,20100000
New York,2023-03-12,3429747.2,61735.45,673694.8,22905.62,1146517.6,13758.21,2159586.9,23755.46,2607199.6,23464.8,1253966.9,8777.77,282375.6,22590.05,1640122.7,0.6742,1.2869,0.9321,1.0,65882.46,20.0399,20100000
New York,2023-03-19,3287106.0,59167.91,854996.5,29069.88,1564231.1,18770.77,2027128.7,22298.42,2191694.3,19725.25,1292793.7,9049.56,260923.7,20873.89,1706096.3,0.7609,1.2558,0.986,0.0,57502.9,21.1989,20100000
New York,2023-03-26,3244109.9,58393.98,873372.0,29694.65,1744611.4,20935.34,2522414.2,27746.56,2902607.9,26123.47,1442622.5,10098.36,265990.5,21279.24,1681094.2,0.8413,1.5139,1.0128,0.0,62152.22,21.7748,20100000
New York,2023-04-02,4259182.8,76665.29,953949.2,32434.27,1448794.1,17385.53,2638408.2,29022.49,2585095.1,23265.86,1520152.4,10641.07,255785.4,20462.83,1834854.5,0.9059,1.5341,1.0029,0.0,63036.98,21.5615,20100000
New York,2023-04-09,3709099.0,66763.78,837319.3,28468.85,1477991.9,17735.9,2387560.9,26263.17,2349266.1,21143.39,1288483.9,9019.39,324744.1,25979.53,1878284.2,0.9465,1.3592,1.0133,0.0,70779.8,21.7856,20100000
New York,2023-04-16,3793467.8,68282.42,795804.0,27057.34,1659503.1,19914.04,1988335.2,21871.69,3037974.6,27341.77,1590138.8,11130.97,270608.8,21648.71,2066519.6,0.9577,1.4415,0.9865,0.0,67915.45,21.2099,20100000
New York,2023-04-23,4155986.1,74807.75,940279.8,31969.51,1588001.5,19056.02,2117901.1,23296.91,3089749.4,27807.74,1348571.0,9440.0,289626.0,23170.08,1854953.6,0.9378,1.3781,0.9333,1.0,76140.01,20.0664,20100000
New York,2023-04-30,3298754.8,59377.59,756122.7,25708.17,1783784.9,21405.42,2562673.4,28189.41,3142792.8,28285.13,1413054.5,9891.38,283960.6,22716.85,1839793.4,0.8895,1.4362,1.0088,0.0,62241.12,21.6893,20100000
New York,2023-05-07,3294040.2,59292.72,846511.2,28781.38,1791456.4,21497.48,2452448.7,26976.94,2709809.9,24388.29,1369894.0,9589.26,243325.6,19466.05,1820203.9,0.8195,1.3845,1.0021,0.0,61129.0,21.5448,20100000
New York,2023-05-14,2980010.6,53640.19,816581.9,27763.79,1295755.7,15549.07,1894326.8,20837.6,2760367.3,24843.31,1625989.9,11381.93,234008.0,18720.64,1777013.1,0.7364,1.3945,1.0127,0.0,58109.04,21.7735,20100000
New York,2023-05-21,2822613.9,50807.05,732052.1,24889.77,1481406.1,17776.87,1649992.3,18149.92,2026774.1,18240.97,1147336.7,8031.36,199972.8,15997.82,1442167.2,0.6495,1.014,0.9864,0.0,54958.17,21.2085,20100000
New York,2023-05-28,3044999.2,54809.99,720836.5,24508.44,1073264.5,12879.17,1730825.8,19039.08,2312993.3,20816.94,1300857.0,9106.0,191846.1,15347.68,1425126.8,0.5669,0.947,0.9826,0.0,54666.4,21.1249,20100000
New York,2023-06-04,2665161.7,47972.91,672334.1,22859.36,1334249.2,16010.99,1718214.5,18900.36,2071247.7,18641.23,1357603.6,9503.23,208219.6,16657.57,1256901.2,0.4946,0.9788,0.9881,0.0,50710.31,21.2448,20100000
New York,2023-06-11,2211174.2,39801.14,694593.9,23616.19,1071922.9,12863.07,1786264.4,19648.91,1619292.1,14573.63,1089526.6,7626.69,224624.1,17969.93,1383382.9,0.4358,0.9896,0.9971,0.0,47428.92,21.4371,20100000
New York,2023-06-18,2464018.6,44352.33,622449.3,21163.28,1030300.1,12363.6,1680115.2,18481.27,1690251.3,15212.26,1494856.8,10464.0,172864.7,13829.17,1223544.9,0.3916,1.0179,1.0184,0.0,45896.71,21.896,20100000
New York,2023-06-25,2493055.0,44874.99,596966.5,20296.86,1020369.6,12244.44,1486345.1,16349.8,1968543.9,17716.9,1222675.6,8558.73,169412.6,13553.01,1169851.8,0.3616,0.9175,0.9883,0.0,42675.68,21.2481,20100000
New York,2023-07-02,2629895.1,47338.11,492938.7,16759.92,995170.1,11942.04,1462038.6,16082.42,1969691.2,17727.22,1251628.3,8761.4,198995.3,15919.62,1055818.5,0.3447,0.8308,0.9358,1.0,50293.31,20.12,20100000
New York,2023-07-09,1990759.5,35833.67,490557.7,16678.96,1140521.4,13686.26,1334241.7,14676.66,1894817.9,17053.36,1520482.7,10643.38,210407.6,16832.6,1252244.7,0.34,0.807,1.0023,0.0,43342.48,21.549,20100000
New York,2023-07-16,2116257.0,38092.63,636561.3,21643.08,929908.9,11158.91,1322059.0,14542.65,1665996.7,14993.97,1521330.8,10649.32,201662.6,16133.01,1081301.0,0.3473,0.899,0.9443,1.0,46001.32,20.3021,20100000
New York,2023-07-23,2583445.6,46502.02,653911.8,22233.0,1221117.8,14653.41,1507830.2,16586.13,1967821.6,17710.39,1466029.2,10262.2,213786.3,17102.91,1110132.8,0.367,0.8012,1.0197,0.0,44306.38,21.9232,20100000
New York,2023-07-30,2214377.2,39858.79,539681.0,18349.15,1238511.5,14862.14,1749560.3,19245.16,2078388.6,18705.5,1202216.1,8415.51,173708.9,13896.71,1331656.5,0.3992,0.8672,1.0045,0.0,48601.58,21.5975,20100000
New York,2023-08-06,2463779.4,44348.03,570672.7,19402.87,1230319.6,14763.84,1708616.0,18794.78,1839566.1,16556.09,1400409.3,9802.87,183355.4,14668.43,1373475.5,0.4436,0.859,1.0124,0.0,47187.88,21.7666,20100000
New York,2023-08-13,2944202.0,52995.64,634263.5,21564.96,1253711.6,15044.54,1601236.7,17613.6,2326073.4,20934.66,1317628.7,9223.4,182845.4,14627.64,1413903.3,0.4977,0.9391,0.9925,0.0,49186.48,21.3387,20100000
New York,2023-08-20,3219948.4,57959.07,551875.9,18763.78,1228008.3,14736.1,1968502.8,21653.53,1756474.0,15808.27,1431222.4,10018.56,234945.7,18795.66,1452144.9,0.5568,1.097,1.0188,0.0,50810.37,21.9045,20100000
New York,2023-08-27,2547928.2,45862.71,736303.5,25034.32,1236612.6,14839.35,1559715.7,17156.87,2043437.9,18390.94,1151994.0,8063.96,243061.7,19444.93,1638213.0,0.6137,1.2056,0.9822,0.0,55466.23,21.1167,20100000
New York,2023-09-03,2996551.5,53937.93,627911.9,21349.01,1202663.3,14431.96,1695159.4,18646.75,2486543.7,22378.89,1606950.8,11248.66,277694.8,22215.59,1342986.6,0.6602,1.1169,1.0021,0.0,52515.41,21.5441,20100000
New York,2023-09-10,2793081.6,50275.47,634079.0,21558.69,1354363.6,16252.36,1893469.6,20828.17,2315044.0,20835.4,1523489.3,10664.43,260989.7,20879.18,1534918.5,0.6886,1.085,1.0018,0.0,60416.97,21.5379,20100000
New York,2023-09-17,3300800.3,59414.41,795425.1,27044.45,1210502.1,14526.03,1837637.0,20214.01,2249938.3,20249.44,1260021.2,8820.15,249966.6,19997.33,1695493.3,0.6938,1.1824,0.9956,0.0,53597.68,21.4049,20100000
New York,2023-09-24,3195182.1,57513.28,630014.8,21420.5,1531941.5,18383.3,1937811.1,21315.92,2288801.6,20599.21,1269585.2,8887.1,243366.4,19469.31,1363630.5,0.6749,1.0498,0.9963,0.0,54310.72,21.4215,20100000
New York,2023-10-01,2527884.2,45501.91,740888.4,25190.2,1258707.0,15104.48,2050804.9,22558.85,1935785.7,17422.07,1324115.3,9268.81,207866.6,16629.33,1553754.3,0.6353,1.0509,0.9915,0.0,52933.4,21.3183,20100000
New York,2023-10-08,2591013.1,46638.24,692866.3,23557.46,1511378.6,18136.54,2151680.9,23668.49,2087591.8,18788.33,1243523.4,8704.66,258977.3,20718.19,1371792.2,0.5817,1.1606,0.997,0.0,48288.79,21.4365,20100000
New York,2023-10-15,2722485.3,49004.73,748790.0,25458.86,1088306.7,13059.68,2037345.0,22410.8,1911458.1,17203.12,1100794.3,7705.56,197582.7,15806.61,1209114.9,0.5224,1.0496,0.9871,0.0,45831.35,21.2226,20100000
New York,2023-10-22,2367795.0,42620.31,517096.7,17581.29,1086009.5,13032.11,1652721.1,18179.93,1828927.9,16460.35,1446163.0,10123.14,220658.0,17652.64,1360231.4,0.4649,0.9067,0.9907,0.0,47935.69,21.2992,20100000
New York,2023-10-29,2753139.1,49556.5,497413.8,16912.07,1087240.2,13046.88,1592493.7,17517.43,1653654.6,14882.89,1246670.3,8726.69,203372.1,16269.77,1202286.7,0.4149,0.9711,0.985,0.0,47948.43,21.1782,20100000
New York,2023-11-05,2537729.7,45679.13,644865.6,21925.43,1178793.7,14145.52,1811587.8,19927.47,1796136.9,16165.23,1538998.0,10772.99,212350.4,16988.03,1124109.9,0.3752,0.8914,1.0029,0.0,44983.76,21.5627,20100000
New York,2023-11-12,2475071.8,44551.29,633953.6,21554.42,1020047.1,12240.57,1565066.9,17215.74,1768551.6,15916.96,1276675.1,8936.73,195635.1,15650.81,1029890.7,0.3462,0.7656,1.0023,0.0,40550.75,21.5498,20100000
New York,2023-11-19,2310295.8,41585.32,498451.7,16947.36,1043734.6,12524.82,1428573.1,15714.3,1721489.3,15493.4,1098202.7,7687.42,188123.8,15049.9,948687.1,0.3267,0.8892,0.9353,1.0,43900.33,20.1095,20100000
New York,2023-11-26,2170286.9,39065.16,615472.2,20926.05,1185654.6,14227.86,1592540.1,17517.94,1961770.2,17655.93,1387642.3,9713.5,170771.9,13661.76,1119510.5,0.3145,0.8867,0.9996,0.0,36853.59,21.4916,20100000
New York,2023-12-03,2189418.4,39409.53,451434.5,15348.77,1219504.5,14634.05,1378614.0,15164.75,1625453.2,14629.08,1381159.7,9668.12,203926.8,16314.15,983179.1,0.3074,0.8328,1.0042,0.0,40759.13,21.5899,20100000
New York,2023-12-10,2599184.2,46785.32,620163.7,21085.57,910163.3,10921.96,1211858.2,13330.44,1645922.7,14813.3,1415750.6,9910.25,168043.8,13443.5,1060312.4,0.3035,0.7012,0.9984,0.0,41462.32,21.4658,20100000
New York,2023-12-17,2456332.3,44213.98,582029.3,19789.0,1166101.7,13993.22,1583102.7,17414.13,1780604.1,16025.44,1483461.1,10384.23,175127.1,14010.17,1162079.3,0.3016,0.9075,0.982,0.0,41128.26,21.1134,20100000
New York,2023-12-24,2701064.2,48619.15,538182.8,18298.21,917880.8,11014.57,1448617.4,15934.79,1537647.1,13838.82,1341895.5,9393.27,164707.9,13176.64,1070581.7,0.3007,0.7107,1.0197,0.0,39537.71,21.9236,20100000
New York,2023-12-31,2652174.0,47739.13,455386.9,15483.15,1073720.9,12884.65,1638824.8,18027.07,1628628.7,14657.66,1134826.6,7943.79,207098.3,16567.86,1160294.7,0.3003,0.9114,1.0033,0.0,40646.75,21.5704,20100000
New York,2024-01-07,2653386.5,47760.96,593549.8,20180.69,1122341.3,13468.1,1523173.5,16754.91,1988223.9,17894.01,1505716.4,10540.01,188874.7,15109.97,1093809.5,0.306,0.9242,0.9984,0.0,41922.78,21.4665,20100000
New York,2024-01-14,1923537.3,34623.67,606144.0,20608.9,1221569.5,14658.83,1294026.0,14234.29,1958475.0,17626.28,1288768.1,9021.38,149004.9,11920.39,1124158.4,0.3115,0.794,1.0094,0.0,40065.46,21.703,20100000
New York,2024-01-21,2683818.3,48308.73,517931.1,17609.66,967740.7,11612.89,1697860.8,18676.47,1995357.2,17958.21,1516718.1,10617.03,163730.5,13098.44,1079465.6,0.321,0.7186,0.9908,0.0,42605.35,21.3016,20100000
New York,2024-01-28,2106947.8,37925.06,517816.0,17605.74,1176066.4,14112.8,1757448.5,19331.93,1932860.9,17395.75,1476957.4,10338.7,200718.2,16057.45,1173803.2,0.3364,0.7612,1.0011,0.0,45361.54,21.5226,20100000
New York,2024-02-04,2422519.9,43605.36,508996.4,17305.88,1244444.3,14933.33,1679153.1,18470.68,1859636.5,16736.73,1333517.9,9334.63,186083.5,14886.68,1070290.2,0.3601,0.9155,0.9925,0.0,45414.84,21.3384,20100000
New York,2024-02-11,2853429.0,51361.72,678546.1,23070.57,1055933.1,12671.2,1337431.7,14711.75,1722272.9,15500.46,1533684.9,10735.79,168349.3,13467.94,1337542.8,0.3947,0.8224,1.0171,0.0,43573.16,21.8675,20100000
New York,2024-02-18,2996896.0,53944.13,519934.3,17677.77,1276540.7,15318.49,1802320.4,19825.52,2120715.0,19086.44,1472722.0,10309.05,171785.5,13742.84,1145422.3,0.4423,0.8568,0.944,1.0,50793.71,20.2955,20100000
New York,2024-02-25,2556071.3,46009.28,524019.8,17816.67,1232107.9,14785.29,1464044.4,16104.49,2410986.6,21698.88,1193229.6,8352.61,220927.5,17674.2,1339433.0,0.5037,0.8614,0.9958,0.0,47170.97,21.4093,20100000
New York,2024-03-03,3418870.9,61539.68,580013.9,19720.47,1531238.6,18374.86,1609059.3,17699.65,1958704.6,17628.34,1325546.9,9278.83,200782.9,16062.63,1360078.0,0.5781,0.9939,0.9944,0.0,51914.48,21.38,20100000
New York,2024-03-10,2980438.3,53647.89,805058.8,27372.0,1162481.9,13949.78,2296474.4,25261.22,1970000.5,17730.0,1355614.9,9489.3,241403.3,19312.26,1754041.0,0.6618,1.1878,1.0058,0.0,58122.8,21.6243,20100000
New York,2024-03-17,3186525.8,57357.46,706832.3,24032.3,1505387.1,18064.65,2121393.1,23335.32,2126710.0,19140.39,1582857.5,11080.0,263823.1,21105.85,1730786.4,0.7487,1.2946,0.9645,1.0,66303.59,20.7377,20100000
New York,2024-03-24,3681555.0,66267.99,718564.4,24431.19,1661285.5,19935.43,1798421.0,19782.63,2573015.5,23157.14,1301341.7,9109.39,310650.5,24852.04,1882664.3,0.8305,1.1986,1.0158,0.0,65989.7,21.8402,20100000
New York,2024-03-31,3445488.3,62018.79,767626.6,26099.3,1346552.3,16158.63,2221755.9,24439.31,2464025.4,22176.23,1483293.3,10383.05,266323.5,21305.88,1823199.8,0.8979,1.3795,0.9987,0.0,63047.64,21.4721,20100000
New York,2024-04-07,3683540.1,66303.72,833496.9,28338.9,1781728.8,21380.75,2026157.6,22287.73,2702799.4,24325.19,1597609.6,11183.27,318848.4,25507.87,2002957.0,0.9424,1.5014,1.0186,0.0,69863.96,21.8989,20100000
New York,2024-04-14,3820543.1,68769.78,740680.5,25183.14,1452373.5,17428.48,2093806.9,23031.88,2855572.7,25700.15,1335602.5,9349.22,246081.5,19686.52,1991200.5,0.958,1.6602,0.9904,0.0,67214.85,21.2933,20100000
New York,2024-04-21,4121084.8,74179.53,884813.7,30083.66,1464264.3,17571.17,1960952.9,21570.48,3226267.3,29036.41,1229369.7,8605.59,312990.1,25039.21,2083634.3,0.9424,1.5617,0.9466,1.0,77387.66,20.3529,20100000
New York,2024-04-28,3365915.1,60586.47,722982.7,24581.41,1891632.2,22699.59,2650079.2,29150.87,2334670.6,21012.04,1565709.0,10959.96,300459.3,24036.74,1818682.1,0.8979,1.3746,0.9921,0.0,69151.02,21.3299,20100000
New York,2024-05-05,3120401.6,56167.23,731085.6,24856.91,1545867.4,18550.41,2416591.4,26582.51,2774907.9,24974.17,1328700.2,9300.9,302494.6,24199.57,1773652.0,0.8305,1.1417,0.9317,1.0,67357.88,20.031,20100000
New York,2024-05-12,3628327.5,65309.9,669793.4,22772.98,1529921.4,18359.06,1704908.9,18754.0,2460340.9,22143.07,1176763.0,8237.34,229899.0,18391.92,1737587.8,0.7487,1.3656,1.0014,0.0,56125.02,21.5291,20100000
New York,2024-05-19,3515650.4,63281.71,770248.2,26188.44,1159913.4,13918.96,1626959.1,17896.55,2024257.2,18218.32,1237421.1,8661.95,267203.5,21376.28,1382267.9,0.6618,1.2169,0.9942,0.0,54375.94,21.3748,20100000
New York,2024-05-26,2939267.0,52906.81,572961.5,19480.69,1224445.6,14693.35,1528972.8,16818.7,2533039.6,22797.36,1220893.6,8546.25,264129.3,21130.34,1521602.5,0.5782,0.9992,0.9404,1.0,61438.62,20.2177,20100000
New York,2024-06-02,2594310.7,46697.59,717167.8,24383.71,1326288.4,15915.46,1476206.6,16238.27,2273228.2,20459.05,1105263.6,7736.85,183094.2,14647.54,1492482.6,0.5041,1.0963,1.006,0.0,48982.32,21.6294,20100000
New York,2024-06-09,2942991.4,52973.85,594373.9,20208.71,968872.4,11626.47,1537573.2,16913.31,2248919.8,20240.28,1315435.7,9208.05,166825.6,13346.05,1284887.9,0.4433,0.8837,0.9851,0.0,47076.38,21.1804,20100000
New York,2024-06-16,2192354.7,39462.39,627031.9,21319.08,1292423.9,15509.09,1801169.6,19812.87,1834888.0,16513.99,1452081.4,10164.57,195013.8,15601.11,1230954.2,0.397,0.794,0.9496,1.0,53776.46,20.4169,20100000
New York,2024-06-23,2029162.0,36524.92,533709.1,18146.11,1081146.8,12973.76,1450441.5,15954.86,2070747.9,18636.73,1388391.9,9718.74,175322.3,14025.78,1165665.6,0.365,0.8483,0.9897,0.0,43323.01,21.2788,20100000
New York,2024-06-30,2171234.3,39082.22,537545.7,18276.55,1182575.4,14190.9,1287973.8,14167.71,1856210.4,16705.89,1086558.4,7605.91,183236.8,14658.95,1325752.0,0.3463,0.7785,0.998,0.0,45219.94,21.4577,20100000
New York,2024-07-07,2085797.4,37544.35,517343.4,17589.68,1158374.6,13900.5,1661564.0,18277.2,1819502.2,16375.52,1158669.4,8110.69,153679.7,12294.38,1157896.4,0.3399,0.7945,1.0199,0.0,38493.09,21.9272,20100000
New York,2024-07-14,2767479.8,49814.64,600935.1,20431.79,1250738.5,15008.86,1622683.8,17849.52,1817300.1,16355.7,1205334.0,8437.34,182275.0,14582.0,1157749.3,0.3456,0.7887,0.9892,0.0,43442.45,21.2668,20100000
New York,2024-07-21,2024811.8,36446.61,518072.7,17614.47,1188870.0,14266.44,1740673.3,19147.41,1552265.0,13970.39,1453193.5,10172.35,183325.4,14666.03,1060165.3,0.3634,0.9641,0.9883,0.0,43606.62,21.248,20100000
New York,2024-07-28,2090129.7,37622.33,535803.0,18217.3,1177146.5,14125.76,1335071.5,14685.79,1854242.1,16688.18,1368722.6,9581.06,203520.5,16281.64,1103070.2,0.3939,0.8173,0.9986,0.0,40670.69,21.4691,20100000
New York,2024-08-04,2520489.9,45368.82,701630.3,23855.43,1206021.4,14472.26,1842137.4,20263.51,2259544.1,20335.9,1127940.4,7895.58,234138.3,18731.06,1135451.3,0.4366,1.0051,1.0024,0.0,49489.01,21.5506,20100000
New York,2024-08-11,3073128.7,55316.32,669625.2,22767.26,1418308.4,17019.7,1915353.1,21068.88,1952541.0,17572.87,1211792.4,8482.55,214419.8,17153.59,1380265.0,0.4895,1.0231,1.0125,0.0,47561.32,21.7678,20100000
New York,2024-08-18,3036920.9,54664.58,663157.1,22547.34,1371116.0,16453.39,1476325.1,16239.58,1887926.1,16991.34,1525504.1,10678.53,218974.3,17517.94,1524938.3,0.5483,1.1354,1.0075,0.0,52856.66,21.6608,20100000
New York,2024-08-25,3113744.5,56047.4,650682.4,22123.2,1310859.7,15730.32,1892604.9,20818.65,2226016.1,20034.14,1590268.2,11131.88,194196.1,15535.69,1498887.7,0.606,1.0557,0.9891,0.0,52081.1,21.266,20100000
New York,2024-09-01,3210640.2,57791.52,726535.8,24702.22,1288769.1,15465.23,2156828.3,23725.11,2513789.4,22624.1,1331034.4,9317.24,210026.9,16802.15,1560317.6,0.6545,0.9895,0.9865,0.0,53544.67,21.2087,20100000
New York,2024-09-08,2799694.1,50394.49,786816.1,26751.75,1238632.3,14863.59,1941584.7,21357.43,2338267.4,21044.41,1238930.4,8672.51,208383.6,16670.69,1506264.5,0.6859,1.183,1.0055,0.0,56130.69,21.6184,20100000
New York,2024-09-15,3333017.7,59994.32,783440.0,26636.96,1415406.2,16984.87,1803068.6,19833.75,2621556.2,23594.01,1166227.8,8163.59,261911.0,20952.88,1549971.7,0.6946,1.0853,1.0004,0.0,55381.44,21.509,20100000
New York,2024-09-22,2939864.2,52917.56,626574.2,21303.52,1455028.9,17460.35,2051903.1,22570.93,2712015.4,24408.14,1453892.4,10177.25,256315.6,20505.25,1468217.0,0.679,1.1608,0.9659,1.0,61414.48,20.7674,20100000
New York,2024-09-29,3392920.5,61072.57,814618.0,27697.01,1457044.1,17484.53,2138008.9,23518.1,2205885.3,19852.97,1397567.1,9782.97,245205.1,19616.41,1441090.6,0.642,1.2553,1.0136,0.0,52872.9,21.7931,20100000
New York,2024-10-06,3112759.3,56029.67,757253.8,25746.63,1161116.6,13933.4,2029608.4,22325.69,2191849.2,19726.64,1216127.5,8512.89,233259.8,18660.78,1468446.3,0.5899,1.1617,0.9951,0.0,47764.76,21.3944,20100000
New York,2024-10-13,3260231.0,58684.16,729920.6,24817.3,1421105.3,17053.26,1512306.1,16635.37,1770583.4,15935.25,1226110.0,8582.77,251910.9,20152.87,1347594.5,0.5309,0.9353,0.9842,0.0,51536.56,21.1596,20100000
New York,2024-10-20,2414897.4,43468.15,638158.8,21697.4,1012647.4,12151.77,1573377.0,17307.15,1804602.6,16241.42,1364790.1,9553.53,243240.1,19459.21,1280624.0,0.4728,0.8455,1.0063,0.0,46325.75,21.6352,20100000
New York,2024-10-27,2251348.1,40524.27,594955.2,20228.48,1089563.6,13074.76,1723577.9,18959.36,2171796.1,19546.16,1194750.0,8363.25,211100.8,16888.07,1247404.1,0.4214,1.0435,0.9884,0.0,43658.61,21.2501,20100000
New York,2024-11-03,2748110.1,49465.98,629712.7,21410.23,965467.3,11585.61,1715701.6,18872.72,1982538.0,17842.84,1287768.3,9014.38,180828.7,14466.3,1208099.0,0.3802,0.9613,1.0154,0.0,44117.04,21.831,20100000
New York,2024-11-10,2588943.0,46600.97,567144.7,19282.92,1125039.2,13500.47,1521009.0,16731.1,2004391.7,18039.53,1201639.3,8411.48,209606.5,16768.52,1133641.5,0.3497,0.945,1.0198,0.0,42282.85,21.9249,20100000
New York,2024-11-17,2009261.2,36166.7,602869.7,20497.57,1049775.2,12597.3,1565812.5,17223.94,2052139.2,18469.25,1170624.5,8194.37,153219.7,12257.58,980222.4,0.329,0.911,0.9974,0.0,39913.02,21.4445,20100000
New York,2024-11-24,2450360.1,44106.48,491645.7,16715.95,888269.6,10659.23,1667857.7,18346.43,1462500.8,13162.51,1503234.3,10522.64,205869.3,16469.55,1197114.0,0.3159,0.7347,0.9981,0.0,41750.11,21.4594,20100000
New York,2024-12-01,2204584.6,39682.52,499818.1,16993.81,1111705.6,13340.47,1226267.9,13488.95,1617935.6,14561.42,1167311.8,8171.18,183470.4,14677.63,1067228.0,0.3082,0.8448,0.9941,0.0,38329.46,21.3738,20100000
New York,2024-12-08,2238550.5,40293.91,449895.3,15296.44,947915.8,11374.99,1389203.7,15281.24,1623170.4,14608.53,1309354.2,9165.48,194491.6,15559.32,1130476.8,0.3039,0.912,0.9853,0.0,42709.79,21.1846,20100000
New York,2024-12-15,2535142.1,45632.56,574027.8,19516.94,900890.5,10810.69,1340616.7,14746.78,1585368.5,14268.32,1293945.5,9057.62,187267.8,14981.42,1087242.9,0.3018,0.7467,0.9977,0.0,38997.25,21.4505,20100000
New York,2024-12-22,2422021.1,43596.38,475244.6,16158.32,968544.4,11622.53,1424628.5,15670.91,1699298.8,15293.69,1334020.9,9338.15,168005.2,13440.42,1142898.5,0.3008,0.8788,1.0093,0.0,41155.64,21.7007,20100000
New York,2024-12-29,2131222.3,38362.0,519009.5,17646.32,845562.4,10146.75,1524201.4,16766.22,1509446.7,13585.02,1452071.9,10164.5,149214.0,11937.12,1053402.4,0.3003,0.8701,1.0148,0.0,37380.53,21.8174,20100000
New York,2025-01-05,2201407.5,39625.33,555267.9,18879.11,1188181.7,14258.18,1561439.6,17175.84,1850848.6,16657.64,1470090.6,10290.63,201454.8,16116.38,1027969.0,0.305,0.7853,0.9803,0.0,39337.78,21.0772,20100000
New York,2025-01-12,2522075.2,45397.35,597386.1,20311.13,1074763.7,12897.16,1528022.3,16808.25,1914981.3,17234.83,1504031.0,10528.22,186009.1,14880.73,978936.5,0.3096,0.8691,0.9942,0.0,38061.87,21.3757,20100000
New York,2025-01-19,1926310.2,34673.58,449707.0,15290.04,1162021.6,13944.26,1326242.2,14588.66,1810295.7,16292.66,1494360.1,10460.52,187850.2,15028.01,1040451.6,0.3178,0.8633,0.9555,1.0,47355.35,20.5437,20100000
New York,2025-01-26,2022694.7,36408.5,524004.6,17816.15,1042815.6,12513.79,1383399.3,15217.39,1520555.1,13685.0,1416831.3,9917.82,204279.5,16342.36,1132741.3,0.3312,0.9406,0.939,1.0,44172.9,20.1885,20100000
New York,2025-02-02,2498523.0,44973.41,511543.1,17392.46,1101917.0,13223.0,1777090.1,19547.99,1906857.3,17161.72,1310215.4,9171.51,190181.2,15214.49,1214773.2,0.3524,0.8442,1.0117,0.0,42769.91,21.7526,20100000
New York,2025-02-09,2359537.9,42471.68,585405.2,19903.78,1009415.5,12112.99,1373311.2,15106.42,1705627.1,15350.64,1132608.7,7928.26,159876.4,12790.11,1136670.7,0.3836,1.0158,0.9909,0.0,41457.26,21.3046,20100000
New York,2025-02-16,2299862.3,41397.52,550767.7,18726.1,1195350.6,14344.21,1900358.0,20903.94,2237870.0,20140.83,1103439.2,7724.07,177490.4,14199.23,1137394.0,0.4273,1.0041,0.9817,0.0,45875.98,21.1074,20100000
New York,2025-02-23,3034826.8,54626.88,735006.2,24990.21,1245550.6,14946.61,1586651.7,17453.17,1865994.8,16793.95,1103531.9,7724.72,210190.1,16815.21,1313801.7,0.4848,0.8629,0.9932,0.0,49177.73,21.353,20100000
New York,2025-03-02,3229509.5,58131.17,721746.6,24539.38,1498338.0,17980.06,1601498.1,17616.48,2261884.8,20356.96,1567028.9,10969.2,191086.7,15286.93,1448632.5,0.5557,0.9645,0.9611,1.0,58333.41,20.6633,20100000
New York,2025-03-09,2981726.0,53671.07,705868.7,23999.54,1217750.4,14613.01,2202772.9,24230.5,2038939.9,18350.46,1258485.2,8809.4,207609.8,16608.78,1447544.6,0.6372,1.2738,0.9907,0.0,51750.08,21.2997,20100000
New York,2025-03-16,2768789.3,49838.21,772940.3,26279.97,1418396.0,17020.75,2071919.3,22791.11,2134242.1,19208.18,1308841.7,9161.89,245757.1,19660.57,1710015.2,0.724,1.3424,1.0103,0.0,65998.34,21.7204,20100000
New York,2025-03-23,3809984.6,68579.72,775156.0,26355.3,1619754.9,19437.06,2146528.4,23611.81,2647804.3,23830.24,1530049.7,10710.35,287698.4,23015.87,1782420.2,0.8082,1.2854,1.0144,0.0,62965.45,21.81,20100000
New York,2025-03-30,2964206.8,53355.72,701453.5,23849.42,1793716.3,21524.6,1935878.0,21294.66,2560983.8,23048.85,1671152.2,11698.07,232547.2,18603.78,1718286.5,0.8807,1.2833,0.9914,0.0,65181.44,21.315,20100000
New York,2025-04-06,3085796.0,55544.33,777654.7,26440.26,1521167.6,18254.01,2225170.1,24476.87,2974850.0,26773.65,1584906.8,11094.35,263572.5,21085.8,1665499.1,0.9325,1.6094,0.989,0.0,64825.75,21.2646,20100000
New York,2025-04-13,3397447.1,61154.05,788797.5,26819.11,1523791.9,18285.5,2404756.1,26452.32,2912818.0,26215.36,1516576.9,10616.04,268038.7,21443.1,1932594.1,0.9567,1.6689,1.0025,0.0,72333.25,21.5538,20100000
New York,2025-04-20,3058506.9,55053.13,908719.8,30896.47,1448677.4,17384.13,2473746.3,27211.21,3280024.3,29520.22,1634788.8,11443.52,277991.6,22239.33,2065574.4,0.95,1.5536,0.9665,1.0,78653.93,20.7789,20100000
New York,2025-04-27,4002928.5,72052.71,748589.0,25452.03,1807405.7,21688.87,2550619.6,28056.82,2913807.1,26224.26,1358284.0,9507.99,330040.9,26403.28,2066284.2,0.9133,1.4006,0.9903,0.0,65542.98,21.2915,20100000
New York,2025-05-04,3454582.6,62182.49,734323.1,24966.98,1578008.8,18936.11,1824886.4,20073.75,2799805.9,25198.25,1403629.2,9825.4,257550.3,20604.02,1878002.1,0.8517,1.5521,1.0026,0.0,60533.99,21.5562,20100000
New York,2025-05-11,3478831.5,62618.97,906804.1,30831.34,1621575.6,19458.91,2256843.7,24825.28,2294129.4,20647.16,1506273.4,10543.91,267795.1,21423.61,1759959.2,0.773,1.3517,0.9999,0.0,57104.37,21.4973,20100000
New York,2025-05-18,3232978.9,58193.62,790259.8,26868.83,1356714.3,16280.57,2005887.8,22064.77,2116539.2,19048.85,1133639.4,7935.48,256615.1,20529.21,1745314.2,0.6867,1.0717,0.9485,1.0,65529.71,20.3923,20100000
New York,2025-05-25,2706914.0,48724.45,782930.5,26619.64,1280871.0,15370.45,2024724.2,22271.97,1968307.2,17714.77,1548290.4,10838.03,248994.5,19919.56,1486346.7,0.6014,0.9442,0.9672,1.0,58158.59,20.795,20100000
New York,2025-06-01,3179684.8,57234.33,693704.4,23585.95,1031584.7,12379.02,1467822.2,16146.04,2266310.0,20396.79,1323586.8,9265.11,226988.3,18159.06,1287388.2,0.5241,1.0726,0.9808,0.0,50775.86,21.0872,20100000
New York,2025-06-08,2972170.6,53499.07,638160.0,21697.44,1110497.3,13325.97,1738171.1,19119.88,1964976.8,17684.79,1292215.4,9045.51,182105.7,14568.46,1399452.7,0.4592,1.1009,1.0019,0.0,48979.65,21.5403,20100000
New York,2025-06-15,2660776.2,47893.97,681252.3,23162.58,1134259.0,13611.11,1591814.8,17509.96,1850565.3,16655.09,1435795.4,10050.57,166304.2,13304.34,1258797.5,0.4087,0.8809,0.9952,0.0,44213.1,21.3962,20100000
New York,2025-06-22,2469561.6,44452.11,578326.5,19663.1,925086.3,11101.04,1490907.2,16399.98,2105775.8,18951.98,1123502.9,7864.52,223554.8,17884.39,1243173.4,0.3728,0.8739,0.9896,0.0,43076.26,21.2756,20100000
New York,2025-06-29,2213934.6,39850.82,614092.5,20879.14,1111490.9,13337.89,1404192.4,15446.12,1549239.0,13943.15,1252733.6,8769.14,159903.1,12792.24,1196642.8,0.3504,0.795,0.956,1.0,48083.13,20.555,20100000
New York,2025-07-06,2110141.8,37982.55,467277.2,15887.43,1249233.3,14990.8,1699351.2,18692.86,1893308.7,17039.78,1198404.8,8388.83,210802.5,16864.2,1065366.7,0.3405,0.8724,1.004,0.0,42264.94,21.5858,20100000
New York,2025-07-13,2245936.6,40426.86,565606.2,19230.61,1086437.6,13037.25,1294345.3,14237.8,1924673.7,17322.06,1481172.7,10368.21,207207.9,16576.63,1126406.1,0.3427,0.7794,0.9873,0.0,41581.48,21.2259,20100000
New York,2025-07-20,2645360.4,47616.49,514496.4,17492.88,1088824.6,13065.89,1451859.5,15970.45,1892446.2,17032.02,1254992.9,8784.95,167592.1,13407.36,1282993.4,0.357,0.8344,0.9874,0.0,41413.78,21.2295,20100000
New York,2025-07-27,2252083.0,40537.49,488491.3,16608.7,1254547.7,15054.57,1819618.3,20015.8,1992782.4,17935.04,1242568.9,8697.98,157937.7,12635.01,1300553.3,0.3839,0.8537,0.9903,0.0,46795.57,21.2908,20100000
New York,2025-08-03,2981201.2,53661.62,653378.9,22214.88,1274631.7,15295.58,1537416.3,16911.58,1735217.0,15616.95,1299879.7,9099.16,178422.1,14273.76,1349855.5,0.4232,0.8694,0.9838,0.0,45918.2,21.1507,20100000
New York,2025-08-10,2678099.0,48205.78,513943.8,17474.09,988748.2,11864.98,1530006.3,16830.07,1875941.1,16883.47,1460396.9,10222.78,218482.5,17478.6,1315833.6,0.4736,0.9567,1.0186,0.0,46439.48,21.9003,20100000
New York,2025-08-17,2810266.7,50584.8,604134.5,20540.57,1167438.8,14009.27,1559382.7,17153.21,2197998.8,19781.99,1566631.1,10966.42,231222.4,18497.79,1245892.4,0.5313,0.9847,1.0125,0.0,51326.22,21.7688,20100000
New York,2025-08-24,2723633.6,49025.4,590910.7,20090.97,1421223.1,17054.68,1543445.6,16977.9,2167977.9,19511.8,1148683.8,8040.79,233562.7,18685.01,1384359.9,0.5901,1.0707,0.9943,0.0,52363.44,21.3764,20100000
New York,2025-08-31,2645718.7,47622.94,644099.6,21899.39,1288807.4,15465.69,1854235.9,20396.6,2573751.1,23163.76,1469963.9,10289.75,242444.8,19395.58,1632170.9,0.6421,0.9828,0.9424,1.0,61843.32,20.2621,20100000
New York,2025-09-07,2821642.1,50789.56,746120.9,25368.11,1332916.5,15995.0,1866183.1,20528.01,2605235.7,23447.12,1349349.6,9445.45,220877.1,17670.17,1454131.2,0.679,1.2324,1.0024,0.0,53534.25,21.5516,20100000
New York,2025-09-14,3322073.4,59797.32,812871.1,27637.62,1390622.5,16687.47,2216477.6,24381.25,2008070.7,18072.64,1490857.3,10436.0,277155.3,22172.43,1725679.6,0.6946,1.3081,0.9853,0.0,59630.68,21.1831,20100000
New York,2025-09-21,3502401.3,63043.22,763760.7,25967.86,1486711.9,17840.54,1657147.3,18228.62,2367325.1,21305.93,1598084.1,11186.59,278503.9,22280.31,1469318.8,0.6858,1.2052,0.9911,0.0,56916.18,21.3088,20100000
New York,2025-09-28,3611264.7,65002.77,835536.4,28408.24,1289753.3,15477.04,2057227.6,22629.5,2041205.2,18370.85,1159132.7,8113.93,259646.1,20771.69,1373500.4,0.6545,1.058,0.999,0.0,55426.22,21.4789,20100000
New York,2025-10-05,2950534.5,53109.62,717222.5,24385.56,1311561.6,15738.74,1787563.3,19663.2,2516367.5,22647.31,1432913.2,10030.39,250406.4,20032.51,1473787.7,0.6059,0.9863,0.9924,0.0,51773.22,21.3365,20100000
New York,2025-10-12,3201429.5,57625.73,625835.6,21278.41,1478119.8,17737.44,1999488.1,21994.37,1759953.9,15839.59,1553381.3,10873.67,237922.2,19033.78,1389049.6,0.548,0.9374,0.9606,1.0,57451.86,20.6534,20100000
New York,2025-10-19,2859663.2,51473.94,650248.0,22108.43,1002648.0,12031.78,1852559.0,20378.15,1876455.9,16888.1,1110002.5,7770.02,212061.4,16964.92,1303205.5,0.4889,0.9953,1.0131,0.0,45777.93,21.7815,20100000
New York,2025-10-26,3035646.6,54641.64,646772.4,21990.26,1190575.0,14286.9,1925234.9,21177.58,1781762.7,16035.86,1417290.8,9921.04,231799.5,18543.96,1312740.1,0.4351,0.8898,0.9881,0.0,43227.66,21.2432,20100000
New York,2025-11-02,2380886.1,42855.95,546513.5,18581.46,1199325.5,14391.91,1826566.5,20092.23,1646156.1,14815.4,1543468.4,10804.28,172072.3,13765.78,1218097.0,0.3908,0.7687,0.9962,0.0,42752.79,21.4184,20100000
New York,2025-11-09,2345811.6,42224.61,570665.0,19402.61,1141617.8,13699.41,1442806.2,15870.87,1514938.7,13634.45,1444321.0,10110.25,221141.3,17691.3,1191528.0,0.3573,0.9281,0.9611,1.0,48755.37,20.6631,20100000
New York,2025-11-16,2781287.7,50063.18,571793.3,19440.97,1220633.9,14647.61,1425014.3,15675.16,1554807.3,13993.27,1434149.1,10039.04,202212.1,16176.97,1096745.4,0.334,0.7641,0.9629,1.0,49436.38,20.7016,20100000
New York,2025-11-23,2311153.6,41600.76,634451.1,21571.34,954365.2,11452.38,1302264.8,14324.91,1975118.6,17776.07,1483835.5,10386.85,183036.8,14642.94,1179958.0,0.319,0.919,1.0131,0.0,41809.21,21.7825,20100000
New York,2025-11-30,2671039.4,48078.71,451392.4,15347.34,1221352.7,14656.23,1271473.8,13986.21,1695819.0,15262.37,1152845.5,8069.92,191759.6,15340.77,1072341.1,0.3099,0.7115,0.9948,0.0,38377.33,21.389,20100000
New York,2025-12-07,2014034.3,36252.62,521317.4,17724.79,1123872.9,13486.48,1687088.9,18557.98,1619257.0,14573.31,1212999.5,8491.0,153210.6,12256.85,1009446.1,0.3049,0.8805,1.0086,0.0,37648.46,21.6843,20100000
New York,2025-12-14,2633412.9,47401.43,530370.1,18032.58,1054529.2,12654.35,1476178.3,16237.96,1617692.3,14559.23,1224929.9,8574.51,182329.9,14586.39,995617.3,0.3023,0.7296,0.9979,0.0,39462.05,21.4544,20100000
New York,2025-12-21,1975576.8,35560.38,516181.9,17550.18,949436.9,11393.24,1465122.9,16116.35,1867439.5,16806.96,1065065.4,7455.46,209585.0,16766.8,1016672.3,0.301,0.7011,0.9923,0.0,42257.71,21.3349,20100000
Los Angeles,2023-01-01,1479629.3,26633.33,376423.2,12798.39,759329.4,9111.95,818890.1,9007.79,1115365.4,10038.29,819285.4,5735.0,104510.4,8360.83,746039.5,0.3035,0.8158,0.9638,1.0,27557.2,20.7208,13200000
Los Angeles,2023-01-08,1716939.1,30904.9,410406.0,13953.8,717786.3,8613.44,982573.0,10808.3,955254.1,8597.29,914271.5,6399.9,122562.4,9804.99,789099.2,0.3069,0.9092,1.0078,0.0,25001.03,21.6684,13200000
Los Angeles,2023-01-15,1634283.3,29417.1,303863.2,10331.35,725947.1,8711.37,874056.7,9614.62,1269597.8,11426.38,804949.4,5634.65,130588.2,10447.05,781558.8,0.3131,0.7038,1.0105,0.0,27178.8,21.7249,13200000
Los Angeles,2023-01-22,1289373.5,23208.72,408152.9,13877.2,837118.3,10045.42,1060914.1,11670.06,1099532.5,9895.79,791824.2,5542.77,102812.3,8224.98,773328.1,0.3237,0.9405,1.0148,0.0,28140.25,21.8173,13200000
Los Angeles,2023-01-29,1558431.3,28051.76,306898.4,10434.55,814974.9,9779.7,999870.4,10998.57,1314073.7,11826.66,894876.5,6264.14,115249.9,9219.99,820803.5,0.3409,0.7743,0.9887,0.0,29735.72,21.2572,13200000
Los Angeles,2023-02-05,1398542.2,25173.76,368774.8,12538.34,952271.7,11427.26,883665.0,9720.32,983666.9,8853.0,729090.0,5103.63,138961.5,11116.92,760302.4,0.3671,0.847,0.9357,1.0,33354.39,20.1184,13200000
Los Angeles,2023-02-12,1873445.8,33722.03,439191.9,14932.52,953551.3,11442.62,814637.0,8961.01,1084996.5,9764.97,908189.1,6357.32,156775.1,12542.0,784974.9,0.405,0.9938,0.9903,0.0,30719.43,21.2916,13200000
Los Angeles,2023-02-19,1494416.1,26899.49,402063.4,13670.16,841763.2,10101.16,865954.4,9525.5,1390952.6,12518.57,920645.1,6444.52,115451.6,9236.13,779730.5,0.4566,0.9377,1.0149,0.0,29661.23,21.8214,13200000
Los Angeles,2023-02-26,2069493.3,37250.88,408769.6,13898.17,972108.6,11665.3,911224.4,10023.47,1270681.3,11436.13,946907.4,6628.35,121181.8,9694.55,936117.1,0.5227,1.1572,0.9681,1.0,37691.3,20.8132,13200000
Los Angeles,2023-03-05,2204600.3,39682.81,408841.5,13900.61,1093044.0,13116.53,1203837.4,13242.21,1258847.3,11329.63,1029138.1,7203.97,133696.1,10695.69,1001912.6,0.6019,1.0904,0.9327,1.0,39172.41,20.054,13200000
Los Angeles,2023-03-12,1680113.0,30242.03,531985.8,18087.52,1284691.6,15416.3,1141147.2,12552.62,1489078.0,13401.7,933266.8,6532.87,188472.2,15077.78,1041312.4,0.6901,1.1058,0.9908,0.0,38518.33,21.3015,13200000
Los Angeles,2023-03-19,2176845.4,39183.22,584619.1,19877.05,1009069.8,12108.84,1464738.7,16112.13,1657065.8,14913.59,797409.7,5581.87,175769.8,14061.59,1087899.8,0.7805,1.1743,1.0145,0.0,40522.42,21.8108,13200000
Los Angeles,2023-03-26,2219674.5,39954.14,444669.1,15118.75,1283194.9,15398.34,1118736.7,12306.1,1822480.1,16402.32,765995.6,5361.97,186482.2,14918.57,1217302.4,0.8643,1.5316,0.9845,0.0,41359.51,21.1664,13200000
Los Angeles,2023-04-02,2600382.4,46806.88,562501.5,19125.05,1189095.2,14269.14,1307889.5,14386.78,1524194.3,13717.75,1071461.3,7500.23,226290.7,18103.25,1292915.6,0.9317,1.2739,1.0036,0.0,41990.19,21.5769,13200000
Los Angeles,2023-04-09,2763423.0,49741.61,549462.2,18681.71,1553468.1,18641.62,1418195.2,15600.15,1955137.6,17596.24,939532.3,6576.73,192106.3,15368.5,1407294.9,0.974,1.4636,1.0121,0.0,45468.4,21.7606,13200000
Los Angeles,2023-04-16,2092106.8,37657.92,515148.5,17515.05,1290547.1,15486.57,1318992.8,14508.92,1801567.6,16214.11,996359.8,6974.52,216055.4,17284.43,1451198.5,0.9857,1.4505,1.0091,0.0,44971.24,21.6946,13200000
Los Angeles,2023-04-23,2626737.4,47281.27,589150.3,20031.11,1261453.8,15137.45,1624869.6,17873.57,1836369.4,16527.32,996235.6,6973.65,180300.9,14424.07,1128410.8,0.9649,1.2721,0.9407,1.0,50455.75,20.2252,13200000
Los Angeles,2023-04-30,2015879.7,36285.83,613576.7,20861.61,1448295.9,17379.55,1217623.4,13393.86,1800380.8,16203.43,930012.6,6510.09,206185.1,16494.81,1219683.8,0.9146,1.4903,1.0038,0.0,46490.55,21.5816,13200000
Los Angeles,2023-05-07,2651901.3,47734.22,485015.4,16490.52,1396725.8,16760.71,1414986.4,15564.85,1859319.2,16733.87,942275.5,6595.93,157356.6,12588.53,1299336.0,0.8416,1.3526,0.9935,0.0,41768.05,21.3601,13200000
Los Angeles,2023-05-14,1820696.7,32772.54,477042.2,16219.44,1337557.1,16050.68,1047298.6,11520.28,1722244.3,15500.2,829849.5,5808.95,198631.1,15890.49,1162630.7,0.755,1.0732,1.0003,0.0,38971.88,21.5056,13200000
Los Angeles,2023-05-21,1685317.4,30335.71,469863.8,15975.37,1077085.4,12925.02,1154920.3,12704.12,1661357.0,14952.21,752458.8,5267.21,190920.9,15273.67,1032830.6,0.6644,1.0426,0.9314,1.0,42972.41,20.0251,13200000
Los Angeles,2023-05-28,2074159.8,37334.88,475932.4,16181.7,857665.4,10291.98,1095984.2,12055.83,1199539.1,10795.85,945632.5,6619.43,127253.3,10180.27,934787.3,0.5783,1.092,0.9847,0.0,30960.92,21.171,13200000
Los Angeles,2023-06-04,1749651.1,31493.72,351626.8,11955.31,1044300.8,12531.61,959851.8,10558.37,1379511.9,12415.61,803241.9,5622.69,120628.4,9650.27,824405.3,0.5029,1.1464,0.9977,0.0,33214.11,21.4499,13200000
Los Angeles,2023-06-11,1430630.3,25751.35,437795.0,14885.03,789833.7,9478.0,858340.0,9441.74,1419410.6,12774.7,856814.3,5997.7,121673.2,9733.85,793491.4,0.4415,0.8171,0.9402,1.0,34662.46,20.2146,13200000
Los Angeles,2023-06-18,1557769.2,28039.85,405006.4,13770.22,773754.3,9285.05,928323.1,10211.55,1041318.3,9371.86,800622.9,5604.36,150220.5,12017.64,827689.1,0.3955,0.8707,0.9895,0.0,28711.52,21.2744,13200000
Los Angeles,2023-06-25,1865130.1,33572.34,348667.5,11854.69,831221.2,9974.65,1069333.5,11762.67,1015476.9,9139.29,814462.3,5701.24,134376.3,10750.11,744136.0,0.3642,0.8249,0.9998,0.0,30106.71,21.4965,13200000
Los Angeles,2023-07-02,1348956.4,24281.21,313994.3,10675.81,786674.9,9440.1,833933.1,9173.26,989101.3,8901.91,735394.2,5147.76,105279.8,8422.38,783392.2,0.3466,0.843,1.0146,0.0,25437.97,21.8135,13200000
Los Angeles,2023-07-09,1675078.1,30151.41,409667.2,13928.68,923292.4,11079.51,922746.8,10150.21,1024150.6,9217.36,889173.4,6224.21,140848.8,11267.9,749625.9,0.3417,0.7824,0.9978,0.0,27822.56,21.4536,13200000
Los Angeles,2023-07-16,1355303.9,24395.47,331379.0,11266.89,829936.6,9959.24,831869.2,9150.56,1063020.1,9567.18,956738.5,6697.17,129370.0,10349.6,730015.7,0.3494,0.8486,0.9549,1.0,30699.57,20.5311,13200000
Los Angeles,2023-07-23,1506737.0,27121.27,345331.9,11741.28,875638.7,10507.66,973616.8,10709.79,1089868.2,9808.81,825388.6,5777.72,122325.6,9786.05,777889.8,0.3698,0.8869,0.9954,0.0,27121.03,21.4006,13200000
Los Angeles,2023-07-30,1395046.9,25110.84,359002.5,12206.09,1052871.9,12634.46,946950.2,10416.45,1227132.0,11044.19,740156.7,5181.1,132129.5,10570.36,854973.7,0.4035,0.8407,0.9874,0.0,28305.18,21.2298,13200000
Los Angeles,2023-08-06,1491621.2,26849.18,369784.2,12572.66,791815.7,9501.79,987853.2,10866.39,1454742.4,13092.68,766507.2,5365.55,121721.0,9737.68,781372.3,0.4497,0.8952,0.9894,0.0,31806.33,21.2725,13200000
Los Angeles,2023-08-13,1798566.1,32374.19,356648.0,12126.03,900635.4,10807.62,1178800.9,12966.81,1469583.6,13226.25,999907.6,6999.35,152905.6,12232.45,801931.4,0.5061,1.0622,0.9868,0.0,32792.08,21.2152,13200000
Los Angeles,2023-08-20,1682285.9,30281.15,461390.1,15687.26,934928.5,11219.14,996258.3,10958.84,1177034.4,10593.31,935160.6,6546.12,148524.9,11881.99,828337.1,0.5677,0.9957,0.9503,1.0,37533.85,20.4323,13200000
Los Angeles,2023-08-27,2006774.2,36121.94,476325.6,16195.07,880984.0,10571.81,1110527.0,12215.8,1532011.9,13788.11,1003895.7,7027.27,177965.5,14237.24,1010152.2,0.6271,1.0192,1.0033,0.0,34892.17,21.5716,13200000
Los Angeles,2023-09-03,2088018.4,37584.33,549161.9,18671.51,1276179.7,15314.16,1116045.6,12276.5,1618017.3,14562.16,796282.1,5573.97,147928.5,11834.28,1064370.8,0.6755,1.156,1.0073,0.0,36348.35,21.6575,13200000
Los Angeles,2023-09-10,1737084.4,31267.52,421468.2,14329.92,948779.7,11385.36,1092618.8,12018.81,1510694.5,13596.25,789235.1,5524.65,140553.6,11244.29,971062.0,0.7051,1.2378,1.0199,0.0,37409.8,21.927,13200000
Los Angeles,2023-09-17,1796490.2,32336.82,524548.7,17834.66,1184769.8,14217.24,1271542.6,13986.97,1699024.4,15291.22,776823.7,5437.77,183799.2,14703.94,979936.1,0.7106,1.36,0.9816,0.0,34828.46,21.1046,13200000
Los Angeles,2023-09-24,2372378.3,42702.81,500990.1,17033.66,1075328.0,12903.94,1350287.9,14853.17,1619076.6,14571.69,824355.6,5770.49,179998.4,14399.88,1027953.1,0.6909,1.3377,0.9376,1.0,42370.13,20.159,13200000
Los Angeles,2023-10-01,2284275.7,41116.96,392494.7,13344.82,1243842.6,14926.11,1128057.8,12408.64,1234734.0,11112.61,771390.2,5399.73,138802.9,11104.23,953525.8,0.6496,1.1814,0.9939,0.0,34271.74,21.3692,13200000
Los Angeles,2023-10-08,1799835.5,32397.04,447318.3,15208.82,1100537.1,13206.44,1163219.7,12795.42,1367397.8,12306.58,783024.9,5481.17,162689.1,13015.12,833858.4,0.5937,1.0186,1.0148,0.0,35135.36,21.8187,13200000
Los Angeles,2023-10-15,1568517.1,28233.31,459533.9,15624.15,851995.1,10223.94,953382.2,10487.2,1271416.7,11442.75,878736.3,6151.15,135980.5,10878.44,798600.4,0.5318,0.8913,0.9342,1.0,34287.92,20.0846,13200000
Los Angeles,2023-10-22,1886632.4,33959.38,404855.0,13765.07,828777.7,9945.33,963895.4,10602.85,1216779.0,10951.01,764080.3,5348.56,127123.4,10169.87,764239.6,0.4719,0.8435,1.0125,0.0,31598.32,21.7695,13200000
Los Angeles,2023-10-29,1566735.8,28201.24,400251.3,13608.55,853992.5,10247.91,1144037.4,12584.41,1301176.5,11710.59,1005095.1,7035.67,124176.6,9934.13,759073.3,0.4197,0.7972,0.9894,0.0,29882.83,21.2725,13200000
Los Angeles,2023-11-05,1348372.7,24270.71,344989.6,11729.65,801834.7,9622.02,1095461.7,12050.08,1244944.4,11204.5,806518.5,5645.63,118540.5,9483.24,752905.9,0.3784,0.9956,0.9909,0.0,26186.2,21.304,13200000
Los Angeles,2023-11-12,1560262.3,28084.72,416273.9,14153.31,732808.5,8793.7,775281.2,8528.09,1349646.8,12146.82,962623.3,6738.36,140148.6,11211.89,742885.2,0.3482,0.7754,0.9944,0.0,25688.13,21.38,13200000
Los Angeles,2023-11-19,1388434.2,24991.82,305831.9,10398.29,729881.1,8758.57,909396.0,10003.36,965580.8,8690.23,726817.2,5087.72,130787.4,10462.99,708530.7,0.3278,0.71,0.9991,0.0,25569.79,21.4802,13200000
Los Angeles,2023-11-26,1384119.5,24914.15,356747.5,12129.42,817142.6,9805.71,834767.6,9182.44,1341772.6,12075.95,717016.7,5019.12,103073.1,8245.85,673881.8,0.3151,0.8295,0.936,1.0,30380.87,20.1244,13200000
Los Angeles,2023-12-03,1444247.2,25996.45,344551.1,11714.74,714851.3,8578.22,948050.0,10428.55,1243676.0,11193.08,891756.4,6242.29,104223.0,8337.84,691959.1,0.3077,0.7147,1.0135,0.0,25559.77,21.7896,13200000
Los Angeles,2023-12-10,1621467.7,29186.42,385328.3,13101.16,816852.8,9802.23,765983.0,8425.81,1044345.8,9399.11,852839.8,5969.88,135785.0,10862.8,717865.6,0.3037,0.6945,1.0121,0.0,27586.35,21.7603,13200000
Los Angeles,2023-12-17,1672049.2,30096.89,384739.3,13081.14,800109.6,9601.31,985926.8,10845.19,1211546.9,10903.92,854914.8,5984.4,102837.2,8226.98,622898.3,0.3017,0.8905,1.0007,0.0,25950.5,21.5158,13200000
Los Angeles,2023-12-24,1317007.3,23706.13,367988.7,12511.62,680477.9,8165.73,839493.9,9234.43,1289705.0,11607.35,756058.9,5292.41,118960.9,9516.87,712720.5,0.3007,0.7157,0.9968,0.0,27221.85,21.432,13200000
Los Angeles,2023-12-31,1355697.1,24402.55,410882.6,13970.01,774922.0,9299.06,779144.1,8570.59,968719.5,8718.48,891537.8,6240.76,114181.8,9134.55,790035.0,0.3003,0.7443,0.9926,0.0,27978.46,21.3399,13200000
Los Angeles,2024-01-07,1744673.3,31404.12,344407.1,11709.84,902752.1,10833.03,1011568.4,11127.25,1265587.7,11390.29,793781.6,5556.47,141951.3,11356.1,623689.2,0.3063,0.9205,0.9986,0.0,23683.01,21.4693,13200000
Los Angeles,2024-01-14,1250854.4,22515.38,373803.9,12709.33,868008.9,10416.11,832297.5,9155.27,1192584.0,10733.26,876622.6,6136.36,128292.4,10263.39,734928.2,0.312,0.7324,0.9821,0.0,28135.48,21.1153,13200000
Los Angeles,2024-01-21,1532733.9,27589.21,370879.6,12609.9,884555.9,10614.67,900865.3,9909.52,1070375.4,9633.38,805479.8,5638.36,110072.1,8805.76,664845.1,0.3219,0.8549,0.9677,1.0,32384.91,20.8046,13200000
Los Angeles,2024-01-28,1660769.6,29893.85,350217.1,11907.38,753454.9,9041.46,750506.9,8255.58,1051414.8,9462.73,962698.9,6738.89,133148.3,10651.86,805919.6,0.3379,0.9519,0.9513,1.0,30945.04,20.4521,13200000
Los Angeles,2024-02-04,1710625.2,30791.25,386278.2,13133.46,897312.2,10767.75,1052775.2,11580.53,1341513.2,12073.62,893095.3,6251.67,112041.7,8963.34,746684.7,0.3627,0.8602,0.9625,1.0,32135.89,20.6939,13200000
Los Angeles,2024-02-11,1554332.6,27977.99,427731.2,14542.86,897184.0,10766.21,1125499.9,12380.5,1354127.7,12187.15,710819.7,4975.74,122028.1,9762.24,751220.4,0.3988,0.8795,1.0107,0.0,33416.09,21.7298,13200000
Los Angeles,2024-02-18,1608280.7,28949.05,375024.6,12750.84,1080730.9,12968.77,898594.3,9884.54,1125814.6,10132.33,954095.5,6678.67,137557.5,11004.6,843249.8,0.4484,0.8925,0.9997,0.0,28668.82,21.4935,13200000
Los Angeles,2024-02-25,2033950.3,36611.1,473504.6,16099.16,978921.5,11747.06,988895.2,10877.85,1517858.8,13660.73,727976.7,5095.84,145216.9,11617.35,805976.6,0.5124,0.9006,0.9349,1.0,36091.0,20.1012,13200000
Los Angeles,2024-03-03,1695870.2,30525.66,450864.5,15329.39,1177138.9,14125.67,1221267.5,13433.94,1504101.3,13536.91,846156.3,5923.09,149704.5,11976.36,1002087.5,0.5899,1.0078,1.0027,0.0,33311.29,21.557,13200000
Los Angeles,2024-03-10,1725742.2,31063.36,411344.1,13985.7,1090315.2,13083.78,1005040.0,11055.44,1599567.0,14396.1,965603.6,6759.23,183266.0,14661.28,978817.7,0.6772,1.0684,0.9856,0.0,38032.04,21.1914,13200000
Los Angeles,2024-03-17,2054295.0,36977.31,433179.8,14728.11,1093658.3,13123.9,1061141.6,11672.56,1812556.1,16313.0,1020788.3,7145.52,179769.6,14381.57,1114879.8,0.7678,1.2065,0.9581,1.0,44669.89,20.5996,13200000
Los Angeles,2024-03-24,2564066.3,46153.19,481562.7,16373.13,1215821.8,14589.86,1138579.5,12524.37,1986105.0,17874.94,857659.5,6003.62,200720.9,16057.67,1177744.6,0.8531,1.452,0.9937,0.0,42462.53,21.365,13200000
Los Angeles,2024-03-31,2269355.9,40848.41,573966.5,19514.86,1270622.8,15247.47,1201490.6,13216.4,2010710.3,18096.39,783335.8,5483.35,194077.6,15526.21,1324759.9,0.9234,1.483,1.0143,0.0,41514.19,21.8071,13200000
Los Angeles,2024-04-07,2074476.8,37340.58,569550.8,19364.73,1344393.4,16132.72,1613720.3,17750.92,1512124.3,13609.12,1032583.2,7228.08,205377.7,16430.21,1345713.2,0.9698,1.4951,0.9899,0.0,48090.35,21.283,13200000
Los Angeles,2024-04-14,2597483.1,46754.7,660672.1,22462.85,1296701.6,15560.42,1293431.5,14227.75,1841543.4,16573.89,999020.0,6993.14,201492.2,16119.38,1298680.9,0.986,1.5458,1.0097,0.0,44583.51,21.7079,13200000
Los Angeles,2024-04-21,2471599.4,44488.79,543296.2,18472.07,1334569.6,16014.83,1520787.9,16728.67,1503304.9,13529.74,777322.9,5441.26,173994.6,13919.57,1298151.7,0.9698,1.2916,1.0076,0.0,47357.68,21.6628,13200000
Los Angeles,2024-04-28,2776494.0,49976.89,584412.7,19870.03,1372008.1,16464.1,1530819.8,16839.02,1944460.0,17500.14,850826.0,5955.78,198667.9,15893.43,1401171.0,0.9234,1.3498,0.9951,0.0,45287.36,21.3943,13200000
Los Angeles,2024-05-05,2356790.6,42422.23,559818.2,19033.82,1095603.9,13147.25,1411365.6,15525.02,1913906.3,17225.16,893471.0,6254.3,200751.8,16060.15,1094746.7,0.8531,1.243,1.0089,0.0,40699.87,21.691,13200000
Los Angeles,2024-05-12,1833497.1,33002.95,567091.6,19281.11,1362879.4,16354.55,1210127.8,13311.41,1661045.5,14949.41,766992.6,5368.95,156108.3,12488.66,1110057.3,0.7678,1.4545,1.016,0.0,36959.04,21.8441,13200000
Los Angeles,2024-05-19,1704387.8,30678.98,452797.4,15395.11,1036029.0,12432.35,1198530.2,13183.83,1790595.7,16115.36,989125.3,6923.88,138857.5,11108.6,1029687.2,0.6772,1.2264,0.9585,1.0,42832.59,20.6086,13200000
Los Angeles,2024-05-26,1650058.8,29701.06,394926.7,13427.51,1022669.0,12272.03,1008340.3,11091.74,1190104.7,10710.94,936498.9,6555.49,153000.7,12240.06,928111.8,0.5901,1.0799,1.0116,0.0,31866.39,21.7485,13200000
Los Angeles,2024-06-02,1858677.2,33456.19,360406.1,12253.81,830667.9,9968.02,1107751.0,12185.26,1395837.5,12562.54,1012282.9,7085.98,145494.9,11639.6,1022582.2,0.5128,1.1619,0.9886,0.0,34207.77,21.2539,13200000
Los Angeles,2024-06-09,1842374.4,33162.74,401158.8,13639.4,1058155.8,12697.87,982679.0,10809.47,1246686.0,11220.17,857408.8,6001.86,150179.5,12014.36,909947.5,0.4494,0.9198,0.9956,0.0,32416.56,21.406,13200000
Los Angeles,2024-06-16,1378691.8,24816.45,371739.5,12639.14,880101.2,10561.21,864425.2,9508.68,1332256.2,11990.31,774210.8,5419.48,151987.4,12158.99,792959.8,0.4011,0.9474,0.9914,0.0,31310.68,21.3147,13200000
Los Angeles,2024-06-23,1733011.4,31194.21,416328.8,14155.18,976781.3,11721.38,844669.2,9291.36,1189981.6,10709.83,872834.5,6109.84,124661.9,9972.95,716639.7,0.3678,0.8605,0.9959,0.0,27335.6,21.411,13200000
Los Angeles,2024-06-30,1352506.1,24345.11,387362.2,13170.32,745332.2,8943.99,1007430.6,11081.74,1057809.3,9520.28,742126.4,5194.88,106025.9,8482.07,658124.9,0.3483,0.7227,1.0029,0.0,27069.36,21.5632,13200000
Los Angeles,2024-07-07,1584948.5,28529.07,394231.5,13403.87,816516.7,9798.2,988663.3,10875.3,979725.1,8817.53,853766.7,5976.37,147113.8,11769.11,821292.0,0.3416,0.809,0.9911,0.0,25530.1,21.3088,13200000
Los Angeles,2024-07-14,1849052.9,33282.95,334879.8,11385.91,814937.7,9779.25,879900.2,9678.9,984327.3,8858.95,807083.7,5649.59,136453.7,10916.29,720643.0,0.3475,0.8746,1.0007,0.0,28337.96,21.5154,13200000
Los Angeles,2024-07-21,1639217.7,29505.92,419094.6,14249.22,967338.6,11608.06,1043663.8,11480.3,1393182.7,12538.64,940687.6,6584.81,141725.7,11338.06,823290.3,0.3661,0.8883,0.9875,0.0,28795.56,21.2318,13200000
Los Angeles,2024-07-28,1605391.5,28897.05,322354.8,10960.06,998213.0,11978.56,1104459.6,12149.06,1087250.3,9785.25,709215.1,4964.51,138340.7,11067.25,827966.4,0.3978,0.9657,1.0114,0.0,31458.69,21.7442,13200000
Los Angeles,2024-08-04,1806881.0,32523.86,325060.5,11052.06,983166.1,11797.99,926135.0,10187.48,1296678.0,11670.1,924424.6,6470.97,147642.3,11811.38,862270.2,0.4424,0.8682,1.0105,0.0,32773.31,21.7256,13200000
Los Angeles,2024-08-11,2064606.8,37162.92,415916.0,14141.14,862831.4,10353.98,1069653.1,11766.18,1200042.0,10800.38,873494.9,6114.46,159856.2,12788.5,848231.0,0.4976,0.9959,1.0027,0.0,30957.37,21.5581,13200000
Los Angeles,2024-08-18,1868227.3,33628.09,359795.8,12233.06,1017840.9,12214.09,1280853.1,14089.38,1418193.9,12763.75,833093.7,5831.66,142401.5,11392.12,861249.4,0.5589,1.1981,0.9824,0.0,33624.99,21.1209,13200000
Los Angeles,2024-08-25,2162044.8,38916.81,483348.3,16433.84,1047725.0,12572.7,1069804.2,11767.85,1350652.5,12155.87,859767.8,6018.37,183089.8,14647.18,1064567.0,0.619,0.9579,1.0007,0.0,38432.06,21.515,13200000
Los Angeles,2024-09-01,1838173.9,33087.13,539508.2,18343.28,1165821.9,13989.86,1318251.4,14500.77,1656944.8,14912.5,797602.0,5583.21,148696.5,11895.72,1024751.8,0.6696,1.1339,0.9806,0.0,36130.35,21.0833,13200000
Los Angeles,2024-09-08,1693089.3,30475.61,484128.6,16460.37,1318686.0,15824.23,1362460.4,14987.06,1506172.2,13555.55,993863.5,6957.04,138161.2,11052.89,1143824.7,0.7023,1.2351,0.9998,0.0,38071.05,21.4956,13200000
Los Angeles,2024-09-15,1799056.0,32383.01,479029.7,16287.01,1224920.1,14699.04,1400106.1,15401.17,1806442.4,16257.98,780493.2,5463.45,180770.1,14461.61,924168.1,0.7113,1.069,0.9914,0.0,36494.76,21.3158,13200000
Los Angeles,2024-09-22,1964666.9,35364.0,453084.4,15404.87,1136884.1,13642.61,1325311.8,14578.43,1708563.5,15377.07,1046762.3,7327.34,187248.6,14979.88,875515.1,0.6951,1.109,1.0183,0.0,35270.6,21.8936,13200000
Los Angeles,2024-09-29,2204681.6,39684.27,491394.5,16707.41,1229088.6,14749.06,1102051.3,12122.56,1564197.4,14077.78,885959.7,6201.72,169599.6,13567.97,985401.2,0.6566,1.154,1.0159,0.0,37504.95,21.8414,13200000
Los Angeles,2024-10-06,2210566.1,39790.19,454313.3,15446.65,1043287.7,12519.45,1096067.7,12056.74,1364199.5,12277.8,1012571.2,7088.0,159119.8,12729.58,986119.2,0.6023,1.0985,0.9909,0.0,34480.62,21.3035,13200000
Los Angeles,2024-10-13,1522262.2,27400.72,430733.1,14644.92,881222.7,10574.67,959915.1,10559.07,1530127.9,13771.15,1003836.4,7026.85,130764.6,10461.17,971881.9,0.5407,1.0446,0.9851,0.0,33181.83,21.1801,13200000
Los Angeles,2024-10-20,1627803.1,29300.46,340236.1,11568.03,933486.7,11201.84,889197.9,9781.18,1194443.4,10749.99,780873.6,5466.12,134654.3,10772.35,897621.5,0.4801,1.0122,1.0146,0.0,28559.76,21.8141,13200000
Los Angeles,2024-10-27,1592808.3,28670.55,355306.3,12080.41,856783.1,10281.4,1159614.0,12755.75,1446313.8,13016.82,840680.5,5884.76,158357.4,12668.6,765176.3,0.4266,0.9969,0.9877,0.0,33066.15,21.2362,13200000
Los Angeles,2024-11-03,1758229.5,31648.13,360543.6,12258.48,871211.7,10454.54,839025.3,9229.28,1143893.6,10295.04,889298.4,6225.09,115466.3,9237.3,781277.7,0.3836,0.752,0.9575,1.0,32803.52,20.5866,13200000
Los Angeles,2024-11-10,1540647.1,27731.65,300177.3,10206.03,983616.1,11803.39,1017109.1,11188.2,1169699.4,10527.29,768258.8,5377.81,133674.1,10693.92,689759.2,0.3518,0.9043,1.0141,0.0,26282.47,21.8023,13200000
Los Angeles,2024-11-17,1696525.9,30537.47,327700.3,11141.81,696059.2,8352.71,773699.9,8510.7,1249309.9,11243.79,796474.0,5575.32,119968.4,9597.47,770661.9,0.3302,0.743,0.9896,0.0,26779.68,21.2758,13200000
Los Angeles,2024-11-24,1334853.1,24027.36,409674.5,13928.93,853757.3,10245.09,814213.9,8956.35,1115448.9,10039.04,943715.8,6606.01,113119.3,9049.54,669941.5,0.3165,0.8528,0.9817,0.0,27563.39,21.1074,13200000
Los Angeles,2024-12-01,1324857.4,23847.43,298972.0,10165.05,842717.5,10112.61,932900.1,10261.9,1145895.2,10313.06,792144.2,5545.01,110331.8,8826.55,664877.5,0.3085,0.8072,1.0168,0.0,26084.33,21.862,13200000
Los Angeles,2024-12-08,1287541.5,23175.75,397389.2,13511.23,869199.2,10430.39,807080.3,8877.88,1206944.0,10862.5,739756.2,5178.29,102382.3,8190.59,727090.7,0.3041,0.8544,0.9849,0.0,28862.56,21.175,13200000
Los Angeles,2024-12-15,1245917.5,22426.52,370859.8,12609.23,877313.1,10527.76,787901.0,8666.91,1143212.0,10288.91,902038.0,6314.27,100630.5,8050.44,648078.7,0.3019,0.8907,0.9929,0.0,26579.42,21.3473,13200000
Los Angeles,2024-12-22,1464745.0,26365.41,359266.4,12215.06,866242.2,10394.91,974647.8,10721.13,1282868.7,11545.82,883719.5,6186.04,103949.0,8315.92,686308.7,0.3008,0.906,1.0044,0.0,24921.17,21.5944,13200000
Los Angeles,2024-12-29,1350725.9,24313.07,349276.6,11875.4,833061.8,9996.74,975826.4,10734.09,1218295.8,10964.66,725074.4,5075.52,139498.3,11159.86,727375.0,0.3003,0.7158,0.9847,0.0,28020.18,21.1715,13200000
Los Angeles,2025-01-05,1516161.5,27290.91,394249.9,13404.5,690052.2,8280.63,875428.0,9629.71,1121299.9,10091.7,697765.8,4884.36,127403.4,10192.28,735764.5,0.3052,0.8795,0.9897,0.0,26670.76,21.2795,13200000
Los Angeles,2025-01-12,1487248.4,26770.47,405514.8,13787.5,709916.6,8519.0,997337.7,10970.71,1196870.3,10771.83,947783.6,6634.48,116075.5,9286.04,702824.3,0.3101,0.7593,0.9819,0.0,26470.24,21.1111,13200000
Los Angeles,2025-01-19,1336459.9,24056.28,308552.5,10490.78,939890.1,11278.68,996088.7,10956.98,1331336.0,11982.02,783731.8,5486.12,116711.4,9336.92,749425.6,0.3185,0.8028,0.9358,1.0,29992.97,20.1206,13200000
Los Angeles,2025-01-26,1654278.1,29777.01,385548.6,13108.65,974011.4,11688.14,999998.6,10999.98,1069569.3,9626.12,733451.0,5134.16,131390.8,10511.26,703089.2,0.3326,0.8104,0.9954,0.0,27855.11,21.4014,13200000
Los Angeles,2025-02-02,1725259.3,31054.67,420459.0,14295.61,786507.4,9438.09,787179.1,8658.97,1267799.0,11410.19,776811.8,5437.68,150574.4,12045.95,798020.2,0.3546,0.7359,0.9971,0.0,27617.18,21.4379,13200000
Los Angeles,2025-02-09,1719868.2,30957.63,345623.2,11751.19,775384.6,9304.62,905696.1,9962.66,1154527.6,10390.75,960083.5,6720.58,108369.5,8669.56,682595.9,0.3872,0.7545,0.9672,1.0,29991.4,20.795,13200000
Los Angeles,2025-02-16,1514358.6,27258.45,327019.4,11118.66,995999.1,11951.99,973829.7,10712.13,1167701.0,10509.31,728601.7,5100.21,125121.1,10009.69,773043.8,0.4327,0.9215,0.9941,0.0,31418.17,21.3736,13200000
Los Angeles,2025-02-23,2064826.9,37166.89,450141.5,15304.81,820887.0,9850.64,1147531.9,12622.85,1467718.5,13209.47,870090.7,6090.63,141371.1,11309.69,919155.8,0.4926,0.8499,0.9814,0.0,31280.1,21.0998,13200000
Los Angeles,2025-03-02,2056753.0,37021.55,376061.3,12786.08,992171.3,11906.06,1062593.0,11688.52,1459169.5,13132.53,983650.6,6885.55,139223.9,11137.92,971194.3,0.5666,1.0766,0.9912,0.0,35157.05,21.3111,13200000
Los Angeles,2025-03-09,1735713.1,31242.84,384548.4,13074.65,1206583.0,14479.0,1111137.8,12222.52,1339962.0,12059.66,817490.3,5722.43,141500.8,11320.07,971482.0,0.6516,1.1693,1.0179,0.0,36866.5,21.8859,13200000
Los Angeles,2025-03-16,1823487.5,32822.77,571069.4,19416.36,1049555.8,12594.67,1182333.2,13005.67,1786930.9,16082.38,999292.9,6995.05,142221.6,11377.73,1150218.9,0.7421,1.3458,0.9463,1.0,42501.42,20.3455,13200000
Los Angeles,2025-03-23,2298532.8,41373.59,444279.6,15105.51,1117541.9,13410.5,1297042.5,14267.47,1390016.5,12510.15,964764.6,6753.35,167684.3,13414.75,1064509.7,0.8298,1.4393,1.0197,0.0,38322.95,21.9227,13200000
Los Angeles,2025-03-30,2232754.4,40189.58,554595.2,18856.24,1073533.3,12882.4,1567904.7,17246.95,1931545.8,17383.91,766436.1,5365.05,196935.8,15754.87,1273908.7,0.9054,1.424,0.9887,0.0,45805.72,21.257,13200000
Los Angeles,2025-04-06,2578698.7,46416.58,628198.4,21358.74,1292638.3,15511.66,1536914.3,16906.06,1759556.9,15836.01,977074.7,6839.52,223240.4,17859.23,1400646.7,0.9594,1.2913,0.9361,1.0,52495.57,20.1272,13200000
Los Angeles,2025-04-13,2293635.8,41285.44,504403.0,17149.7,1241074.6,14892.9,1477483.6,16252.32,1853234.0,16679.11,1052785.0,7369.5,204299.2,16343.94,1335752.6,0.9847,1.2655,0.9958,0.0,47630.16,21.4104,13200000
Los Angeles,2025-04-20,2157524.2,38835.44,553895.5,18832.45,1559506.0,18714.07,1673810.6,18411.92,1607579.4,14468.21,1103313.3,7723.19,187207.7,14976.62,1261250.9,0.9777,1.6539,1.0034,0.0,41852.12,21.574,13200000
Los Angeles,2025-04-27,2100152.2,37802.74,579572.4,19705.46,1199004.8,14388.06,1536368.0,16900.05,2062557.8,18563.02,1046119.3,7322.84,160815.4,12865.23,1246131.1,0.9394,1.4644,0.9311,1.0,52614.99,20.0176,13200000
Los Angeles,2025-05-04,1988345.5,35790.22,448030.3,15233.03,1445613.0,17347.36,1512551.5,16638.07,1618617.5,14567.56,941709.7,6591.97,185192.4,14815.39,1109441.2,0.8751,1.2636,1.0111,0.0,44520.51,21.7376,13200000
Los Angeles,2025-05-11,2249515.1,40491.27,547579.4,18617.7,1376493.4,16517.92,1261706.3,13878.77,1681678.3,15135.1,916962.6,6418.74,197916.9,15833.35,1245775.7,0.7932,1.2377,0.9624,1.0,49273.97,20.6918,13200000
Los Angeles,2025-05-18,2195571.9,39520.29,554925.7,18867.47,1025149.7,12301.8,1177953.0,12957.48,1314376.6,11829.39,1029540.5,7206.78,193915.8,15513.27,1023946.2,0.7031,1.2186,0.9423,1.0,45614.77,20.2591,13200000
Los Angeles,2025-05-25,2012975.9,36233.57,510434.6,17354.78,1173060.1,14076.72,999952.5,10999.48,1714595.8,15431.36,1041050.5,7287.35,176160.2,14092.81,965913.2,0.6142,1.2441,1.011,0.0,35415.53,21.7371,13200000
Los Angeles,2025-06-01,1609575.6,28972.36,494552.5,16814.78,1060762.6,12729.15,1231009.1,13541.1,1445824.0,13012.42,743313.8,5203.2,132263.2,10581.05,885772.9,0.5336,1.0967,1.0196,0.0,34762.31,21.9205,13200000
Los Angeles,2025-06-08,1688049.5,30384.89,390425.3,13274.46,794364.2,9532.37,955732.8,10513.06,1084162.5,9757.46,825815.2,5780.71,123004.1,9840.33,852180.5,0.466,0.8757,1.0162,0.0,33876.24,21.848,13200000
Los Angeles,2025-06-15,1583637.3,28505.47,372615.6,12668.93,970343.6,11644.12,1007557.7,11083.13,1203125.0,10828.12,912493.4,6387.45,149610.3,11968.82,884569.5,0.4134,0.8396,0.9978,0.0,30955.12,21.4537,13200000
Los Angeles,2025-06-22,1339417.6,24109.52,419832.1,14274.29,1029933.3,12359.2,853005.6,9383.06,1056116.4,9505.05,772060.0,5404.42,126504.4,10120.35,801262.8,0.3758,0.9978,1.0134,0.0,27317.67,21.7871,13200000
Los Angeles,2025-06-29,1400607.6,25210.94,386038.0,13125.29,732662.5,8791.95,809245.4,8901.7,1043540.0,9391.86,744563.2,5211.94,115108.7,9208.69,767549.2,0.3525,0.9689,1.0029,0.0,26115.94,21.5629,13200000
Los Angeles,2025-07-06,1615207.5,29073.74,365771.5,12436.23,846612.8,10159.35,896906.6,9865.97,1220517.3,10984.66,898979.3,6292.86,106335.3,8506.82,719371.0,0.3423,0.7438,0.9933,0.0,29565.23,21.3558,13200000
Los Angeles,2025-07-13,1504611.0,27083.0,391733.3,13318.93,934086.5,11209.04,1063527.7,11698.8,1059840.3,9538.56,724647.4,5072.53,110938.3,8875.06,811653.1,0.3445,0.7816,1.0084,0.0,30319.93,21.6797,13200000
Los Angeles,2025-07-20,1403199.7,25257.6,349701.7,11889.86,894114.1,10729.37,851152.3,9362.68,978167.5,8803.51,805031.8,5635.22,118763.7,9501.1,819756.8,0.3595,0.8095,1.005,0.0,28175.01,21.6085,13200000
Los Angeles,2025-07-27,1525186.5,27453.36,337072.1,11460.45,895916.8,10751.0,1019970.3,11219.67,1063194.9,9568.75,935661.3,6549.63,139001.9,11120.15,806252.7,0.3874,0.8645,0.9873,0.0,31802.28,21.2264,13200000
Los Angeles,2025-08-03,1958990.4,35261.83,369908.6,12576.89,867207.1,10406.49,1026742.2,11294.16,1103109.8,9927.99,741094.2,5187.66,158525.9,12682.07,869600.7,0.4284,0.9121,1.0168,0.0,28100.53,21.8603,13200000
Los Angeles,2025-08-10,2051145.7,36920.62,463606.8,15762.63,905015.8,10860.19,1161941.5,12781.36,1157282.6,10415.54,784902.7,5494.32,136946.2,10955.69,899237.9,0.481,1.0666,1.0197,0.0,32099.4,21.9244,13200000
Los Angeles,2025-08-17,1579769.5,28435.85,497768.9,16924.14,1036698.1,12440.38,1238005.0,13618.05,1192199.5,10729.8,752649.1,5268.54,153949.1,12315.92,872837.2,0.5411,1.0589,1.0141,0.0,32854.24,21.8022,13200000
Los Angeles,2025-08-24,2143957.6,38591.24,437381.4,14870.97,990798.0,11889.58,1210219.0,13312.41,1666391.4,14997.52,905531.5,6338.72,154352.1,12348.17,834579.0,0.6024,1.1567,0.9988,0.0,32760.76,21.4741,13200000
Los Angeles,2025-08-31,1728609.4,31114.97,533773.7,18148.31,1121977.6,13463.73,1366908.4,15035.99,1285684.6,11571.16,1005941.3,7041.59,155271.0,12421.68,1022091.8,0.6566,1.1433,0.9978,0.0,37636.15,21.4538,13200000
Los Angeles,2025-09-07,1866644.5,33599.6,405906.2,13800.81,949366.3,11392.4,1218367.3,13402.04,1433941.2,12905.47,926146.3,6483.02,167606.2,13408.5,1108807.3,0.6952,1.0402,0.9686,1.0,42407.68,20.8239,13200000
Los Angeles,2025-09-14,2115310.2,38075.58,494822.2,16823.95,1290850.2,15490.2,1097257.6,12069.83,1568763.0,14118.87,929675.3,6507.73,145248.2,11619.86,1176393.5,0.7113,1.2412,1.0011,0.0,37311.15,21.5245,13200000
Los Angeles,2025-09-21,2044548.8,36801.88,528769.4,17978.16,1076717.3,12920.61,1196520.3,13161.72,1514232.5,13628.09,979935.3,6859.55,159125.7,12730.05,1127092.2,0.7023,1.0307,0.9435,1.0,43625.2,20.2861,13200000
Los Angeles,2025-09-28,1903580.3,34264.45,548289.4,18641.84,1028297.7,12339.57,1157602.1,12733.62,1325508.5,11929.58,1012088.4,7084.62,147388.8,11791.1,939531.6,0.6695,1.2258,0.9479,1.0,42378.4,20.379,13200000
Los Angeles,2025-10-05,2060306.8,37085.52,485114.9,16493.91,1191501.9,14298.02,942232.8,10364.56,1605754.0,14451.79,808300.4,5658.1,154565.3,12365.22,879424.0,0.6189,1.1153,0.9354,1.0,36516.15,20.1102,13200000
Los Angeles,2025-10-12,2006444.3,36116.0,502760.9,17093.87,1167086.1,14005.03,1049889.7,11548.79,1544439.4,13899.95,737083.7,5159.59,130667.1,10453.37,790955.3,0.5586,0.9647,1.0105,0.0,32780.05,21.7256,13200000
Los Angeles,2025-10-19,1752810.4,31550.59,460606.0,15660.6,1016395.6,12196.75,1098641.6,12085.06,1522301.0,13700.71,864028.2,6048.2,123056.1,9844.49,788065.6,0.4969,1.0321,0.9877,0.0,31249.44,21.2364,13200000
Los Angeles,2025-10-26,1908011.2,34344.2,406129.5,13808.4,1066563.3,12798.76,958081.6,10538.9,1421174.6,12790.57,942220.7,6595.54,147168.1,11773.45,837659.8,0.4409,1.0796,1.012,0.0,31802.05,21.7584,13200000
Los Angeles,2025-11-02,1849239.9,33286.32,409869.3,13935.56,739801.6,8877.62,826729.9,9094.03,1046045.5,9414.41,829955.3,5809.69,128101.2,10248.1,801608.2,0.3947,0.8242,1.0198,0.0,28482.64,21.9251,13200000
Los Angeles,2025-11-09,1341013.7,24138.25,328312.0,11162.61,892882.3,10714.59,1049727.3,11547.0,1102689.7,9924.21,814221.2,5699.55,115409.5,9232.76,644874.6,0.3598,0.959,0.9831,0.0,26779.74,21.1361,13200000
Los Angeles,2025-11-16,1634930.1,29428.74,409644.6,13927.92,842351.1,10108.21,972825.3,10701.08,1302460.6,11722.15,699490.1,4896.43,147455.3,11796.42,657832.5,0.3355,0.9284,0.9447,1.0,30980.25,20.312,13200000
Los Angeles,2025-11-23,1631525.2,29367.45,291547.9,9912.63,701736.6,8420.84,816608.5,8982.69,1264645.8,11381.81,856839.1,5997.87,102746.2,8219.7,731895.2,0.3198,0.7279,0.9917,0.0,26154.16,21.321,13200000
Los Angeles,2025-11-30,1321779.6,23792.03,324642.3,11037.84,723388.8,8680.67,841537.4,9256.91,959493.3,8635.44,906570.8,6346.0,116117.0,9289.36,648264.8,0.3103,0.6893,1.0147,0.0,26254.54,21.8155,13200000
Los Angeles,2025-12-07,1706146.3,30710.63,326443.2,11099.07,877732.1,10532.79,939856.9,10338.43,1301265.6,11711.39,780548.2,5463.84,101837.7,8147.02,696690.8,0.3051,0.7804,1.0169,0.0,24744.99,21.8623,13200000
Los Angeles,2025-12-14,1356746.0,24421.43,393492.0,13378.73,872719.3,10472.63,931247.7,10243.72,1089136.3,9802.23,796713.7,5577.0,137868.8,11029.51,700105.3,0.3023,0.9132,0.9523,1.0,30172.95,20.4744,13200000
Los Angeles,2025-12-21,1454707.5,26184.73,336879.0,11453.89,954349.3,11452.19,756752.0,8324.27,998757.3,8988.82,757659.3,5303.62,105241.9,8419.35,711849.7,0.301,0.8575,0.9873,0.0,25569.75,21.228,13200000
Chicago,2023-01-01,993227.9,17878.1,238115.5,8095.93,719312.9,8631.76,594279.1,6537.07,818741.3,7368.67,592459.0,4147.21,78308.3,6264.67,546410.4,0.3035,0.8041,0.9965,0.0,16706.89,21.4239,9400000
Chicago,2023-01-08,1036327.2,18653.89,267739.5,9103.14,687724.4,8252.69,473487.6,5208.36,838125.3,7543.13,580849.4,4065.95,93987.4,7518.99,500756.0,0.3069,0.7847,1.0199,0.0,16808.52,21.9274,9400000
Chicago,2023-01-15,1118771.8,20137.89,243372.9,8274.68,754334.8,9052.02,585889.1,6444.78,947336.5,8526.03,534347.5,3740.43,87233.3,6978.67,539319.9,0.3131,0.9009,1.0088,0.0,18815.13,21.6895,9400000
Chicago,2023-01-22,946059.4,17029.07,284916.9,9687.17,728622.7,8743.47,475515.9,5230.67,702404.8,6321.64,599669.2,4197.68,77213.6,6177.09,544347.0,0.3237,0.7678,0.9861,0.0,19227.41,21.2015,9400000
Chicago,2023-01-29,1109785.3,19976.14,294217.8,10003.41,889389.3,10672.67,616934.8,6786.28,801821.2,7216.39,583045.1,4081.32,77400.6,6192.05,605152.0,0.3409,0.8408,1.0191,0.0,19831.69,21.9106,9400000
Chicago,2023-02-05,1043750.1,18787.5,248288.5,8441.81,685095.8,8221.15,490932.9,5400.26,1007125.3,9064.13,665936.4,4661.55,97827.0,7826.16,537673.0,0.3671,0.9776,0.9901,0.0,21024.08,21.2878,9400000
Chicago,2023-02-12,1011891.6,18214.05,228785.1,7778.69,732798.7,8793.58,549489.0,6044.38,754135.4,6787.22,586318.9,4104.23,102138.4,8171.07,627165.0,0.405,0.8164,0.9426,1.0,24880.73,20.265,9400000
Chicago,2023-02-19,1006882.6,18123.89,249849.7,8494.89,771956.6,9263.48,576692.4,6343.62,770004.1,6930.04,548127.9,3836.9,87920.9,7033.67,627342.0,0.4566,0.8686,1.0109,0.0,21865.4,21.7339,9400000
Chicago,2023-02-26,1356865.2,24423.57,345708.0,11754.07,885733.6,10628.8,625675.1,6882.43,941335.9,8472.02,669142.0,4683.99,122052.8,9764.23,562954.9,0.5227,1.1617,0.9812,0.0,21115.55,21.096,9400000
Chicago,2023-03-05,1155053.1,20790.96,325396.0,11063.46,825276.7,9903.32,719427.2,7913.7,1008117.0,9073.05,581938.6,4073.57,115025.9,9202.07,641387.8,0.6019,1.176,0.9925,0.0,24806.72,21.3397,9400000
Chicago,2023-03-12,1513111.5,27236.01,392646.4,13349.98,1073321.2,12879.85,784082.6,8624.91,1174647.8,10571.83,710614.2,4974.3,137634.4,11010.75,743251.0,0.6901,1.2492,0.9881,0.0,28371.73,21.2438,9400000
Chicago,2023-03-19,1748442.4,31471.96,381717.6,12978.4,1035547.3,12426.57,844897.7,9293.87,1043474.2,9391.27,739269.1,5174.88,123395.2,9871.62,823081.4,0.7805,1.4478,0.9807,0.0,28039.67,21.0851,9400000
Chicago,2023-03-26,1593357.9,28680.44,406185.1,13810.29,1008964.4,12107.57,831896.0,9150.86,1123101.0,10107.91,739157.6,5174.1,125366.3,10029.3,915406.6,0.8643,1.5667,1.0155,0.0,29565.93,21.8335,9400000
Chicago,2023-04-02,1571961.9,28295.31,348141.0,11836.79,1365124.7,16381.5,730952.4,8040.48,1325035.0,11925.32,563294.0,3943.06,136502.3,10920.18,982845.2,0.9317,1.4042,1.0012,0.0,32744.03,21.5249,9400000
Chicago,2023-04-09,1959162.0,35264.92,468854.2,15941.04,1311523.0,15738.28,938100.3,10319.1,1402292.3,12620.63,655834.2,4590.84,144898.9,11591.91,942316.7,0.974,1.3709,1.0085,0.0,30401.27,21.683,9400000
Chicago,2023-04-16,1636823.5,29462.82,378356.4,12864.12,1121260.6,13455.13,853528.8,9388.82,1346818.1,12121.36,761619.0,5331.33,162993.9,13039.51,835721.1,0.9857,1.2674,1.0143,0.0,32422.58,21.8069,9400000
Chicago,2023-04-23,1827578.9,32896.42,384004.2,13056.14,1065416.8,12785.0,753612.2,8289.73,1214925.3,10934.33,630735.5,4415.15,158872.5,12709.8,954554.8,0.9649,1.3716,0.9356,1.0,38274.55,20.1148,9400000
Chicago,2023-04-30,1636579.5,29458.43,374408.5,12729.89,1330659.7,15967.92,972987.1,10702.86,1304268.8,11738.42,658462.7,4609.24,134215.1,10737.21,965156.8,0.9146,1.5359,1.0118,0.0,31213.99,21.7542,9400000
Chicago,2023-05-07,1405803.9,25304.47,427672.1,14540.85,1252845.8,15034.15,787063.3,8657.7,1155708.4,10401.38,646970.8,4528.8,119248.9,9539.92,902539.2,0.8416,1.5119,0.9899,0.0,28438.46,21.2825,9400000
Chicago,2023-05-14,1311804.4,23612.48,372701.5,12671.85,1122135.0,13465.62,738640.8,8125.05,1147370.4,10326.33,671229.1,4698.6,125901.9,10072.15,864253.9,0.755,1.3529,0.9466,1.0,33420.61,20.351,9400000
Chicago,2023-05-21,1497379.0,26952.82,371674.3,12636.93,901238.1,10814.86,673524.4,7408.77,1191130.5,10720.17,675732.0,4730.12,107463.9,8597.11,701636.5,0.6644,1.2613,1.014,0.0,27054.69,21.8006,9400000
Chicago,2023-05-28,1330502.8,23949.05,358714.8,12196.3,1048247.5,12578.97,735653.8,8092.19,1064881.1,9583.93,582569.6,4077.99,92064.0,7365.12,730276.6,0.5783,1.2192,1.0051,0.0,25638.9,21.6096,9400000
Chicago,2023-06-04,1107737.4,19939.27,275003.7,9350.13,947380.3,11368.56,627368.4,6901.05,870545.5,7834.91,513288.5,3593.02,103662.1,8292.97,572067.5,0.5029,1.1427,1.0129,0.0,21843.5,21.7783,9400000
Chicago,2023-06-11,1029934.7,18538.83,317851.8,10806.96,783942.9,9407.31,530348.3,5833.83,1012704.7,9114.34,664024.5,4648.17,82191.1,6575.28,605916.1,0.4415,1.0064,1.0154,0.0,21868.06,21.8315,9400000
Chicago,2023-06-18,994156.8,17894.82,241110.7,8197.76,866288.2,10395.46,583335.3,6416.69,1021914.5,9197.23,592941.9,4150.59,100220.7,8017.66,524518.3,0.3955,0.9582,0.9347,1.0,24550.08,20.0963,9400000
Chicago,2023-06-25,1080986.2,19457.75,247071.6,8400.43,743197.9,8918.38,483080.1,5313.88,739585.8,6656.27,657914.9,4605.4,81108.2,6488.66,580609.9,0.3642,0.8891,0.9327,1.0,24420.73,20.0528,9400000
Chicago,2023-07-02,1205019.6,21690.35,215268.5,7319.13,882502.9,10590.04,475379.9,5229.18,742180.0,6679.62,610603.2,4274.22,98076.0,7846.08,548736.3,0.3466,0.8952,1.0118,0.0,20454.66,21.7534,9400000
Chicago,2023-07-09,1131090.0,20359.62,214353.5,7288.02,728978.0,8747.74,456298.5,5019.28,914659.7,8231.94,661182.7,4628.28,92919.5,7433.56,501373.8,0.3417,0.8626,0.9857,0.0,20014.6,21.1917,9400000
Chicago,2023-07-16,944796.1,17006.33,299061.9,10168.11,744189.6,8930.28,644924.9,7094.17,955250.1,8597.25,691263.1,4838.84,88577.5,7086.2,570284.2,0.3494,0.7797,1.0061,0.0,19695.2,21.6319,9400000
Chicago,2023-07-23,1036692.4,18660.46,222435.7,7562.82,832256.1,9987.07,530338.4,5833.72,934966.7,8414.7,643016.5,4501.12,104526.8,8362.15,601684.5,0.3698,0.8425,1.0129,0.0,20452.64,21.7781,9400000
Chicago,2023-07-30,1161603.7,20908.87,301527.9,10251.95,982898.5,11794.78,576688.5,6343.57,799611.9,7196.51,505735.1,3540.15,85082.2,6806.58,509703.5,0.4035,0.8243,1.0039,0.0,19593.63,21.5848,9400000
Chicago,2023-08-06,1226987.8,22085.78,276383.7,9397.05,979148.8,11749.79,551968.0,6071.65,816816.6,7351.35,712659.1,4988.61,103424.8,8273.99,517329.4,0.4497,0.9716,1.0094,0.0,20302.69,21.7013,9400000
Chicago,2023-08-13,1373589.5,24724.61,332725.2,11312.66,758652.2,9103.83,635466.9,6990.14,865758.3,7791.82,680931.1,4766.52,92330.6,7386.45,623213.6,0.5061,1.1468,0.9683,1.0,24030.11,20.8179,9400000
Chicago,2023-08-20,1373913.4,24730.44,326354.5,11096.05,928627.5,11143.53,547317.9,6020.5,938839.0,8449.55,554734.2,3883.14,123116.8,9849.34,654743.8,0.5677,1.1749,1.0117,0.0,23405.74,21.7525,9400000
Chicago,2023-08-27,1320390.9,23767.04,273028.3,9282.96,931178.5,11174.14,605581.3,6661.39,893176.5,8038.59,625222.5,4376.56,100139.5,8011.16,711410.5,0.6271,1.2441,0.9899,0.0,24275.72,21.2833,9400000
Chicago,2023-09-03,1201228.5,21622.11,316997.8,10777.93,931266.8,11175.2,698379.1,7682.17,898316.7,8084.85,572981.4,4010.87,125917.4,10073.39,792100.7,0.6755,1.3028,1.0065,0.0,26035.43,21.6401,9400000
Chicago,2023-09-10,1574390.1,28339.02,319308.5,10856.49,996132.2,11953.59,645571.3,7101.28,1177344.4,10596.1,663408.4,4643.86,121293.0,9703.44,685325.7,0.7051,1.1428,0.9805,0.0,25894.7,21.0806,9400000
Chicago,2023-09-17,1528707.2,27516.73,294181.5,10002.17,1239777.2,14877.33,612286.3,6735.15,973711.0,8763.4,571977.2,4003.84,136821.1,10945.69,668263.3,0.7106,1.3563,0.9929,0.0,25290.54,21.3469,9400000
Chicago,2023-09-24,1614320.8,29057.78,395165.1,13435.61,879203.5,10550.44,815784.2,8973.63,901709.5,8115.39,732530.4,5127.71,100118.9,8009.51,666059.9,0.6909,1.1602,1.0083,0.0,25837.01,21.6778,9400000
Chicago,2023-10-01,1636624.2,29459.24,357529.4,12156.0,981233.5,11774.8,715807.8,7873.89,1205597.8,10850.38,564185.7,3949.3,110078.3,8806.26,766033.5,0.6496,0.9892,1.001,0.0,25985.41,21.5208,9400000
Chicago,2023-10-08,1473498.9,26522.98,259532.4,8824.1,801413.8,9616.97,638076.7,7018.84,1037823.1,9340.41,548072.3,3836.51,95008.6,7600.69,627004.8,0.5937,1.2566,0.9845,0.0,23214.34,21.1678,9400000
Chicago,2023-10-15,1129441.6,20329.95,248403.5,8445.72,797570.6,9570.85,738476.3,8123.24,1140225.6,10262.03,682996.0,4780.97,102035.8,8162.86,686860.8,0.5318,1.1763,0.9947,0.0,23676.76,21.3863,9400000
Chicago,2023-10-22,1340112.9,24122.03,313673.8,10664.91,828577.6,9942.93,509782.3,5607.61,1068578.1,9617.2,520766.2,3645.36,84952.2,6796.18,564591.6,0.4719,0.9522,0.994,0.0,21140.51,21.3717,9400000
Chicago,2023-10-29,1373449.1,24722.08,273304.7,9292.36,733544.7,8802.54,503258.6,5535.85,992978.7,8936.81,721399.7,5049.8,110755.3,8860.43,512268.8,0.4197,0.9309,1.0096,0.0,20003.05,21.7068,9400000
Chicago,2023-11-05,1327819.6,23900.75,306624.1,10425.22,761461.7,9137.54,583106.1,6414.17,841769.4,7575.92,511498.0,3580.49,97453.1,7796.25,515389.9,0.3784,0.8894,0.9426,1.0,24160.87,20.2656,9400000
Chicago,2023-11-12,1043813.5,18788.64,260080.9,8842.75,942265.7,11307.19,649102.1,7140.12,722502.5,6502.52,561322.6,3929.26,103487.1,8278.97,496546.3,0.3482,0.902,1.0163,0.0,20485.79,21.8496,9400000
Chicago,2023-11-19,1003206.4,18057.71,212154.2,7213.24,722804.4,8673.65,571240.6,6283.65,788147.5,7093.33,597456.4,4182.19,79342.1,6347.37,487905.8,0.3278,0.8294,0.9998,0.0,19732.94,21.4955,9400000
Chicago,2023-11-26,1277492.2,22994.86,296973.2,10097.09,899882.0,10798.58,496881.9,5465.7,781359.0,7032.23,639711.7,4477.98,91484.5,7318.76,513987.0,0.3151,0.7286,1.0028,0.0,19320.09,21.5603,9400000
Chicago,2023-12-03,1196930.9,21544.76,235103.9,7993.53,893948.3,10727.38,509505.9,5604.57,732354.9,6591.19,624196.9,4369.38,94103.1,7528.25,474190.7,0.3077,0.7157,0.9972,0.0,19246.17,21.439,9400000
Chicago,2023-12-10,1086395.4,19555.12,278258.5,9460.79,732213.7,8786.56,482649.8,5309.15,882343.1,7941.09,647612.1,4533.28,84594.3,6767.55,533339.1,0.3037,0.9158,1.0107,0.0,20309.41,21.7309,9400000
Chicago,2023-12-17,1145646.9,20621.64,215641.7,7331.82,897772.6,10773.27,496933.8,5466.27,922656.6,8303.91,657395.3,4601.77,101698.6,8135.89,437659.8,0.3017,0.6906,1.0048,0.0,19666.87,21.6038,9400000
Chicago,2023-12-24,1198932.8,21580.79,267411.8,9092.0,743701.8,8924.42,566813.5,6234.95,662931.9,5966.39,535757.8,3750.3,84420.2,6753.62,461524.4,0.3007,0.9127,0.9835,0.0,19102.02,21.1453,9400000
Chicago,2023-12-31,1050638.0,18911.48,207703.3,7061.91,681393.0,8176.72,439335.2,4832.69,889969.2,8009.72,607867.7,4255.07,77214.7,6177.18,539174.8,0.3003,0.8696,1.0054,0.0,18666.37,21.6152,9400000
Chicago,2024-01-07,987224.8,17770.05,232400.1,7901.61,798378.2,9580.54,531469.9,5846.17,886322.3,7976.9,554555.0,3881.89,91936.0,7354.88,438900.6,0.3063,0.6862,0.9987,0.0,18427.73,21.4725,9400000
Chicago,2024-01-14,1125829.7,20264.93,284051.8,9657.76,680043.9,8160.53,524263.6,5766.9,762524.4,6862.72,609881.6,4269.17,98747.8,7899.83,474675.5,0.312,0.7719,0.997,0.0,18474.99,21.4357,9400000
Chicago,2024-01-21,1180173.4,21243.12,264496.1,8992.87,807518.7,9690.22,510555.7,5616.11,912673.6,8214.06,588306.4,4118.14,73807.2,5904.58,475249.7,0.3219,0.8398,0.9938,0.0,19171.83,21.3665,9400000
Chicago,2024-01-28,1227159.9,22088.88,273466.8,9297.87,723582.3,8682.99,638457.6,7023.03,950376.5,8553.39,510736.2,3575.15,98163.2,7853.05,502875.9,0.3379,0.9444,0.9873,0.0,20094.7,21.2259,9400000
Chicago,2024-02-04,951665.7,17129.98,228963.2,7784.75,953756.9,11445.08,538508.9,5923.6,748016.5,6732.15,565967.3,3961.77,102478.2,8198.26,535342.8,0.3627,0.8947,0.9945,0.0,21204.86,21.3817,9400000
Chicago,2024-02-11,1242455.2,22364.19,228098.7,7755.36,978322.8,11739.87,598568.2,6584.25,751690.0,6765.21,689573.2,4827.01,93240.0,7459.2,536795.0,0.3988,0.9059,1.019,0.0,20700.07,21.9076,9400000
Chicago,2024-02-18,1181399.2,21265.19,241018.9,8194.64,1016958.6,12203.5,705365.7,7759.02,841198.4,7570.79,581729.2,4072.1,90808.8,7264.71,597296.5,0.4484,0.9009,1.0003,0.0,20914.22,21.5066,9400000
Chicago,2024-02-25,1227145.4,22088.62,308743.7,10497.28,864928.2,10379.14,668382.8,7352.21,929151.9,8362.37,631197.4,4418.38,91097.1,7287.77,547726.9,0.5124,0.8735,0.9939,0.0,23267.62,21.3688,9400000
Chicago,2024-03-03,1581728.6,28471.11,327534.2,11136.16,841427.1,10097.12,777882.8,8556.71,892710.7,8034.4,703293.6,4923.05,120455.0,9636.4,655210.0,0.5899,1.1473,1.0027,0.0,24309.18,21.5587,9400000
Chicago,2024-03-10,1419216.5,25545.9,318321.8,10822.94,909597.2,10915.17,660216.5,7262.38,985603.5,8870.43,665388.3,4657.72,112637.5,9011.0,791473.7,0.6772,1.3116,0.9687,1.0,29960.45,20.8275,9400000
Chicago,2024-03-17,1758895.6,31660.12,333464.2,11337.78,1085303.1,13023.64,828651.5,9115.17,1148127.4,10333.15,724390.4,5070.73,112407.7,8992.61,844888.8,0.7678,1.0994,1.017,0.0,27048.44,21.8649,9400000
Chicago,2024-03-24,1537903.6,27682.26,330723.2,11244.59,984268.7,11811.22,830970.7,9140.68,1206283.8,10856.55,720586.3,5044.1,152182.9,12174.63,815643.8,0.8531,1.2714,1.0149,0.0,28123.4,21.8203,9400000
Chicago,2024-03-31,1388275.1,24988.95,445103.9,15133.53,1006966.2,12083.59,733519.7,8068.72,1037837.2,9340.53,744627.0,5212.39,114321.7,9145.74,897916.7,0.9234,1.2646,0.9979,0.0,33537.11,21.4552,9400000
Chicago,2024-04-07,1666454.8,29996.19,452831.2,15396.26,1329687.3,15956.25,748176.6,8229.94,1459376.1,13134.38,650550.4,4553.85,141272.1,11301.77,973669.3,0.9698,1.452,1.0159,0.0,30180.03,21.8425,9400000
Chicago,2024-04-14,1477043.9,26586.79,339150.0,11531.1,1422500.1,17070.0,988031.6,10868.35,1187988.4,10691.9,720347.3,5042.43,140946.3,11275.7,953187.0,0.986,1.5862,1.0044,0.0,33460.21,21.5944,9400000
Chicago,2024-04-21,1484593.4,26722.68,362374.8,12320.74,1203849.1,14446.19,826991.1,9096.9,1430418.3,12873.77,611702.8,4281.92,155019.3,12401.54,975246.7,0.9698,1.5151,0.9449,1.0,36981.21,20.3148,9400000
Chicago,2024-04-28,1728082.6,31105.49,379334.7,12897.38,1401793.2,16821.52,773174.2,8504.92,1119596.4,10076.37,737293.0,5161.05,136948.8,10955.9,889241.8,0.9234,1.5125,0.9875,0.0,31706.92,21.2323,9400000
Chicago,2024-05-05,1426718.4,25680.93,438159.1,14897.41,952594.9,11431.14,895522.9,9850.75,1267026.8,11403.24,646247.9,4523.74,127487.9,10199.04,915370.3,0.8531,1.2721,1.0183,0.0,30777.35,21.8935,9400000
Chicago,2024-05-12,1410288.6,25385.19,417688.7,14201.42,1070125.6,12841.51,671230.4,7383.53,1203212.3,10828.91,765604.0,5359.23,135552.4,10844.2,804862.2,0.7678,1.2539,0.9592,1.0,33459.61,20.623,9400000
Chicago,2024-05-19,1214473.5,21860.52,384277.9,13065.45,1127603.2,13531.24,643497.6,7078.47,1174510.1,10570.59,567280.6,3970.96,100630.9,8050.47,815785.4,0.6772,1.1238,1.013,0.0,27481.89,21.7796,9400000
Chicago,2024-05-26,1161400.6,20905.21,346270.3,11773.19,917982.7,11015.79,761007.2,8371.08,885374.5,7968.37,616921.6,4318.45,95314.8,7625.18,679910.8,0.5901,1.2227,1.0031,0.0,25194.89,21.5674,9400000
Chicago,2024-06-02,1309910.1,23578.38,300393.8,10213.39,1000265.8,12003.19,670164.0,7371.8,967126.7,8704.14,674750.3,4723.25,105156.2,8412.5,659608.5,0.5128,1.0717,0.9646,1.0,27508.6,20.7398,9400000
Chicago,2024-06-09,1051869.1,18933.64,318049.9,10813.7,951552.1,11418.63,543236.0,5975.6,962285.8,8660.57,659489.4,4616.43,92863.1,7429.05,603443.6,0.4494,0.8135,1.0122,0.0,22148.07,21.7634,9400000
Chicago,2024-06-16,1350593.4,24310.68,276387.6,9397.18,723115.2,8677.38,529195.1,5821.15,728588.2,6557.29,584615.6,4092.31,104612.7,8369.02,571246.9,0.4011,0.9669,1.0014,0.0,20620.91,21.5311,9400000
Chicago,2024-06-23,1222174.2,21999.14,285067.3,9692.29,804239.6,9650.88,633456.5,6968.02,845704.6,7611.34,597923.0,4185.46,104659.6,8372.77,564070.1,0.3678,0.8918,1.0049,0.0,21343.76,21.6048,9400000
Chicago,2024-06-30,965062.6,17371.13,227687.1,7741.36,813186.5,9758.24,478173.4,5259.91,737011.6,6633.1,589560.2,4126.92,98574.8,7885.99,468222.8,0.3483,0.7635,0.9451,1.0,22591.68,20.3189,9400000
Chicago,2024-07-07,1057644.2,19037.6,225513.2,7667.45,889740.2,10676.88,567589.6,6243.49,927094.2,8343.85,670727.5,4695.09,94107.2,7528.58,503402.6,0.3416,0.8533,0.932,1.0,23747.65,20.0376,9400000
Chicago,2024-07-14,1121067.5,20179.22,279116.2,9489.95,823817.7,9885.81,477904.9,5256.95,725372.8,6528.35,700958.3,4906.71,75020.0,6001.6,545880.0,0.3475,0.8638,0.9821,0.0,19181.42,21.116,9400000
Chicago,2024-07-21,1246342.2,22434.16,262431.2,8922.66,868905.6,10426.87,623714.7,6860.86,790379.8,7113.42,602546.3,4217.82,77628.3,6210.26,510556.6,0.3661,0.857,1.0041,0.0,19504.76,21.589,9400000
Chicago,2024-07-28,969988.6,17459.79,294503.3,10013.11,928736.1,11144.83,655040.3,7205.44,752481.1,6772.33,604489.8,4231.43,79363.4,6349.07,657852.5,0.3978,0.9013,0.9495,1.0,23168.16,20.4143,9400000
Chicago,2024-08-04,1078092.8,19405.67,281730.3,9578.83,960146.8,11521.76,577552.9,6353.08,820941.5,7388.47,536503.6,3755.53,92639.6,7411.17,576373.3,0.4424,0.9722,1.0051,0.0,21216.69,21.6087,9400000
Chicago,2024-08-11,1335178.3,24033.21,267722.8,9102.58,937156.7,11245.88,688331.7,7571.65,1050690.4,9456.21,676677.2,4736.74,94613.5,7569.08,597061.5,0.4976,0.9271,0.9976,0.0,21753.38,21.4477,9400000
Chicago,2024-08-18,1345371.8,24216.69,343551.9,11680.76,795279.6,9543.35,769363.0,8462.99,1117634.3,10058.71,689251.1,4824.76,122782.5,9822.6,619702.6,0.5589,1.1804,0.9928,0.0,24548.19,21.3462,9400000
Chicago,2024-08-25,1157154.2,20828.78,346583.1,11783.83,1107081.5,13284.98,696577.3,7662.35,1028028.4,9252.26,704687.7,4932.81,126175.1,10094.0,747686.2,0.619,1.0461,1.0155,0.0,26055.52,21.8326,9400000
Chicago,2024-09-01,1374020.2,24732.36,357500.9,12155.03,1039810.4,12477.72,597979.6,6577.78,895359.7,8058.24,594917.5,4164.42,113603.7,9088.3,635382.4,0.6696,1.1491,0.9961,0.0,26228.15,21.4153,9400000
Chicago,2024-09-08,1296296.4,23333.34,287031.1,9759.06,953632.0,11443.58,652806.4,7180.87,1282546.7,11542.92,702229.1,4915.6,112364.1,8989.13,755395.9,0.7023,1.0627,0.9862,0.0,26112.68,21.2025,9400000
Chicago,2024-09-15,1690658.2,30431.85,384534.6,13074.18,1005366.4,12064.4,767255.3,8439.81,1008219.0,9073.97,682307.4,4776.15,131103.0,10488.24,693430.1,0.7113,1.3776,1.0083,0.0,25403.62,21.6792,9400000
Chicago,2024-09-22,1352165.3,24338.98,286837.9,9752.49,880749.9,10569.0,618991.6,6808.91,991152.7,8920.37,716466.5,5015.27,122838.6,9827.09,647970.4,0.6951,1.1334,0.9801,0.0,23583.62,21.0715,9400000
Chicago,2024-09-29,1649050.9,29682.92,292163.8,9933.57,1189099.0,14269.19,640896.4,7049.86,1249168.6,11242.52,607963.5,4255.74,128841.5,10307.32,762347.7,0.6566,1.3131,0.9904,0.0,26605.91,21.2942,9400000
Chicago,2024-10-06,1199509.8,21591.18,358451.7,12187.36,844658.1,10135.9,599227.5,6591.5,1095165.5,9856.49,716431.1,5015.02,102113.8,8169.11,764280.4,0.6023,1.077,1.0155,0.0,25893.2,21.8324,9400000
Chicago,2024-10-13,1370660.0,24671.88,352644.5,11989.91,774145.2,9289.74,634306.4,6977.37,1156463.4,10408.17,684126.3,4788.88,112782.3,9022.59,560583.9,0.5407,0.9236,0.9844,0.0,23105.45,21.1638,9400000
Chicago,2024-10-20,1111886.5,20013.96,334716.8,11380.37,896106.6,10753.28,722288.9,7945.18,789060.1,7101.54,709116.1,4963.81,110753.2,8860.26,675847.0,0.4801,1.1044,1.0066,0.0,22497.3,21.6418,9400000
Chicago,2024-10-27,1234102.3,22213.84,308080.2,10474.73,718056.9,8616.68,675366.4,7429.03,841747.2,7575.73,687127.8,4809.89,113281.4,9062.51,562015.3,0.4266,1.0572,0.9809,0.0,20951.81,21.0891,9400000
Chicago,2024-11-03,1282781.2,23090.06,269490.1,9162.66,796390.4,9556.69,634100.8,6975.11,955525.0,8599.72,571949.1,4003.64,104572.1,8365.77,513516.3,0.3836,1.0105,0.9608,1.0,24645.33,20.6575,9400000
Chicago,2024-11-10,1051950.5,18935.11,226802.2,7711.27,740541.3,8886.5,539516.4,5934.68,843018.9,7587.17,697133.9,4879.94,79151.6,6332.13,534727.6,0.3518,0.8357,1.0,0.0,19576.07,21.5,9400000
Chicago,2024-11-17,990706.7,17832.72,301056.3,10235.91,686817.6,8241.81,596951.5,6566.47,688264.8,6194.38,593730.8,4156.12,79422.3,6353.78,471342.2,0.3302,0.8616,1.0071,0.0,18072.84,21.6521,9400000
Chicago,2024-11-24,944801.8,17006.43,271488.0,9230.59,880575.9,10566.91,592686.8,6519.55,845741.9,7611.68,696707.3,4876.95,91284.4,7302.75,474215.4,0.3165,0.8069,1.0035,0.0,19354.52,21.576,9400000
Chicago,2024-12-01,900460.2,16208.28,287343.7,9769.68,672999.8,8076.0,618587.4,6804.46,789464.8,7105.18,653334.6,4573.34,80562.2,6444.98,488863.7,0.3085,0.9272,0.9809,0.0,18941.09,21.09,9400000
Chicago,2024-12-08,943640.3,16985.52,245614.8,8350.9,851564.6,10218.78,545315.4,5998.47,850509.6,7654.59,682966.8,4780.77,76807.2,6144.58,511087.4,0.3041,0.8787,0.9939,0.0,18370.64,21.3689,9400000
Chicago,2024-12-15,1188226.0,21388.07,256935.7,8735.81,775558.7,9306.7,438277.0,4821.05,945631.1,8510.68,559362.8,3915.54,97237.4,7778.99,479458.4,0.3019,0.7812,0.995,0.0,18976.07,21.3931,9400000
Chicago,2024-12-22,905299.3,16295.39,225898.6,7680.55,765638.7,9187.66,594946.4,6544.41,893963.6,8045.67,591431.9,4140.02,80588.5,6447.08,528952.2,0.3008,0.7482,0.9962,0.0,17701.28,21.4176,9400000
Chicago,2024-12-29,1060005.7,19080.1,253819.5,8629.86,824819.9,9897.84,498821.8,5487.04,838211.5,7543.9,575891.2,4031.24,79357.3,6348.58,515073.5,0.3003,0.7192,1.0194,0.0,18808.52,21.9173,9400000
Chicago,2025-01-05,897500.1,16155.0,279493.8,9502.79,701409.7,8416.92,454880.3,5003.68,902801.1,8125.21,526998.8,3688.99,73398.1,5871.85,541237.2,0.3052,0.818,0.9956,0.0,17809.98,21.4064,9400000
Chicago,2025-01-12,1082762.2,19489.72,260993.0,8873.76,669341.7,8032.1,483714.4,5320.86,891018.8,8019.17,671125.4,4697.88,96246.0,7699.68,538669.7,0.3101,0.8989,0.9979,0.0,16901.57,21.4545,9400000
Chicago,2025-01-19,1186770.1,21361.86,230367.1,7832.48,919340.7,11032.09,608947.0,6698.42,911359.3,8202.23,591468.5,4140.28,78355.3,6268.42,462484.7,0.3185,0.7679,1.014,0.0,18518.42,21.8014,9400000
Chicago,2025-01-26,978217.6,17607.92,283505.2,9639.18,858072.4,10296.87,555189.0,6107.08,951156.6,8560.41,672809.0,4709.66,78099.8,6247.99,499716.4,0.3326,0.8606,0.9931,0.0,21125.02,21.3524,9400000
Chicago,2025-02-02,1206116.0,21710.09,239274.1,8135.32,907027.8,10884.33,480035.7,5280.39,897012.5,8073.11,517985.6,3625.9,98279.4,7862.35,546938.5,0.3546,0.8235,0.9841,0.0,19049.68,21.1587,9400000
Chicago,2025-02-09,1270064.1,22861.15,252089.4,8571.04,972199.4,11666.39,573356.3,6306.92,902420.7,8121.79,612796.1,4289.57,81383.9,6510.71,554411.5,0.3872,0.9534,0.9971,0.0,20185.8,21.4383,9400000
Chicago,2025-02-16,1342964.8,24173.37,290792.7,9886.95,889779.6,10677.36,584454.9,6429.0,835696.4,7521.27,521918.8,3653.43,96350.4,7708.03,545537.0,0.4327,1.0446,0.9801,0.0,19201.07,21.0727,9400000
Chicago,2025-02-23,1293599.7,23284.79,316340.0,10755.56,777651.9,9331.82,721679.1,7938.47,1101602.8,9914.43,577888.4,4045.22,113145.9,9051.67,687642.6,0.4926,0.9024,0.9893,0.0,21483.15,21.2692,9400000
Chicago,2025-03-02,1162551.1,20925.92,265424.2,9024.42,874198.2,10490.38,733389.9,8067.29,1165976.4,10493.79,539278.9,3774.95,94306.7,7544.53,704104.5,0.5666,1.0474,1.0118,0.0,24196.71,21.7543,9400000
Chicago,2025-03-09,1177212.8,21189.83,328506.4,11169.22,842258.5,10107.1,696018.4,7656.2,1094771.4,9852.94,659751.2,4618.26,105969.0,8477.52,687937.1,0.6516,1.1062,1.0179,0.0,25654.41,21.8854,9400000
Chicago,2025-03-16,1741718.7,31350.94,293822.3,9989.96,1049294.3,12591.53,801197.4,8813.17,1067847.8,9610.63,668247.4,4677.73,140599.9,11247.99,681789.0,0.7421,1.2616,1.0002,0.0,25636.24,21.5033,9400000
Chicago,2025-03-23,1456361.8,26214.51,408936.5,13903.84,1167628.9,14011.55,853019.7,9383.22,1241997.0,11177.97,615993.1,4311.95,106845.3,8547.62,737279.4,0.8298,1.1314,0.9826,0.0,29750.17,21.126,9400000
Chicago,2025-03-30,1846750.6,33241.51,435661.1,14812.48,1224039.7,14688.48,849752.8,9347.28,1098084.8,9882.76,747346.5,5231.43,131953.0,10556.24,828185.5,0.9054,1.3906,0.9438,1.0,34343.24,20.2919,9400000
Chicago,2025-04-06,1681255.4,30262.6,444604.5,15116.55,1177771.6,14133.26,800826.0,8809.09,1417089.0,12753.8,558665.9,3910.66,119785.4,9582.83,831496.7,0.9594,1.4334,0.9466,1.0,35401.94,20.3527,9400000
Chicago,2025-04-13,1806161.5,32510.91,430178.9,14626.08,1030451.5,12365.42,949091.1,10440.0,1145150.0,10306.35,595717.7,4170.02,141444.3,11315.54,1045722.7,0.9847,1.4543,0.9904,0.0,32267.72,21.293,9400000
Chicago,2025-04-20,1941665.7,34949.98,447528.4,15215.96,1461716.5,17540.6,911758.7,10029.35,1302986.8,11726.88,759361.5,5315.53,160936.2,12874.9,952255.8,0.9777,1.2741,0.9873,0.0,34132.47,21.2278,9400000
Chicago,2025-04-27,1422054.9,25596.99,434802.6,14783.29,1263657.2,15163.89,708635.9,7794.99,1274763.2,11472.87,711275.5,4978.93,132868.3,10629.46,961022.0,0.9394,1.3495,0.9822,0.0,33629.39,21.1164,9400000
Chicago,2025-05-04,1885393.6,33937.08,372741.2,12673.2,1222921.5,14675.06,834127.2,9175.4,1216113.6,10945.02,545630.6,3819.41,119213.6,9537.09,815166.6,0.8751,1.4091,0.9363,1.0,35633.48,20.1297,9400000
Chicago,2025-05-11,1691628.8,30449.32,303007.3,10302.25,1040949.7,12491.4,783040.2,8613.44,1155364.6,10398.28,681122.0,4767.85,114974.8,9197.98,795432.0,0.7932,1.2949,0.9984,0.0,27313.39,21.4649,9400000
Chicago,2025-05-18,1268244.5,22828.4,324865.7,11045.43,1106884.1,13282.61,701725.5,7718.98,1012281.3,9110.53,531857.1,3723.0,106479.4,8518.35,664343.7,0.7031,1.219,0.9931,0.0,25232.22,21.351,9400000
Chicago,2025-05-25,1396984.3,25145.72,335318.7,11400.84,1008700.5,12104.41,639779.8,7037.58,1210465.0,10894.18,709464.9,4966.25,111828.7,8946.3,722558.6,0.6142,1.2655,0.9829,0.0,24796.18,21.1318,9400000
Chicago,2025-06-01,1222380.2,22002.84,329059.9,11188.04,885261.3,10623.14,740878.8,8149.67,995880.5,8962.92,718721.6,5031.05,115769.4,9261.56,640808.7,0.5336,1.0897,0.9824,0.0,25688.3,21.121,9400000
Chicago,2025-06-08,1403300.2,25259.4,333903.7,11352.73,725712.3,8708.55,691088.2,7601.97,1039207.2,9352.87,626616.4,4386.32,94590.1,7567.21,647843.9,0.466,0.9622,1.0008,0.0,22601.59,21.517,9400000
Chicago,2025-06-15,1333094.4,23995.7,233279.8,7931.51,839552.6,10074.63,543153.3,5974.69,972542.5,8752.88,720239.5,5041.68,106800.9,8544.07,513349.9,0.4134,0.8991,1.014,0.0,21699.9,21.801,9400000
Chicago,2025-06-22,1348953.3,24281.16,312570.0,10627.38,874722.9,10496.68,487718.4,5364.9,999870.4,8998.83,668572.9,4680.01,82861.6,6628.93,506325.2,0.3758,0.7895,0.9587,1.0,22700.02,20.6113,9400000
Chicago,2025-06-29,1315482.2,23678.68,292374.6,9940.74,790004.5,9480.05,599868.7,6598.56,861245.8,7751.21,598391.9,4188.74,93275.8,7462.06,562864.4,0.3525,0.8417,1.0188,0.0,20726.81,21.9045,9400000
Chicago,2025-07-06,1263378.2,22740.81,261222.0,8881.55,842013.7,10104.16,528587.5,5814.46,705710.6,6351.4,518747.3,3631.23,97888.6,7831.09,489352.9,0.3423,0.8361,0.9445,1.0,23559.89,20.306,9400000
Chicago,2025-07-13,1240698.6,22332.57,216953.1,7376.4,866720.5,10400.65,650450.2,7154.95,893169.5,8038.53,624445.4,4371.12,106131.9,8490.55,570136.8,0.3445,0.9577,1.005,0.0,20760.13,21.607,9400000
Chicago,2025-07-20,1068046.1,19224.83,283824.3,9650.03,784280.1,9411.36,623739.3,6861.13,993330.2,8939.97,654522.8,4581.66,98693.6,7895.49,492533.9,0.3595,0.876,0.9894,0.0,19486.26,21.2713,9400000
Chicago,2025-07-27,1096205.3,19731.69,285886.6,9720.15,835583.7,10027.0,504599.1,5550.59,953974.2,8585.77,507563.3,3552.94,93231.7,7458.53,599900.6,0.3874,0.927,0.9872,0.0,21075.83,21.2257,9400000
Chicago,2025-08-03,1291323.7,23243.83,317817.4,10805.79,893969.1,10727.63,492970.9,5422.68,856238.9,7706.15,725083.7,5075.59,85153.2,6812.25,534479.7,0.4284,0.7977,0.9438,1.0,25094.82,20.2911,9400000
Chicago,2025-08-10,1059529.3,19071.53,275953.1,9382.41,898790.8,10785.49,603328.0,6636.61,1074626.4,9671.64,694086.2,4858.6,110138.0,8811.04,608084.2,0.481,0.8436,0.9936,0.0,23916.9,21.3615,9400000
Chicago,2025-08-17,1159638.5,20873.49,275018.2,9350.62,811374.0,9736.49,673236.0,7405.6,808678.6,7278.11,668857.4,4682.0,117952.9,9436.23,622759.1,0.5411,1.0505,0.9889,0.0,23469.0,21.262,9400000
Chicago,2025-08-24,1599062.2,28783.12,285673.5,9712.9,1145511.8,13746.14,633997.1,6973.97,983079.7,8847.72,636325.9,4454.28,115969.3,9277.54,611391.2,0.6024,1.1958,0.9833,0.0,24084.28,21.1405,9400000
Chicago,2025-08-31,1219118.7,21944.14,338956.3,11524.51,1150942.5,13811.31,715719.8,7872.92,907836.7,8170.53,532729.3,3729.11,127908.2,10232.65,663726.5,0.6566,1.0343,1.0042,0.0,24571.98,21.5911,9400000
Chicago,2025-09-07,1373591.1,24724.64,366576.8,12463.61,1014309.4,12171.71,822381.0,9046.19,1204727.7,10842.55,665092.6,4655.65,130568.3,10445.46,693924.5,0.6952,1.0922,0.9414,1.0,29829.58,20.2409,9400000
Chicago,2025-09-14,1511918.2,27214.53,396322.3,13474.96,971742.4,11660.91,841854.6,9260.4,1226532.4,11038.79,697644.9,4883.51,105000.1,8400.01,736219.9,0.7113,1.3019,0.9901,0.0,28389.22,21.2864,9400000
Chicago,2025-09-21,1442767.8,25969.82,364224.5,12383.63,962496.4,11549.96,681293.8,7494.23,1025597.8,9230.38,636439.6,4455.08,113254.2,9060.34,835963.2,0.7023,1.1333,0.9912,0.0,28134.55,21.3098,9400000
Chicago,2025-09-28,1669157.4,30044.83,317438.9,10792.92,1032192.5,12386.31,741786.9,8159.66,974976.6,8774.79,583625.9,4085.38,98933.9,7914.71,647827.5,0.6695,1.0798,1.0048,0.0,23895.57,21.6032,9400000
Chicago,2025-10-05,1389422.5,25009.61,286922.4,9755.36,861912.7,10342.95,583498.1,6418.48,1165586.1,10490.27,565045.7,3955.32,126297.4,10103.79,669109.0,0.6189,1.083,1.0026,0.0,22982.88,21.5558,9400000
Chicago,2025-10-12,1476516.3,26577.29,273990.2,9315.67,813672.5,9764.07,734007.6,8074.08,1159679.9,10437.12,562262.0,3935.83,120382.1,9630.57,722805.7,0.5586,1.0175,1.0066,0.0,24945.74,21.6428,9400000
Chicago,2025-10-19,1314243.8,23656.39,294150.4,10001.11,791150.5,9493.81,693239.4,7625.63,1030445.9,9274.01,718119.8,5026.84,105037.2,8402.98,598928.7,0.4969,0.8587,1.009,0.0,21829.67,21.6938,9400000
Chicago,2025-10-26,1333550.0,24003.9,252775.7,8594.38,818948.0,9827.38,512845.0,5641.29,833654.8,7502.89,518033.1,3626.23,83667.3,6693.38,536786.7,0.4409,1.0742,0.9876,0.0,20408.87,21.233,9400000
Chicago,2025-11-02,1216798.0,21902.36,271645.9,9235.96,922725.0,11072.7,603827.8,6642.11,858460.5,7726.14,637107.1,4459.75,105180.3,8414.42,557206.1,0.3947,0.8949,0.9983,0.0,22538.35,21.4641,9400000
Chicago,2025-11-09,1083777.1,19507.99,254974.4,8669.13,902970.3,10835.64,564926.9,6214.2,737571.6,6638.14,715463.1,5008.24,76818.8,6145.51,527572.7,0.3598,0.7808,0.987,0.0,21079.12,21.2202,9400000
Chicago,2025-11-16,1259318.1,22667.73,234897.5,7986.51,655482.5,7865.79,500866.8,5509.53,749630.3,6746.67,597799.1,4184.59,90256.5,7220.52,501027.2,0.3355,0.7923,0.9862,0.0,19162.64,21.2036,9400000
Chicago,2025-11-23,1277190.1,22989.42,244432.0,8310.69,646958.3,7763.5,570440.0,6274.84,772444.6,6952.0,647166.9,4530.17,82044.4,6563.55,492225.6,0.3198,0.9138,1.0016,0.0,19621.23,21.535,9400000
Chicago,2025-11-30,1232538.4,22185.69,218347.3,7423.81,752978.6,9035.74,523770.3,5761.47,694343.5,6249.09,510649.4,3574.55,101784.1,8142.73,492934.6,0.3103,0.8009,0.9856,0.0,18984.68,21.1906,9400000
Chicago,2025-12-07,909989.6,16379.81,279519.3,9503.66,820926.5,9851.12,498613.5,5484.75,789488.4,7105.4,513000.6,3591.0,83958.2,6716.65,441930.6,0.3051,0.7823,0.9826,0.0,18597.47,21.1263,9400000
Chicago,2025-12-14,1154725.7,20785.06,243634.4,8283.57,782960.6,9395.53,583723.4,6420.96,924419.3,8319.77,529228.9,3704.6,95997.9,7679.83,520779.0,0.3023,0.6954,0.9689,1.0,24737.96,20.8304,9400000
Chicago,2025-12-21,954322.9,17177.81,279530.0,9504.02,715781.5,8589.38,456360.5,5019.97,836234.0,7526.11,564935.1,3954.55,87545.3,7003.62,451413.4,0.301,0.8949,0.9901,0.0,18265.59,21.2866,9400000
Dallas-Ft. Worth,2023-01-01,796983.4,14345.7,173727.4,5906.73,878396.5,10540.76,428947.9,4718.43,708442.3,6375.98,557535.7,3902.75,73556.4,5884.51,434785.1,0.3039,0.8555,0.9958,0.0,14664.85,21.4102,7700000
Dallas-Ft. Worth,2023-01-08,981985.7,17675.74,233113.0,7925.84,1120004.1,13440.05,392275.0,4315.02,566309.4,5096.78,565825.7,3960.78,74146.4,5931.71,378283.2,0.3078,0.9041,1.0071,0.0,14811.19,21.6526,7700000
Dallas-Ft. Worth,2023-01-15,862522.1,15525.4,238133.6,8096.54,1138968.7,13667.62,466836.2,5135.2,619284.3,5573.56,487148.1,3410.04,68469.7,5477.57,476281.6,0.3148,0.7324,0.9865,0.0,17856.31,21.2107,7700000
Dallas-Ft. Worth,2023-01-22,875755.2,15763.59,211383.0,7187.02,952937.9,11435.26,360418.6,3964.6,707249.1,6365.24,450628.4,3154.4,66768.4,5341.47,394974.5,0.3266,0.9259,1.0168,0.0,15829.64,21.8619,7700000
Dallas-Ft. Worth,2023-01-29,973343.0,17520.17,190915.9,6491.14,1155905.8,13870.87,349851.7,3848.37,712805.2,6415.25,555542.9,3888.8,73034.9,5842.79,492162.9,0.3459,0.9056,0.9947,0.0,17004.42,21.3861,7700000
Dallas-Ft. Worth,2023-02-05,995706.5,17922.72,189505.1,6443.17,1260114.8,15121.38,493801.4,5431.82,778682.7,7008.14,527464.0,3692.25,99106.5,7928.52,458848.1,0.3753,0.9933,0.9575,1.0,20201.67,20.5866,7700000
Dallas-Ft. Worth,2023-02-12,929734.9,16735.23,216690.8,7367.49,1152922.1,13835.07,396289.1,4359.18,811427.9,7302.85,525368.3,3677.58,101983.1,8158.65,436687.2,0.4179,0.7921,0.9448,1.0,19881.91,20.3136,7700000
Dallas-Ft. Worth,2023-02-19,1040335.7,18726.04,219380.8,7458.95,1090212.5,13082.55,419660.2,4616.26,667923.9,6011.32,429151.2,3004.06,96185.6,7694.85,495021.3,0.4758,1.0386,0.9328,1.0,20838.71,20.0553,7700000
Dallas-Ft. Worth,2023-02-26,1199211.1,21585.8,218272.5,7421.27,1214614.5,14575.37,399957.1,4399.53,672534.1,6052.81,532661.6,3728.63,82678.2,6614.25,520449.2,0.55,1.0939,1.0076,0.0,21686.59,21.6625,7700000
Dallas-Ft. Worth,2023-03-05,1250605.8,22510.91,254830.8,8664.25,1466827.3,17601.93,467362.3,5140.98,695403.2,6258.63,566353.4,3964.47,85568.0,6845.44,660364.6,0.6389,1.1573,1.0113,0.0,22416.18,21.7426,7700000
Dallas-Ft. Worth,2023-03-12,984953.1,17729.16,232542.5,7906.45,1177453.7,14129.44,527461.2,5802.07,805059.5,7245.54,618067.3,4326.47,122451.4,9796.11,649649.1,0.7379,1.2653,1.0014,0.0,21859.61,21.5295,7700000
Dallas-Ft. Worth,2023-03-19,1157051.5,20826.93,320842.6,10908.65,1374245.8,16490.95,662221.5,7284.44,790041.7,7110.38,572995.3,4010.97,125729.7,10058.37,771910.8,0.8394,1.3585,1.0041,0.0,24719.87,21.5886,7700000
Dallas-Ft. Worth,2023-03-26,1316605.6,23698.9,290646.6,9881.99,1776751.4,21321.02,586425.1,6450.68,918069.9,8262.63,488067.2,3416.47,140534.2,11242.74,781010.3,0.9334,1.3651,0.9607,1.0,29862.07,20.6545,7700000
Dallas-Ft. Worth,2023-04-02,1315314.8,23675.67,266682.2,9067.19,1555966.6,18671.6,558509.3,6143.6,1036183.3,9325.65,577058.4,4039.41,107896.0,8631.68,892111.4,1.009,1.5075,1.0041,0.0,27574.0,21.5872,7700000
Dallas-Ft. Worth,2023-04-09,1487599.7,26776.79,333271.8,11331.24,1905522.5,22866.27,742970.8,8172.68,1002901.6,9026.11,507266.3,3550.86,140066.7,11205.33,910730.7,1.0566,1.6003,0.9981,0.0,28801.5,21.4585,7700000
Dallas-Ft. Worth,2023-04-16,1285334.0,23136.01,340137.0,11564.66,1446487.5,17357.85,745111.0,8196.22,954328.4,8588.96,637989.7,4465.93,140125.5,11210.04,926705.5,1.0696,1.6817,1.0074,0.0,29264.65,21.6595,7700000
Dallas-Ft. Worth,2023-04-23,1323333.0,23819.99,309696.4,10529.68,1789674.4,21476.09,551686.3,6068.55,1077767.4,9699.91,577358.9,4041.51,114344.7,9147.58,848687.5,1.0463,1.3346,0.9858,0.0,26865.2,21.1955,7700000
Dallas-Ft. Worth,2023-04-30,1186772.4,21361.9,361511.0,12291.38,1406079.1,16872.95,631608.4,6947.69,897964.7,8081.68,539919.4,3779.44,126203.1,10096.25,789980.1,0.9899,1.4446,0.9518,1.0,27974.62,20.4643,7700000
Dallas-Ft. Worth,2023-05-07,1409731.8,25375.17,310951.7,10572.36,1566382.9,18796.6,644040.1,7084.44,911904.9,8207.14,620215.4,4341.51,119388.8,9551.11,684463.0,0.9079,1.5921,0.9835,0.0,25258.7,21.1454,7700000
Dallas-Ft. Worth,2023-05-14,1294130.1,23294.34,313846.8,10670.79,1708554.0,20502.65,504453.7,5548.99,870460.2,7834.14,585539.1,4098.77,101146.9,8091.75,742054.4,0.8107,1.4928,0.9867,0.0,24124.9,21.2138,7700000
Dallas-Ft. Worth,2023-05-21,1125294.6,20255.3,300284.4,10209.67,1208276.8,14499.32,510685.9,5617.55,1030018.8,9270.17,585530.9,4098.72,88554.6,7084.37,588688.9,0.709,1.2244,0.9541,1.0,26715.82,20.5126,7700000
Dallas-Ft. Worth,2023-05-28,1166273.8,20992.93,239652.6,8148.19,1450873.4,17410.48,475435.1,5229.79,804237.3,7238.14,595097.8,4165.68,90324.1,7225.93,630860.3,0.6124,1.1976,1.0104,0.0,22001.21,21.7225,7700000
Dallas-Ft. Worth,2023-06-04,1040351.6,18726.33,210799.2,7167.17,1219567.4,14634.81,392336.0,4315.7,800640.3,7205.76,487904.1,3415.33,93089.8,7447.18,558751.7,0.5277,1.0344,1.0111,0.0,20134.08,21.7386,7700000
Dallas-Ft. Worth,2023-06-11,1140865.7,20535.58,232705.8,7912.0,1104258.9,13251.11,495761.8,5453.38,742997.5,6686.98,551781.0,3862.47,90352.2,7228.17,519656.6,0.4589,0.9667,1.0041,0.0,20097.05,21.5876,7700000
Dallas-Ft. Worth,2023-06-18,1083078.4,19495.41,185537.1,6308.26,1278587.1,15343.05,414296.3,4557.26,778606.1,7007.46,573800.7,4016.61,71626.9,5730.15,481930.2,0.4072,0.8373,1.0041,0.0,17408.44,21.588,7700000
Dallas-Ft. Worth,2023-06-25,809956.7,14579.22,196704.3,6687.94,1200901.2,14410.81,346638.5,3813.02,760574.7,6845.17,515645.4,3609.52,95222.0,7617.76,485089.3,0.372,0.9483,0.9944,0.0,19307.27,21.3807,7700000
Dallas-Ft. Worth,2023-07-02,935333.8,16836.01,179660.1,6108.44,1180113.0,14161.36,468235.5,5150.59,791345.0,7122.11,581818.3,4072.73,72432.0,5794.56,461433.2,0.3523,0.9037,1.0132,0.0,17790.04,21.7843,7700000
Dallas-Ft. Worth,2023-07-09,935108.2,16831.95,173764.6,5908.0,915349.2,10984.19,376952.4,4146.48,713004.5,6417.04,560585.2,3924.1,77428.3,6194.26,450597.8,0.3468,0.8985,0.9991,0.0,15439.97,21.4803,7700000
Dallas-Ft. Worth,2023-07-16,862951.5,15533.13,200426.9,6814.51,996356.9,11956.28,443449.6,4877.95,793174.4,7138.57,539425.3,3775.98,83925.9,6714.07,422752.4,0.3554,0.7728,0.9975,0.0,17003.82,21.4464,7700000
Dallas-Ft. Worth,2023-07-23,1072984.6,19313.72,230184.7,7826.28,1078139.1,12937.67,429358.0,4722.94,797126.4,7174.14,445806.5,3120.65,78558.8,6284.7,457323.1,0.3784,0.7684,0.9907,0.0,16542.28,21.2995,7700000
Dallas-Ft. Worth,2023-07-30,1101357.7,19824.44,186766.4,6350.06,1314997.0,15779.96,381513.1,4196.64,650283.7,5852.55,556036.0,3892.25,77014.2,6161.14,514070.3,0.4161,0.8693,0.998,0.0,17935.27,21.4565,7700000
Dallas-Ft. Worth,2023-08-06,1005933.7,18106.81,203954.9,6934.47,1104141.1,13249.69,475887.6,5234.76,658624.4,5927.62,481871.7,3373.1,96912.2,7752.98,552627.6,0.468,1.0433,0.9974,0.0,19190.07,21.4434,7700000
Dallas-Ft. Worth,2023-08-13,1041852.1,18753.34,238179.1,8098.09,1465597.7,17587.17,456831.0,5025.14,677799.3,6100.19,439265.3,3074.86,106527.6,8522.21,478538.0,0.5314,1.0497,0.9849,0.0,18395.52,21.1754,7700000
Dallas-Ft. Worth,2023-08-20,1112772.9,20029.91,208661.4,7094.49,1487072.6,17844.87,487697.9,5364.68,762064.3,6858.58,603791.0,4226.54,116664.1,9333.13,493477.5,0.6005,1.1566,1.0079,0.0,20447.01,21.6691,7700000
Dallas-Ft. Worth,2023-08-27,1274660.9,22943.9,239168.1,8131.72,1604051.3,19248.62,433567.7,4769.24,872083.6,7848.75,522693.7,3658.86,113046.4,9043.71,537553.3,0.6671,0.9999,0.9903,0.0,22135.96,21.2922,7700000
Dallas-Ft. Worth,2023-09-03,1137333.9,20472.01,236761.7,8049.9,1379776.5,16557.32,589974.1,6489.71,735943.3,6623.49,465602.8,3259.22,114510.0,9160.8,606980.4,0.7215,1.0786,0.9927,0.0,23121.26,21.3421,7700000
Dallas-Ft. Worth,2023-09-10,1329097.1,23923.75,312559.8,10627.03,1261653.0,15139.84,527808.4,5805.89,1016359.2,9147.23,479706.0,3357.94,106432.3,8514.58,622796.6,0.7547,1.1058,1.0011,0.0,22287.03,21.5243,7700000
Dallas-Ft. Worth,2023-09-17,1212680.0,21828.24,320875.0,10909.75,1442835.9,17314.03,482598.7,5308.59,946944.6,8522.5,462859.2,3240.01,95414.9,7633.19,548211.0,0.7608,1.2923,1.0133,0.0,21516.05,21.7865,7700000
Dallas-Ft. Worth,2023-09-24,1307424.8,23533.65,230974.5,7853.13,1172300.3,14067.6,451342.3,4964.77,998516.8,8986.65,504603.0,3532.22,120661.1,9652.89,693792.4,0.7387,1.3746,0.9494,1.0,26342.2,20.412,7700000
Dallas-Ft. Worth,2023-10-01,1338209.7,24087.77,253207.0,8609.04,1440277.2,17283.33,469170.9,5160.88,719495.9,6475.46,535596.8,3749.18,87578.4,7006.27,516610.5,0.6924,1.0626,1.0006,0.0,20610.42,21.5128,7700000
Dallas-Ft. Worth,2023-10-08,1280836.0,23055.05,277756.0,9443.71,1160406.1,13924.87,503438.2,5537.82,943999.0,8495.99,583309.5,4083.17,99489.3,7959.15,550482.1,0.6297,1.0934,1.0023,0.0,20729.54,21.5485,7700000
Dallas-Ft. Worth,2023-10-15,1176406.6,21175.32,286918.1,9755.21,1385060.7,16620.73,513216.4,5645.38,837012.4,7533.11,553879.0,3877.15,81725.3,6538.03,608798.2,0.5602,1.1771,1.0167,0.0,20750.21,21.86,7700000
Dallas-Ft. Worth,2023-10-22,912321.7,16421.79,215554.1,7328.84,1183108.5,14197.3,450626.2,4956.89,652085.4,5868.77,564173.0,3949.21,98895.5,7911.64,485963.5,0.493,1.001,0.9802,0.0,17719.6,21.0733,7700000
Dallas-Ft. Worth,2023-10-29,810747.3,14593.45,235420.8,8004.31,1018699.0,12224.39,507085.6,5577.94,615979.9,5543.82,515651.5,3609.56,96895.1,7751.61,473114.7,0.4344,0.9952,1.0023,0.0,19476.29,21.5488,7700000
Dallas-Ft. Worth,2023-11-05,798500.8,14373.02,214985.6,7309.51,1014895.2,12178.74,397742.2,4375.16,734719.2,6612.47,458396.7,3208.78,86633.1,6930.65,456834.6,0.3879,0.7616,1.0093,0.0,16662.16,21.6992,7700000
Dallas-Ft. Worth,2023-11-12,821071.2,14779.28,205026.0,6970.88,923250.7,11079.01,427204.0,4699.24,770704.2,6936.34,511253.2,3578.77,86677.4,6934.19,424445.1,0.3541,0.8513,0.9409,1.0,17616.76,20.2296,7700000
Dallas-Ft. Worth,2023-11-19,800845.8,14415.22,214472.7,7292.07,1149130.2,13789.56,428356.0,4711.92,756126.3,6805.14,445961.7,3121.73,92245.0,7379.6,391173.3,0.3312,0.8047,0.9891,0.0,15866.62,21.266,7700000
Dallas-Ft. Worth,2023-11-26,847657.1,15257.83,217308.6,7388.49,1249934.1,14999.21,470488.4,5175.37,618500.2,5566.5,429842.3,3008.9,95214.6,7617.17,422687.7,0.3169,0.8008,0.9514,1.0,19200.18,20.4551,7700000
Dallas-Ft. Worth,2023-12-03,980290.1,17645.22,197874.6,6727.74,945660.5,11347.93,421477.8,4636.26,624981.4,5624.83,559152.5,3914.07,69941.4,5595.31,416383.0,0.3086,0.71,1.0182,0.0,15158.41,21.8906,7700000
Dallas-Ft. Worth,2023-12-10,861513.4,15507.24,205392.5,6983.34,1224969.6,14699.64,326455.7,3591.01,564949.6,5084.55,509501.4,3566.51,74286.9,5942.95,432340.2,0.3041,0.8278,1.003,0.0,15413.17,21.5637,7700000
Dallas-Ft. Worth,2023-12-17,747015.2,13446.27,185865.1,6319.41,903600.4,10843.21,403819.5,4442.01,692716.4,6234.45,580810.8,4065.68,84464.0,6757.12,385131.6,0.3019,0.8496,1.0004,0.0,16743.87,21.5085,7700000
Dallas-Ft. Worth,2023-12-24,750790.0,13514.22,229957.8,7818.57,1012308.9,12147.71,458515.3,5043.67,618979.2,5570.81,523256.1,3662.79,69399.4,5551.95,406605.2,0.3008,0.8384,0.9904,0.0,14671.77,21.2928,7700000
Dallas-Ft. Worth,2023-12-31,995837.0,17925.07,193771.4,6588.23,1115325.0,13383.9,368525.5,4053.78,623776.3,5613.99,571038.3,3997.27,67266.1,5381.29,371145.2,0.3003,0.8379,0.9602,1.0,18474.6,20.6434,7700000
Dallas-Ft. Worth,2024-01-07,796182.3,14331.28,216729.4,7368.8,1069299.4,12831.59,426460.6,4691.07,701454.2,6313.09,407436.2,2852.05,78642.8,6291.42,387168.3,0.3071,0.7113,1.0194,0.0,16058.4,21.9175,7700000
Dallas-Ft. Worth,2024-01-14,872472.8,15704.51,223879.0,7611.89,1220092.3,14641.11,370219.7,4072.42,696118.6,6265.07,463989.6,3247.93,80594.6,6447.57,380415.2,0.3135,0.7332,0.9454,1.0,19007.36,20.3257,7700000
Dallas-Ft. Worth,2024-01-21,1035995.6,18647.92,181683.0,6177.22,1141705.6,13700.47,422095.0,4643.04,695262.9,6257.37,451790.6,3162.53,66912.5,5353.0,451832.0,0.3246,0.9123,0.9875,0.0,16882.84,21.2302,7700000
Dallas-Ft. Worth,2024-01-28,948306.5,17069.52,232780.7,7914.54,994511.6,11934.14,395298.1,4348.28,790856.8,7117.71,415365.1,2907.56,85120.7,6809.65,387793.3,0.3426,0.9594,1.0195,0.0,15106.66,21.9195,7700000
Dallas-Ft. Worth,2024-02-04,1042206.3,18759.71,196013.3,6664.45,944169.2,11330.03,380446.5,4184.91,615436.5,5538.93,462266.7,3235.87,87905.0,7032.4,472795.1,0.3704,0.953,0.9835,0.0,17383.79,21.1448,7700000
Dallas-Ft. Worth,2024-02-11,1046866.5,18843.6,253851.8,8630.96,1303445.0,15641.34,447442.9,4921.87,622201.2,5599.81,475434.4,3328.04,95823.3,7665.86,432968.2,0.4109,0.7905,0.9413,1.0,19625.6,20.2379,7700000
Dallas-Ft. Worth,2024-02-18,860150.9,15482.72,189908.5,6456.89,1234677.0,14816.12,523935.7,5763.29,868057.8,7812.52,576740.1,4037.18,92461.3,7396.9,472088.8,0.4665,0.9431,1.0127,0.0,17134.73,21.7739,7700000
Dallas-Ft. Worth,2024-02-25,1119031.8,20142.57,255965.6,8702.83,1220664.9,14647.98,390851.9,4299.37,653251.8,5879.27,504666.3,3532.66,107739.1,8619.13,553965.1,0.5384,1.1228,1.0039,0.0,20497.88,21.5844,7700000
Dallas-Ft. Worth,2024-03-03,969529.6,17451.53,268971.5,9145.03,1494211.2,17930.53,538115.9,5919.27,799299.0,7193.69,459479.7,3216.36,95658.5,7652.68,613711.4,0.6254,1.2228,0.9599,1.0,22643.19,20.6368,7700000
Dallas-Ft. Worth,2024-03-10,1035289.2,18635.21,266823.6,9072.0,1187071.8,14244.86,568814.8,6256.96,986424.4,8877.82,536986.6,3758.91,88957.4,7116.59,691500.7,0.7234,1.1979,1.0008,0.0,22014.57,21.5165,7700000
Dallas-Ft. Worth,2024-03-17,1108716.4,19956.9,333568.0,11341.31,1580352.7,18964.23,546629.9,6012.93,855815.3,7702.34,439360.8,3075.53,102398.1,8191.85,667211.4,0.8251,1.2585,0.9338,1.0,27924.13,20.0772,7700000
Dallas-Ft. Worth,2024-03-24,1191650.8,21449.71,272306.5,9258.42,1613754.7,19365.06,664978.8,7314.77,906450.2,8158.05,521266.7,3648.87,114165.6,9133.25,630431.3,0.9208,1.2157,0.945,1.0,28288.94,20.3181,7700000
Dallas-Ft. Worth,2024-03-31,1219832.3,21956.98,320632.5,10901.5,1395645.8,16747.75,556468.9,6121.16,1010267.5,9092.41,522330.4,3656.31,114669.0,9173.52,813085.8,0.9997,1.2868,1.0003,0.0,27606.83,21.5062,7700000
Dallas-Ft. Worth,2024-04-07,1485146.1,26732.63,371036.3,12615.23,1680758.9,20169.11,678897.6,7467.87,1173561.4,10562.05,600433.4,4203.03,130227.4,10418.19,691110.3,1.0518,1.3332,1.0161,0.0,28041.69,21.847,7700000
Dallas-Ft. Worth,2024-04-14,1425716.1,25662.89,350110.0,11903.74,1702183.9,20426.21,741762.8,8159.39,1210673.5,10896.06,468905.1,3282.34,152705.3,12216.42,721541.0,1.07,1.7609,0.9364,1.0,32790.6,20.1326,7700000
Dallas-Ft. Worth,2024-04-21,1482090.6,26677.63,337098.7,11461.36,1401896.8,16822.76,603951.5,6643.47,1044498.5,9400.49,471469.2,3300.28,109327.3,8746.18,756929.7,1.0518,1.6771,0.9827,0.0,27128.63,21.1286,7700000
Dallas-Ft. Worth,2024-04-28,1219450.8,21950.11,267734.8,9102.98,1385744.5,16628.93,733611.1,8069.72,1033292.7,9299.63,521920.6,3653.44,121463.3,9717.07,815683.0,0.9997,1.3876,1.0081,0.0,27275.17,21.6732,7700000
Dallas-Ft. Worth,2024-05-05,1247339.9,22452.12,276192.1,9390.53,1502540.3,18030.48,675458.8,7430.05,1130703.8,10176.33,498815.7,3491.71,124969.4,9997.55,743067.1,0.9208,1.4699,1.0194,0.0,26182.54,21.9177,7700000
Dallas-Ft. Worth,2024-05-12,1242286.5,22361.16,323866.4,11011.46,1752805.5,21033.67,490099.5,5391.09,805868.6,7252.82,499737.0,3498.16,133722.3,10697.78,764080.7,0.8251,1.244,0.9415,1.0,30495.98,20.2412,7700000
Dallas-Ft. Worth,2024-05-19,1115740.5,20083.33,238075.0,8094.55,1463474.7,17561.7,561847.2,6180.32,785074.8,7065.67,440191.7,3081.34,118653.5,9492.28,699330.0,0.7234,1.3431,1.0073,0.0,23097.89,21.6571,7700000
Dallas-Ft. Worth,2024-05-26,1050448.8,18908.08,254806.1,8663.41,1153429.3,13841.15,583814.3,6421.96,767700.0,6909.3,438977.6,3072.84,88785.3,7102.83,587696.9,0.6256,1.152,0.995,0.0,19779.81,21.3916,7700000
Dallas-Ft. Worth,2024-06-02,1042245.8,18760.42,282723.4,9612.6,1227245.3,14726.94,526432.3,5790.75,867603.7,7808.43,512086.1,3584.6,92904.2,7432.34,509636.6,0.5389,1.1476,0.9983,0.0,19933.02,21.4636,7700000
Dallas-Ft. Worth,2024-06-09,958373.6,17250.72,266778.8,9070.48,1378218.6,16538.62,515956.4,5675.52,671947.2,6047.52,501558.4,3510.91,78253.8,6260.3,479583.4,0.4677,1.0168,1.0178,0.0,19869.49,21.8831,7700000
Dallas-Ft. Worth,2024-06-16,1073640.6,19325.53,211954.9,7206.47,1215769.7,14589.24,483161.7,5314.78,768559.9,6917.04,544165.5,3809.16,71879.3,5750.34,465684.3,0.4135,1.0153,1.0165,0.0,17645.39,21.8547,7700000
Dallas-Ft. Worth,2024-06-23,1011759.7,18211.68,237609.9,8078.74,1253731.1,15044.77,448728.8,4936.02,667188.9,6004.7,503477.9,3524.35,97606.7,7808.54,435652.4,0.3761,0.9992,1.0006,0.0,16950.12,21.5124,7700000
Dallas-Ft. Worth,2024-06-30,996659.2,17939.87,232221.0,7895.51,1239034.2,14868.41,378270.3,4160.97,588839.8,5299.56,573065.2,4011.46,80227.5,6418.2,459658.5,0.3542,0.7692,1.0135,0.0,17637.14,21.7908,7700000
Dallas-Ft. Worth,2024-07-07,897173.6,16149.12,237013.6,8058.46,1199758.2,14397.1,397471.2,4372.18,678671.9,6108.05,447394.7,3131.76,78550.3,6284.02,472742.4,0.3467,0.9322,0.986,0.0,16756.98,21.1999,7700000
Dallas-Ft. Worth,2024-07-14,767242.4,13810.36,224452.1,7631.37,948057.7,11376.69,451352.4,4964.88,708048.7,6372.44,497133.5,3479.93,83241.4,6659.32,487904.5,0.3533,0.8689,1.0169,0.0,16126.34,21.8634,7700000
Dallas-Ft. Worth,2024-07-21,950467.1,17108.41,212024.3,7208.83,922648.2,11071.78,454179.6,4995.98,778736.8,7008.63,544709.2,3812.96,84022.0,6721.76,432979.9,0.3742,0.7549,0.9888,0.0,16952.92,21.2595,7700000
Dallas-Ft. Worth,2024-07-28,971357.1,17484.43,238715.8,8116.34,1136862.2,13642.35,499726.0,5496.99,626422.9,5637.81,476730.0,3337.11,90162.2,7212.98,431206.6,0.4098,0.9411,0.9456,1.0,20125.59,20.3304,7700000
Dallas-Ft. Worth,2024-08-04,1172159.1,21098.86,214100.1,7279.4,1352547.1,16230.57,424446.6,4668.91,625356.9,5628.21,515311.0,3607.18,91108.7,7288.69,453024.8,0.4598,1.0919,1.0115,0.0,18560.78,21.7469,7700000
Dallas-Ft. Worth,2024-08-11,1127568.2,20296.23,226413.5,7698.06,1297101.6,15565.22,498370.3,5482.07,830916.5,7478.25,451979.5,3163.86,86632.5,6930.6,488968.1,0.5218,1.1132,0.9896,0.0,20037.96,21.2766,7700000
Dallas-Ft. Worth,2024-08-18,1250774.7,22513.94,274832.5,9344.3,1234724.8,14816.7,577256.8,6349.82,833568.3,7502.11,602946.3,4220.62,86246.6,6899.73,534724.2,0.5906,1.153,0.9668,1.0,21739.62,20.7857,7700000
Dallas-Ft. Worth,2024-08-25,992797.1,17870.35,295043.7,10031.49,1214250.5,14571.01,600608.2,6606.69,760518.7,6844.67,478549.9,3349.85,97436.2,7794.9,590315.6,0.6581,1.3182,0.9479,1.0,23659.37,20.3797,7700000
Dallas-Ft. Worth,2024-09-01,1204248.0,21676.46,286300.0,9734.2,1438275.8,17259.31,463930.8,5103.24,854633.5,7691.7,566938.2,3968.57,110446.3,8835.7,651100.9,0.7148,1.2322,0.9918,0.0,22298.87,21.3229,7700000
Dallas-Ft. Worth,2024-09-08,1254386.8,22578.96,258863.9,8801.37,1211689.5,14540.27,542245.2,5964.7,764102.4,6876.92,566770.9,3967.4,108383.0,8670.64,677275.1,0.7515,1.2509,0.984,0.0,22973.78,21.1562,7700000
Dallas-Ft. Worth,2024-09-15,1049083.5,18883.5,304178.9,10342.08,1329115.0,15949.38,595758.7,6553.35,958650.2,8627.85,518050.8,3626.36,112462.7,8997.02,588886.5,0.7617,1.3922,1.0096,0.0,21794.89,21.7069,7700000
Dallas-Ft. Worth,2024-09-22,1276341.8,22974.15,289488.1,9842.6,1325889.2,15910.67,586160.5,6447.77,1052460.1,9472.14,520502.6,3643.52,120235.0,9618.8,586343.3,0.7435,1.0994,0.9966,0.0,21065.71,21.427,7700000
Dallas-Ft. Worth,2024-09-29,1286889.9,23164.02,281082.6,9556.81,1272391.7,15268.7,483670.6,5320.38,956613.8,8609.52,597772.7,4184.41,102695.7,8215.66,641480.3,0.7002,1.0323,1.0181,0.0,21369.57,21.8892,7700000
Dallas-Ft. Worth,2024-10-06,965658.1,17381.85,260928.8,8871.58,1101028.0,13212.34,568195.7,6250.15,773671.2,6963.04,593250.5,4152.75,99338.7,7947.1,543790.9,0.6393,1.0957,0.9594,1.0,25278.25,20.6263,7700000
Dallas-Ft. Worth,2024-10-13,1026848.4,18483.27,257551.1,8756.74,1380857.3,16570.29,481915.3,5301.07,697846.5,6280.62,455107.9,3185.75,85594.1,6847.53,491393.0,0.5702,1.0814,1.0178,0.0,19408.7,21.8835,7700000
Dallas-Ft. Worth,2024-10-20,1136960.5,20465.29,220707.0,7504.04,1193675.6,14324.11,379505.0,4174.55,768747.0,6918.72,545753.8,3820.28,105259.1,8420.72,499425.7,0.5022,0.9466,1.0103,0.0,18271.6,21.7218,7700000
Dallas-Ft. Worth,2024-10-27,832315.8,14981.68,201900.0,6864.6,1273538.6,15282.46,521798.3,5739.78,817375.7,7356.38,433040.2,3031.28,100595.8,8047.66,480172.9,0.4421,1.0591,1.011,0.0,18531.44,21.7368,7700000
Dallas-Ft. Worth,2024-11-03,873277.3,15718.99,197836.0,6726.43,1129848.0,13558.18,461250.3,5073.75,726186.4,6535.68,507033.5,3549.23,78957.8,6316.62,454371.6,0.3938,0.8496,1.0004,0.0,18908.31,21.5091,7700000
Dallas-Ft. Worth,2024-11-10,860096.6,15481.74,227536.5,7736.24,927555.9,11130.67,458035.2,5038.39,764698.9,6882.29,532515.9,3727.61,68992.6,5519.41,482910.5,0.3582,0.7455,0.9665,1.0,19772.71,20.7787,7700000
Dallas-Ft. Worth,2024-11-17,874272.2,15736.9,234792.5,7982.95,1263960.9,15167.53,444356.1,4887.92,674046.7,6066.42,436455.7,3055.19,74794.2,5983.54,435285.0,0.3339,0.916,0.9663,1.0,17170.1,20.7749,7700000
Dallas-Ft. Worth,2024-11-24,963125.8,17336.26,182346.6,6199.78,1057103.3,12685.24,427611.5,4703.73,632002.5,5688.02,429165.6,3004.16,86272.0,6901.76,382687.2,0.3186,0.8973,1.0031,0.0,16247.83,21.5672,7700000
Dallas-Ft. Worth,2024-12-01,1010799.8,18194.4,189446.1,6441.17,987640.7,11851.69,336872.1,3705.59,546579.8,4919.22,552343.9,3866.41,71640.1,5731.21,413017.6,0.3095,0.8144,0.9997,0.0,15346.13,21.494,7700000
Dallas-Ft. Worth,2024-12-08,808025.3,14544.46,190055.7,6461.89,1233262.8,14799.15,463445.1,5097.9,725329.5,6527.97,522944.0,3660.61,79326.7,6346.14,404349.4,0.3046,0.8705,0.9614,1.0,18701.47,20.6694,7700000
Dallas-Ft. Worth,2024-12-15,979209.4,17625.77,184458.9,6271.6,1046172.4,12554.07,424993.1,4674.92,577785.4,5200.07,505674.7,3539.72,90652.5,7252.2,359221.6,0.3021,0.7182,1.0025,0.0,15100.43,21.5527,7700000
Dallas-Ft. Worth,2024-12-22,735657.4,13241.83,230388.2,7833.2,1164194.4,13970.33,334910.1,3684.01,665436.4,5988.93,414244.1,2899.71,69832.0,5586.56,399844.0,0.3009,0.8652,0.98,0.0,15250.04,21.0711,7700000
Dallas-Ft. Worth,2024-12-29,920681.6,16572.27,225588.3,7670.0,1054371.1,12652.45,338482.9,3723.31,663840.9,5974.57,491559.1,3440.91,70360.2,5628.82,368431.4,0.3004,0.7394,1.0117,0.0,14477.21,21.7506,7700000
Dallas-Ft. Worth,2025-01-05,870875.7,15675.76,188317.9,6402.81,1001585.2,12019.02,463707.6,5100.78,650911.5,5858.2,510153.7,3571.08,77506.7,6200.53,433758.4,0.3058,0.7787,1.018,0.0,15810.56,21.8872,7700000
Dallas-Ft. Worth,2025-01-12,917734.9,16519.23,204131.0,6940.46,968163.3,11617.96,365342.6,4018.77,773504.4,6961.54,536448.0,3755.14,72459.0,5796.72,382903.5,0.3113,0.8802,1.0101,0.0,15374.67,21.7174,7700000
Dallas-Ft. Worth,2025-01-19,789072.9,14203.31,236972.6,8057.07,1117593.4,13411.12,440492.0,4845.41,613298.3,5519.68,418225.2,2927.58,95017.9,7601.43,399565.9,0.3208,0.8377,0.9956,0.0,15384.92,21.4049,7700000
Dallas-Ft. Worth,2025-01-26,881635.2,15869.43,246442.8,8379.05,947795.7,11373.55,466476.7,5131.24,599897.2,5399.07,557344.8,3901.41,78952.7,6316.21,397883.0,0.3366,0.84,0.9854,0.0,16514.6,21.1852,7700000
Dallas-Ft. Worth,2025-02-02,829833.7,14937.01,243416.7,8276.17,960314.0,11523.77,345884.6,3804.73,707617.3,6368.56,474353.2,3320.47,92307.3,7384.58,418793.9,0.3613,0.7365,1.0016,0.0,15746.54,21.5337,7700000
Dallas-Ft. Worth,2025-02-09,855694.6,15402.5,193855.8,6591.1,1223866.5,14686.4,375722.5,4132.95,698406.3,6285.66,552338.6,3866.37,88506.6,7080.53,502580.5,0.3978,0.8796,0.9955,0.0,17896.25,21.4028,7700000
Dallas-Ft. Worth,2025-02-16,1032393.7,18583.09,250450.1,8515.3,1175360.0,14104.32,499450.9,5493.96,798661.6,7187.95,520024.2,3640.17,75419.7,6033.58,455901.3,0.449,0.9756,0.9865,0.0,18727.23,21.209,7700000
Dallas-Ft. Worth,2025-02-23,1171136.4,21080.46,210189.7,7146.45,1330156.6,15961.88,400138.0,4401.52,850356.1,7653.2,543714.3,3806.0,105909.7,8472.77,478262.9,0.5162,0.9085,0.9812,0.0,18998.51,21.0955,7700000
Dallas-Ft. Worth,2025-03-02,1195812.7,21524.63,225483.4,7666.43,1535588.6,18427.06,455539.3,5010.93,880161.6,7921.45,511403.3,3579.82,91310.6,7304.84,526547.4,0.5992,0.9681,1.0145,0.0,19015.08,21.8126,7700000
Dallas-Ft. Worth,2025-03-09,998995.6,17981.92,295761.0,10055.87,1528565.9,18342.79,542302.8,5965.33,926231.3,8336.08,593447.2,4154.13,102363.5,8189.08,691106.6,0.6946,1.2538,0.986,0.0,22311.31,21.1994,7700000
Dallas-Ft. Worth,2025-03-16,1208747.7,21757.46,313355.6,10654.09,1671967.1,20063.61,468805.4,5156.86,903977.3,8135.8,623610.1,4365.27,118623.9,9489.91,665626.6,0.7962,1.4761,0.9892,0.0,23203.64,21.2667,7700000
Dallas-Ft. Worth,2025-03-23,1441708.4,25950.75,287126.4,9762.3,1569729.3,18836.75,585979.0,6445.77,937521.7,8437.7,547103.0,3829.72,112842.2,9027.37,692990.6,0.8947,1.3073,0.9978,0.0,24535.96,21.452,7700000
Dallas-Ft. Worth,2025-03-30,1324535.4,23841.64,302283.4,10277.64,1589634.9,19075.62,634033.2,6974.37,846218.3,7615.97,460823.8,3225.77,127664.9,10213.2,809466.2,0.9795,1.6383,1.0067,0.0,27557.7,21.644,7700000
Dallas-Ft. Worth,2025-04-06,1615353.3,29076.36,307868.0,10467.51,1575676.2,18908.11,743073.6,8173.81,916981.6,8252.83,561253.4,3928.77,133288.7,10663.09,805451.2,1.0401,1.6383,0.9902,0.0,28051.66,21.2886,7700000
Dallas-Ft. Worth,2025-04-13,1323625.1,23825.25,292331.8,9939.28,1571055.3,18852.66,627782.7,6905.61,970246.8,8732.22,630182.7,4411.28,125419.2,10033.54,780500.8,1.0685,1.4325,1.0094,0.0,26972.38,21.7026,7700000
Dallas-Ft. Worth,2025-04-20,1259802.7,22676.45,346426.1,11778.49,1586813.5,19041.76,544275.4,5987.03,1081982.1,9737.84,543624.9,3805.37,117785.8,9422.86,901530.5,1.0607,1.6968,1.0043,0.0,29494.11,21.5924,7700000
Dallas-Ft. Worth,2025-04-27,1357840.4,24441.13,335348.8,11401.86,1444478.6,17333.74,586367.5,6450.04,919131.5,8272.18,625492.8,4378.45,110354.4,8828.35,716911.4,1.0177,1.4897,0.9816,0.0,25946.67,21.1039,7700000
Dallas-Ft. Worth,2025-05-04,1520744.6,27373.4,285775.0,9716.35,1831538.0,21978.46,578798.9,6366.79,977550.4,8797.95,464710.4,3252.97,103193.7,8255.49,802990.6,0.9456,1.3843,0.9687,1.0,31263.45,20.8269,7700000
Dallas-Ft. Worth,2025-05-11,1117468.0,20114.42,297651.0,10120.13,1281498.0,15377.98,564576.6,6210.34,785394.2,7068.55,468947.7,3282.63,110270.1,8821.61,641535.3,0.8535,1.2705,0.9853,0.0,23421.43,21.1848,7700000
Dallas-Ft. Worth,2025-05-18,1354168.1,24375.02,282545.4,9606.54,1485424.5,17825.09,513818.5,5652.0,1018301.1,9164.71,437297.6,3061.08,115226.2,9218.1,645378.1,0.7525,1.3546,0.9895,0.0,22706.06,21.2739,7700000
Dallas-Ft. Worth,2025-05-25,1150435.0,20707.83,280644.8,9541.92,1439400.4,17272.81,591061.0,6501.67,743232.4,6689.09,595647.5,4169.53,98767.0,7901.36,590459.4,0.6527,1.0546,0.9847,0.0,20841.88,21.1715,7700000
Dallas-Ft. Worth,2025-06-01,951407.3,17125.33,226066.0,7686.25,1413577.6,16962.93,514345.5,5657.8,910940.4,8198.46,501336.5,3509.36,109272.6,8741.81,537179.9,0.5622,0.9606,0.9925,0.0,21700.79,21.3396,7700000
Dallas-Ft. Worth,2025-06-08,1146572.0,20638.3,194258.5,6604.79,1131925.2,13583.1,523033.3,5753.37,715297.4,6437.68,508988.3,3562.92,85990.3,6879.22,582311.4,0.4863,0.9524,1.0053,0.0,20050.57,21.6133,7700000
Dallas-Ft. Worth,2025-06-15,1135018.6,20430.34,202164.5,6873.59,1115988.9,13391.87,368192.4,4050.12,663029.5,5967.27,450929.2,3156.5,90692.9,7255.43,491089.1,0.4272,0.9003,1.0181,0.0,20656.44,21.8893,7700000
Dallas-Ft. Worth,2025-06-22,960177.6,17283.2,216934.1,7375.76,1132093.6,13585.12,348714.9,3835.86,757206.0,6814.85,578154.4,4047.08,81742.7,6539.41,454307.8,0.3851,0.8096,0.9902,0.0,17793.54,21.2903,7700000
Dallas-Ft. Worth,2025-06-29,904703.3,16284.66,240229.9,8167.82,1101759.5,13221.11,393645.0,4330.1,711783.0,6406.05,562211.5,3935.48,84214.3,6737.15,437340.0,0.3589,0.799,1.014,0.0,17604.08,21.801,7700000
Dallas-Ft. Worth,2025-07-06,877469.7,15794.46,225080.6,7652.74,1271439.4,15257.27,457058.2,5027.64,589171.9,5302.55,484953.8,3394.68,81988.3,6559.07,457989.1,0.3474,0.8898,1.0187,0.0,18391.45,21.9016,7700000
Dallas-Ft. Worth,2025-07-13,933243.7,16798.39,179899.3,6116.58,1096118.7,13153.42,340418.6,3744.6,759404.8,6834.64,574779.1,4023.45,97423.1,7793.85,461590.0,0.35,0.7378,1.0166,0.0,16993.77,21.8565,7700000
Dallas-Ft. Worth,2025-07-20,858347.7,15450.26,197950.1,6730.3,983343.4,11800.12,448839.2,4937.23,742818.1,6685.36,453534.3,3174.74,72960.5,5836.84,436140.6,0.3667,0.9633,0.9968,0.0,16651.22,21.4309,7700000
Dallas-Ft. Worth,2025-07-27,882627.4,15887.29,244743.5,8321.28,1191675.0,14300.1,466368.3,5130.05,727154.6,6544.39,491404.2,3439.83,92375.3,7390.02,464678.4,0.3981,0.8384,1.0085,0.0,19236.41,21.6824,7700000
Dallas-Ft. Worth,2025-08-03,881697.6,15870.56,205128.6,6974.37,1376716.8,16520.6,428587.9,4714.47,705110.9,6346.0,509032.2,3563.23,101985.2,8158.82,501956.8,0.4442,1.0682,1.0154,0.0,18527.9,21.8317,7700000
Dallas-Ft. Worth,2025-08-10,893812.0,16088.62,198307.4,6742.45,1120108.2,13441.3,478870.6,5267.58,904125.5,8137.13,462904.1,3240.33,104336.2,8346.89,562367.8,0.5031,0.981,1.0006,0.0,19341.91,21.5127,7700000
Dallas-Ft. Worth,2025-08-17,931405.6,16765.3,283607.2,9642.64,1081351.2,12976.21,564681.7,6211.5,703273.8,6329.46,498248.5,3487.74,89099.5,7127.96,504237.8,0.5706,0.9781,1.0126,0.0,19741.49,21.7699,7700000
Dallas-Ft. Worth,2025-08-24,1237657.8,22277.84,222239.2,7556.13,1147714.7,13772.58,520296.5,5723.26,730460.7,6574.15,477140.9,3339.99,90490.0,7239.2,598200.4,0.6395,1.0182,1.0003,0.0,20783.68,21.506,7700000
Dallas-Ft. Worth,2025-08-31,1342151.3,24158.72,276713.1,9408.25,1319409.2,15832.91,518537.9,5703.92,1004257.1,9038.31,446452.6,3125.17,117985.2,9438.82,591384.1,0.7003,1.0766,1.0022,0.0,21958.17,21.5463,7700000
Dallas-Ft. Worth,2025-09-07,1115555.4,20080.0,287596.1,9778.27,1495803.8,17949.65,515601.0,5671.61,1021547.0,9193.92,550248.9,3851.74,111408.6,8912.69,657746.2,0.7435,1.3817,0.9885,0.0,21880.77,21.2527,7700000
Dallas-Ft. Worth,2025-09-14,1106588.6,19918.59,328420.7,11166.3,1367030.1,16404.36,550799.5,6058.79,918199.7,8263.8,572607.4,4008.25,120204.0,9616.32,721500.3,0.7617,1.2164,0.9888,0.0,24407.64,21.2589,7700000
Dallas-Ft. Worth,2025-09-21,1344859.1,24207.46,246509.2,8381.31,1599790.1,19197.48,565477.9,6220.26,1005689.6,9051.21,483305.8,3383.14,128303.6,10264.29,631734.8,0.7515,1.2863,0.9929,0.0,22725.27,21.3464,7700000
Dallas-Ft. Worth,2025-09-28,1115827.8,20084.9,259818.8,8833.84,1576030.1,18912.36,476902.4,5245.93,994395.1,8949.56,500171.7,3501.2,110870.6,8869.65,586477.8,0.7148,1.1477,1.0025,0.0,21856.21,21.5529,7700000
Dallas-Ft. Worth,2025-10-05,950676.9,17112.18,254136.6,8640.65,1216213.3,14594.56,540965.5,5950.62,783559.8,7052.04,541942.1,3793.59,88553.1,7084.25,517907.7,0.658,1.1631,1.0072,0.0,20716.2,21.6546,7700000
Dallas-Ft. Worth,2025-10-12,1002547.7,18045.86,267344.2,9089.7,1074189.4,12890.27,557646.3,6134.11,747025.5,6723.23,548997.6,3842.98,84624.2,6769.93,527629.3,0.5902,1.1556,1.0169,0.0,19449.49,21.8637,7700000
Dallas-Ft. Worth,2025-10-19,1196124.3,21530.24,232201.9,7894.86,1198014.1,14376.17,434906.5,4783.97,776995.6,6992.96,546418.3,3824.93,91498.9,7319.91,502386.9,0.521,1.1453,0.9979,0.0,20594.62,21.4541,7700000
Dallas-Ft. Worth,2025-10-26,884386.5,15918.96,237052.3,8059.78,1205012.2,14460.15,458702.5,5045.73,857424.9,7716.82,580815.8,4065.71,99346.4,7947.71,434249.8,0.4581,0.868,1.0059,0.0,19062.03,21.6261,7700000
Dallas-Ft. Worth,2025-11-02,1098555.0,19773.99,255786.2,8696.73,1184857.3,14218.29,360561.9,3966.18,645952.6,5813.57,488883.4,3422.18,89316.8,7145.34,468662.8,0.4063,0.9688,0.9813,0.0,16972.68,21.0974,7700000
Dallas-Ft. Worth,2025-11-09,1013036.2,18234.65,242798.5,8255.15,1038049.7,12456.6,383824.4,4222.07,726112.6,6535.01,540166.2,3781.16,69572.7,5565.82,454536.1,0.3671,0.775,0.99,0.0,16358.24,21.2845,7700000
Dallas-Ft. Worth,2025-11-16,850078.0,15301.4,247846.3,8426.78,1068467.1,12821.61,403043.5,4433.48,653317.8,5879.86,409562.7,2866.94,74666.3,5973.31,444000.5,0.3398,0.9222,0.9838,0.0,16757.95,21.1513,7700000
Dallas-Ft. Worth,2025-11-23,1014523.8,18261.43,222993.6,7581.78,1161730.6,13940.77,460395.1,5064.35,568693.5,5118.24,497000.9,3479.01,67489.9,5399.2,383690.8,0.3222,0.8604,0.9473,1.0,17935.88,20.3666,7700000
Dallas-Ft. Worth,2025-11-30,936910.6,16864.39,210398.8,7153.56,947078.3,11364.94,376501.1,4141.51,712826.2,6415.44,432941.1,3030.59,71971.0,5757.68,436082.8,0.3116,0.7262,0.9916,0.0,15737.37,21.3184,7700000
Dallas-Ft. Worth,2025-12-07,820647.6,14771.66,201095.1,6837.23,992937.0,11915.24,423583.4,4659.42,633114.0,5698.03,501497.3,3510.48,84492.5,6759.4,446257.6,0.3057,0.7271,0.9378,1.0,16680.22,20.1628,7700000
Dallas-Ft. Worth,2025-12-14,1036957.1,18665.23,192250.9,6536.53,1070204.4,12842.45,418983.1,4608.81,657263.2,5915.37,486856.4,3407.99,68942.7,5515.42,361569.8,0.3026,0.8789,0.9429,1.0,17374.48,20.2721,7700000
Dallas-Ft. Worth,2025-12-21,933839.6,16809.11,174874.8,5945.74,937103.0,11245.24,340421.6,3744.64,683685.0,6153.16,562104.4,3934.73,84317.8,6745.43,450041.7,0.3011,0.9003,0.9974,0.0,16318.28,21.4432,7700000
Houston,2023-01-01,834743.2,15025.38,203187.3,6908.37,1099592.8,13195.11,303262.4,3335.89,716482.1,6448.34,426861.4,2988.03,72680.5,5814.44,361401.3,0.3038,0.7225,0.9992,0.0,15254.8,21.4837,7100000
Houston,2023-01-08,911177.2,16401.19,172673.9,5870.91,814568.8,9774.83,322007.4,3542.08,522010.1,4698.09,465597.8,3259.18,70017.7,5601.42,357469.3,0.3076,0.791,0.9916,0.0,13761.11,21.3191,7100000
Houston,2023-01-15,949526.4,17091.47,169499.1,5762.97,857646.7,10291.76,349578.1,3845.36,685368.6,6168.32,404298.1,2830.09,61448.1,4915.84,389866.0,0.3145,0.7511,0.9961,0.0,14579.3,21.4164,7100000
Houston,2023-01-22,840785.3,15134.14,215031.9,7311.08,1075277.2,12903.33,400211.9,4402.33,519346.0,4674.11,441100.5,3087.7,69403.3,5552.26,355493.9,0.3262,0.8113,1.0143,0.0,14798.14,21.8074,7100000
Houston,2023-01-29,970377.5,17466.8,199626.1,6787.29,822741.7,9872.9,391892.5,4310.82,618849.2,5569.64,522119.9,3654.84,65370.0,5229.6,385189.2,0.345,0.9162,0.9867,0.0,14464.54,21.2149,7100000
Houston,2023-02-05,998405.7,17971.3,165086.5,5612.94,968955.0,11627.46,376671.8,4143.39,711073.8,6399.66,426505.5,2985.54,74968.8,5997.51,420348.1,0.3739,0.7976,0.9556,1.0,15617.78,20.5459,7100000
Houston,2023-02-12,759724.8,13675.05,214870.0,7305.58,888255.1,10659.06,383193.9,4215.13,562143.4,5059.29,485421.0,3397.95,72793.7,5823.5,435089.8,0.4157,0.8911,0.9961,0.0,17366.85,21.4164,7100000
Houston,2023-02-19,815276.1,14674.97,199058.9,6768.0,1112215.4,13346.58,353797.9,3891.78,673006.2,6057.06,402551.9,2817.86,83355.5,6668.44,448494.9,0.4726,1.0902,0.9867,0.0,17715.12,21.2134,7100000
Houston,2023-02-26,1142798.8,20570.38,214727.1,7300.72,1002036.1,12024.43,462056.0,5082.62,710803.0,6397.23,515241.5,3606.69,80810.6,6464.85,499740.4,0.5454,0.9518,0.9824,0.0,18206.76,21.1213,7100000
Houston,2023-03-05,1153606.6,20764.92,279705.7,9509.99,1137266.3,13647.2,515805.6,5673.86,817648.7,7358.84,402306.0,2816.14,97169.8,7773.58,590243.3,0.6327,1.2911,0.995,0.0,19712.46,21.3916,7100000
Houston,2023-03-12,1145413.8,20617.45,246232.7,8371.91,1460945.0,17531.34,495821.8,5454.04,962181.4,8659.63,479271.0,3354.9,95119.3,7609.54,658411.3,0.7299,1.1046,0.9376,1.0,25834.76,20.1579,7100000
Houston,2023-03-19,1297792.4,23360.26,295899.8,10060.59,1212524.0,14550.29,435340.8,4788.75,838516.8,7546.65,486466.2,3405.26,111982.4,8958.59,661524.6,0.8296,1.2986,1.0022,0.0,21407.61,21.5464,7100000
Houston,2023-03-26,1428318.1,25709.73,323436.0,10996.83,1218404.5,14620.85,619325.6,6812.58,1024390.8,9219.52,469764.9,3288.35,91901.3,7352.1,733877.4,0.9219,1.3547,1.0031,0.0,23876.75,21.5662,7100000
Houston,2023-04-02,1198206.6,21567.72,336048.2,11425.64,1576206.8,18914.48,528076.5,5808.84,858652.9,7727.88,479860.9,3359.03,115338.5,9227.08,699462.8,0.9961,1.5593,0.9669,1.0,29279.45,20.7889,7100000
Houston,2023-04-09,1332185.0,23979.33,335826.4,11418.1,1631396.3,19576.76,590975.6,6500.73,1031419.7,9282.78,516075.2,3612.53,111534.0,8922.72,740209.9,1.0428,1.5206,1.0117,0.0,24959.8,21.7522,7100000
Houston,2023-04-16,1385606.5,24940.92,258421.3,8786.33,1777676.4,21332.12,698339.9,7681.74,1089253.5,9803.28,503052.1,3521.36,97176.0,7774.08,690993.2,1.0556,1.5229,0.9938,0.0,23612.0,21.3673,7100000
Houston,2023-04-23,1163345.6,20940.22,342424.6,11642.44,1794582.3,21534.99,682010.0,7502.11,1028673.7,9258.06,444285.8,3110.0,117760.3,9420.82,735979.4,1.0327,1.7136,1.0141,0.0,25609.33,21.8028,7100000
Houston,2023-04-30,1438616.5,25895.1,279385.5,9499.11,1264631.5,15175.58,620939.7,6830.34,835240.5,7517.16,465829.6,3260.81,129358.6,10348.69,731921.7,0.9773,1.5578,0.9856,0.0,25366.37,21.19,7100000
Houston,2023-05-07,1379164.7,24824.96,233889.7,7952.25,1302914.1,15634.97,529248.3,5821.73,968784.9,8719.06,419932.7,2939.53,109924.5,8793.96,657319.2,0.8969,1.4487,0.9907,0.0,24562.63,21.2994,7100000
Houston,2023-05-14,1003921.6,18070.59,282209.8,9595.13,1495696.8,17948.36,476420.1,5240.62,758731.2,6828.58,468993.3,3282.95,89597.6,7167.81,582863.5,0.8014,1.1435,0.9969,0.0,23350.94,21.4328,7100000
Houston,2023-05-21,1163505.7,20943.1,219810.1,7473.54,1252996.7,15035.96,412433.0,4536.76,745187.3,6706.69,537015.2,3759.11,88064.4,7045.15,576248.3,0.7016,1.1133,0.9942,0.0,19863.48,21.3753,7100000
Houston,2023-05-28,921545.9,16587.83,273568.2,9301.32,1400511.2,16806.13,402542.9,4427.97,782778.2,7045.0,524169.9,3669.19,95699.9,7655.99,489027.2,0.6067,1.04,0.9928,0.0,21129.3,21.3454,7100000
Houston,2023-06-04,1120801.1,20174.42,219825.3,7474.06,1265920.6,15191.05,372772.7,4100.5,779115.7,7012.04,475786.3,3330.5,71954.1,5756.33,453685.8,0.5236,0.9072,0.9404,1.0,21634.4,20.2192,7100000
Houston,2023-06-11,882211.3,15879.8,244553.6,8314.82,1181308.9,14175.71,376185.1,4138.04,688109.4,6192.98,394360.3,2760.52,83892.5,6711.4,450611.0,0.456,0.8766,0.9972,0.0,18210.35,21.4403,7100000
Houston,2023-06-18,865321.2,15575.78,197414.2,6712.08,1219721.2,14636.65,461248.5,5073.73,757585.6,6818.27,479359.0,3355.51,74110.6,5928.84,497119.6,0.4052,0.9474,1.0044,0.0,16558.33,21.5943,7100000
Houston,2023-06-25,732040.5,13176.73,172482.5,5864.41,883350.0,10600.2,383580.1,4219.38,608067.5,5472.61,422945.1,2960.62,85560.2,6844.82,382759.4,0.3707,0.8481,0.9314,1.0,17062.89,20.0261,7100000
Houston,2023-07-02,933833.4,16809.0,219902.0,7476.67,957125.9,11485.51,369053.3,4059.59,611773.1,5505.96,517186.5,3620.31,67128.2,5370.26,418909.1,0.3513,0.803,1.012,0.0,14366.66,21.7578,7100000
Houston,2023-07-09,774045.5,13932.82,167067.8,5680.31,871138.0,10453.66,403296.1,4436.26,559578.5,5036.21,523560.9,3664.93,65057.3,5204.58,423466.8,0.346,0.8689,0.9574,1.0,16830.7,20.5836,7100000
Houston,2023-07-16,992175.8,17859.16,207013.2,7038.45,912347.7,10948.17,340963.5,3750.6,655601.3,5900.41,414686.5,2902.81,69119.2,5529.54,369997.1,0.3544,0.7443,0.9979,0.0,15918.16,21.4542,7100000
Houston,2023-07-23,718240.6,12928.33,220887.3,7510.17,1184425.6,14213.11,412135.5,4533.49,736661.3,6629.95,421043.8,2947.31,67357.4,5388.59,398372.8,0.3769,0.8131,0.9592,1.0,17723.63,20.6237,7100000
Houston,2023-07-30,1029737.8,18535.28,195583.8,6649.85,1127862.5,13534.35,392728.5,4320.01,728225.3,6554.03,401492.2,2810.45,67101.5,5368.12,415446.0,0.414,1.0239,0.9639,1.0,18908.32,20.7246,7100000
Houston,2023-08-06,985481.1,17738.66,227045.0,7719.53,909640.9,10915.69,352352.0,3875.87,615764.7,5541.88,478844.3,3351.91,67952.1,5436.17,440008.0,0.465,0.9338,1.011,0.0,17403.16,21.7372,7100000
Houston,2023-08-13,881995.2,15875.91,195949.7,6662.29,1179200.8,14150.41,508487.8,5593.37,770727.9,6936.55,538028.9,3766.2,82492.0,6599.36,462444.4,0.5272,1.0051,0.9514,1.0,19559.46,20.4545,7100000
Houston,2023-08-20,1130231.9,20344.17,275518.1,9367.61,1136173.1,13634.08,482594.6,5308.54,858686.2,7728.18,496578.8,3476.05,98977.3,7918.19,442278.8,0.595,1.2458,0.9942,0.0,18653.59,21.3753,7100000
Houston,2023-08-27,1211679.4,21810.23,238426.8,8106.51,1091703.9,13100.45,392635.7,4318.99,879822.1,7918.4,494343.5,3460.4,84056.8,6724.54,500937.0,0.6604,1.0538,0.9346,1.0,22933.42,20.0948,7100000
Houston,2023-09-03,1107353.7,19932.37,245216.4,8337.36,1287091.6,15445.1,438347.4,4821.82,914672.3,8232.05,479351.1,3355.46,104589.1,8367.13,544587.2,0.7138,1.0698,0.988,0.0,18752.72,21.2416,7100000
Houston,2023-09-10,1248549.3,22473.89,240956.8,8192.53,1165061.5,13980.74,572774.3,6300.52,898411.5,8085.7,549091.2,3843.64,90042.0,7203.36,553265.2,0.7464,1.1216,0.9886,0.0,20307.42,21.2546,7100000
Houston,2023-09-17,946996.6,17045.94,218126.4,7416.3,1431956.9,17183.48,558409.4,6142.5,716828.8,6451.46,494821.9,3463.75,84592.8,6767.42,538991.0,0.7525,1.0811,1.0003,0.0,20586.11,21.5061,7100000
Houston,2023-09-24,990116.2,17822.09,209600.9,7126.43,1293620.3,15523.44,407804.0,4485.84,954397.2,8589.57,417334.1,2921.34,90795.4,7263.63,560177.0,0.7308,1.1817,0.9828,0.0,20440.84,21.1308,7100000
Houston,2023-10-01,1115443.0,20077.97,279018.6,9486.63,1117947.0,13415.36,501939.2,5521.33,713223.5,6419.01,440749.2,3085.24,110928.7,8874.29,522099.9,0.6853,1.2496,1.0153,0.0,18702.16,21.8287,7100000
Houston,2023-10-08,1175829.3,21164.93,260500.5,8857.02,1104761.6,13257.14,542452.7,5966.98,719694.6,6477.25,428334.0,2998.34,98601.2,7888.1,501064.0,0.6237,1.0072,0.9644,1.0,20756.95,20.7344,7100000
Houston,2023-10-15,989073.1,17803.32,256201.0,8710.83,1232394.9,14788.74,497063.7,5467.7,660757.9,5946.82,488522.8,3419.66,71914.3,5753.15,473632.3,0.5555,1.0812,0.9966,0.0,17243.2,21.426,7100000
Houston,2023-10-22,1027950.5,18503.11,194724.4,6620.63,1191422.9,14297.07,479581.6,5275.4,593422.3,5340.8,450712.0,3154.98,68915.2,5513.22,483439.7,0.4895,1.0804,0.9976,0.0,17926.74,21.4491,7100000
Houston,2023-10-29,813614.1,14645.05,191462.6,6509.73,921239.5,11054.87,456236.5,5018.6,584309.3,5258.78,436866.9,3058.07,83687.8,6695.03,430903.9,0.432,1.0269,1.0085,0.0,16654.18,21.6831,7100000
Houston,2023-11-05,742717.5,13368.91,212691.1,7231.5,1097859.6,13174.32,432653.9,4759.19,749937.5,6749.44,535052.0,3745.36,74811.2,5984.9,428267.9,0.3864,0.7626,1.0167,0.0,16986.62,21.8597,7100000
Houston,2023-11-12,871345.6,15684.22,206350.4,7015.91,1036528.5,12438.34,429752.1,4727.27,706658.2,6359.92,471507.5,3300.55,83401.6,6672.13,386596.6,0.3531,0.8385,1.0179,0.0,15025.86,21.8857,7100000
Houston,2023-11-19,834496.1,15020.93,226017.4,7684.59,1114507.0,13374.08,369301.6,4062.32,635826.6,5722.44,424571.5,2972.0,72087.2,5766.97,394882.6,0.3307,0.7727,0.9961,0.0,15725.0,21.4165,7100000
Houston,2023-11-26,932264.7,16780.76,163924.4,5573.43,1073834.9,12886.02,331410.2,3645.51,662491.4,5962.42,512438.2,3587.07,70350.1,5628.01,428181.4,0.3166,0.8617,1.0157,0.0,15267.08,21.8376,7100000
Houston,2023-12-03,749789.9,13496.22,175687.2,5973.36,982503.9,11790.05,306906.7,3375.97,526517.9,4738.66,445067.8,3115.47,79435.6,6354.85,357047.5,0.3085,0.9216,0.9817,0.0,14732.92,21.1066,7100000
Houston,2023-12-10,681584.9,12268.53,181158.2,6159.38,873235.9,10478.83,423779.8,4661.58,719789.1,6478.1,384240.1,2689.68,68701.8,5496.15,350433.0,0.3041,0.7466,0.9831,0.0,14587.89,21.1374,7100000
Houston,2023-12-17,705947.6,12707.06,195766.2,6656.05,801663.8,9619.97,349118.8,3840.31,688528.3,6196.75,449283.3,3144.98,75784.1,6062.73,366652.6,0.3018,0.8597,0.9828,0.0,13485.05,21.1306,7100000
Houston,2023-12-24,779606.1,14032.91,215836.0,7338.43,802405.1,9628.86,387176.5,4258.94,575931.0,5183.38,528588.6,3700.12,72786.7,5822.93,401376.9,0.3008,0.8964,1.0067,0.0,14960.57,21.6436,7100000
Houston,2023-12-31,825031.6,14850.57,197828.6,6726.17,790461.7,9485.54,304773.0,3352.5,714349.3,6429.14,524545.2,3671.82,60325.4,4826.03,410473.4,0.3003,0.8345,0.9877,0.0,15146.91,21.2345,7100000
Houston,2024-01-07,953865.3,17169.58,163135.1,5546.59,979332.0,11751.98,415867.6,4574.54,634054.2,5706.49,434602.7,3042.22,77964.6,6237.17,348697.7,0.3069,0.7645,0.9894,0.0,14741.15,21.2716,7100000
Houston,2024-01-14,813074.1,14635.33,203994.1,6935.8,807418.0,9689.02,317551.9,3493.07,636978.8,5732.81,383747.0,2686.23,67774.6,5421.96,395116.8,0.3133,0.8854,0.9963,0.0,15247.72,21.4196,7100000
Houston,2024-01-21,822874.9,14811.75,162855.5,5537.09,1004891.4,12058.7,334883.5,3683.72,596531.2,5368.78,393734.3,2756.14,66271.3,5301.71,377464.5,0.3241,0.9047,0.9677,1.0,17048.09,20.8045,7100000
Houston,2024-01-28,842671.8,15168.09,211179.8,7180.11,1150125.5,13801.51,387889.5,4266.78,720899.2,6488.09,497501.2,3482.51,70340.0,5627.2,398595.3,0.3418,0.8913,0.9984,0.0,15499.85,21.4666,7100000
Houston,2024-02-04,1000458.0,18008.24,212061.6,7210.1,867322.0,10407.86,389724.8,4286.97,683369.4,6150.32,511193.7,3578.36,80140.0,6411.2,428723.6,0.3691,0.9442,0.9382,1.0,17571.83,20.1716,7100000
Houston,2024-02-11,989689.3,17814.41,198781.1,6758.56,936073.0,11232.88,341527.5,3756.8,666542.1,5998.88,386793.4,2707.55,91453.2,7316.26,434319.3,0.4089,0.836,0.9649,1.0,18845.17,20.7447,7100000
Houston,2024-02-18,910931.2,16396.76,178641.9,6073.82,1181141.0,14173.69,430767.5,4738.44,670810.0,6037.29,507087.2,3549.61,70631.1,5650.49,455210.6,0.4635,0.8476,1.0006,0.0,18353.07,21.5124,7100000
Houston,2024-02-25,967537.1,17415.67,217402.4,7391.68,1249798.8,14997.59,450392.1,4954.31,790612.3,7115.51,477146.6,3340.03,84273.1,6741.85,490208.8,0.5341,1.0804,1.0121,0.0,16987.82,21.7597,7100000
Houston,2024-03-03,1078308.8,19409.56,217702.8,7401.89,1303650.0,15643.8,538252.0,5920.77,692027.6,6228.25,545677.3,3819.74,78204.5,6256.36,521502.1,0.6195,0.9979,1.0055,0.0,20372.35,21.6193,7100000
Houston,2024-03-10,1243341.0,22380.14,260868.2,8869.52,1214613.2,14575.36,405926.0,4465.19,682577.5,6143.2,489306.2,3425.14,98733.0,7898.64,532801.7,0.7157,1.1331,1.0098,0.0,20242.44,21.7104,7100000
Houston,2024-03-17,1101030.1,19818.54,273759.4,9307.82,1399783.6,16797.4,548056.7,6028.62,998063.0,8982.57,453479.8,3174.36,86112.3,6888.98,585364.6,0.8155,1.3612,0.9566,1.0,25865.47,20.5668,7100000
Houston,2024-03-24,1202533.3,21645.6,248092.2,8435.13,1313873.8,15766.49,560059.1,6160.65,826839.3,7441.55,457038.9,3199.27,117856.5,9428.52,632796.2,0.9095,1.2593,1.0049,0.0,23326.68,21.6057,7100000
Houston,2024-03-31,1335620.0,24041.16,335393.7,11403.39,1429762.1,17157.14,554790.2,6102.69,865062.9,7785.57,538482.0,3769.37,101753.1,8140.25,765424.3,0.987,1.332,1.0142,0.0,25534.04,21.8062,7100000
Houston,2024-04-07,1101389.4,19825.01,258703.8,8795.93,1663793.5,19965.52,691191.5,7603.11,938891.1,8450.02,455858.0,3191.01,130891.8,10471.34,731755.4,1.0381,1.6984,1.0166,0.0,27047.22,21.8571,7100000
Houston,2024-04-14,1403596.6,25264.74,335105.5,11393.59,1664984.7,19979.82,634272.0,6976.99,836469.7,7528.23,555066.3,3885.46,132675.3,10614.02,657797.9,1.056,1.4568,0.9563,1.0,27771.26,20.5614,7100000
Houston,2024-04-21,1516861.0,27303.5,316110.3,10747.75,1625793.5,19509.52,494842.8,5443.27,1093490.7,9841.42,545668.8,3819.68,106760.5,8540.84,661379.6,1.0381,1.5345,0.9852,0.0,24038.29,21.1811,7100000
Houston,2024-04-28,1136957.2,20465.23,278288.3,9461.8,1418754.1,17025.05,532928.2,5862.21,1006372.5,9057.35,461446.9,3230.13,122331.6,9786.53,737809.7,0.987,1.6359,1.0168,0.0,25132.33,21.8619,7100000
Houston,2024-05-05,1130060.2,20341.08,237949.9,8090.3,1342685.0,16112.22,545232.6,5997.56,867193.0,7804.74,522442.8,3657.1,95600.3,7648.02,727589.5,0.9095,1.4124,0.9856,0.0,23913.29,21.1905,7100000
Houston,2024-05-12,981978.9,17675.62,278841.4,9480.61,1335315.6,16023.79,593305.6,6526.36,791382.7,7122.44,513293.5,3593.05,89060.3,7124.82,625484.9,0.8156,1.4007,0.9976,0.0,21592.03,21.4482,7100000
Houston,2024-05-19,973231.7,17518.17,285365.2,9702.42,1467501.0,17610.01,492254.2,5414.8,828253.3,7454.28,418181.6,2927.27,94262.2,7540.98,563591.2,0.7157,1.1974,1.0039,0.0,20165.43,21.5846,7100000
Houston,2024-05-26,937748.1,16879.47,211575.5,7193.57,1037659.8,12451.92,500379.9,5504.18,807899.8,7271.1,434683.3,3042.78,96762.4,7740.99,460852.7,0.6197,1.0017,0.9938,0.0,18957.45,21.3658,7100000
Houston,2024-06-02,1092600.8,19666.81,236880.1,8053.92,978464.2,11741.57,442776.5,4870.54,761232.9,6851.1,514483.6,3601.39,73108.0,5848.64,522311.5,0.5345,1.0102,0.9846,0.0,18170.85,21.1697,7100000
Houston,2024-06-09,883856.7,15909.42,247918.5,8429.23,919821.6,11037.86,464481.9,5109.3,684207.5,6157.87,422415.6,2956.91,84696.6,6775.73,454680.4,0.4646,1.0223,0.9953,0.0,18717.7,21.3993,7100000
Houston,2024-06-16,930853.5,16755.36,228014.7,7752.5,991052.6,11892.63,416669.5,4583.36,655602.2,5900.42,479066.0,3353.46,89644.6,7171.57,390821.8,0.4114,1.0338,0.9926,0.0,15961.27,21.3415,7100000
Houston,2024-06-23,968359.6,17430.47,219288.9,7455.82,906057.5,10872.69,333935.0,3673.29,739875.1,6658.88,522282.1,3655.97,89485.5,7158.84,439838.8,0.3747,0.8916,0.998,0.0,16370.84,21.4573,7100000
Houston,2024-06-30,929058.3,16723.05,216000.2,7344.01,967475.0,11609.7,395055.0,4345.6,585247.3,5267.23,433488.9,3034.42,75488.3,6039.07,411498.4,0.3532,0.8856,0.9971,0.0,14913.28,21.4371,7100000
Houston,2024-07-07,713238.7,12838.3,226581.5,7703.77,822101.5,9865.22,413531.7,4548.85,682319.6,6140.88,476548.1,3335.84,61463.2,4917.06,420086.7,0.3459,0.7378,0.9897,0.0,14855.58,21.2777,7100000
Houston,2024-07-14,979598.5,17632.77,179214.9,6093.31,1067243.3,12806.92,418492.9,4603.42,720993.6,6488.94,503804.0,3526.63,77892.9,6231.44,405423.4,0.3523,0.7548,1.0001,0.0,16139.59,21.5023,7100000
Houston,2024-07-21,903155.6,16256.8,196314.6,6674.7,1045295.7,12543.55,415069.5,4565.76,729757.7,6567.82,402054.4,2814.38,77148.4,6171.87,424243.1,0.3728,0.8698,1.0151,0.0,16890.49,21.8238,7100000
Houston,2024-07-28,928083.9,16705.51,214221.5,7283.53,1051202.2,12614.43,409468.4,4504.15,652610.8,5873.5,437413.4,3061.89,90934.0,7274.72,424978.8,0.4078,1.04,1.0147,0.0,15731.52,21.8171,7100000
Houston,2024-08-04,868897.2,15640.15,213273.3,7251.29,1110641.1,13327.69,448703.8,4935.74,612261.4,5510.35,520310.5,3642.17,71607.0,5728.56,402639.0,0.4569,1.0409,1.0145,0.0,17052.1,21.8124,7100000
Houston,2024-08-11,790068.1,14221.23,214357.7,7288.16,1133342.2,13600.11,422748.8,4650.24,721016.8,6489.15,487060.3,3409.42,79849.0,6387.92,478602.2,0.5178,0.8688,0.982,0.0,17361.43,21.1138,7100000
Houston,2024-08-18,1056847.4,19023.25,233575.8,7941.58,1312651.3,15751.82,525681.9,5782.5,802138.1,7219.24,469674.2,3287.72,88911.5,7112.92,492112.2,0.5853,1.0318,1.0012,0.0,18710.91,21.5262,7100000
Houston,2024-08-25,925261.4,16654.71,207543.3,7056.47,1363680.7,16364.17,468523.5,5153.76,683144.3,6148.3,554797.9,3883.59,104259.0,8340.72,581809.0,0.6516,1.0489,0.9871,0.0,18927.23,21.2226,7100000
Houston,2024-09-01,932674.3,16788.14,281831.6,9582.28,1336456.6,16037.48,443162.1,4874.78,819107.9,7371.97,468867.0,3282.07,91609.5,7328.76,558374.5,0.7073,1.295,1.0053,0.0,21804.67,21.6138,7100000
Houston,2024-09-08,1001791.4,18032.25,272495.2,9264.84,1071003.0,12852.04,568130.2,6249.43,684658.0,6161.92,439845.5,3078.92,81523.1,6521.85,552928.1,0.7433,1.406,1.017,0.0,18723.6,21.8658,7100000
Houston,2024-09-15,1113133.3,20036.4,274038.7,9317.32,1465331.9,17583.98,577946.2,6357.41,705731.5,6351.58,443221.2,3102.55,103345.6,8267.65,527211.6,0.7533,1.1246,0.9849,0.0,21467.51,21.1751,7100000
Houston,2024-09-22,932468.6,16784.43,258031.2,8773.06,1333830.5,16005.97,568094.0,6249.03,765539.1,6889.85,516121.7,3612.85,83095.6,6647.65,593284.0,0.7355,1.0953,1.0183,0.0,20739.92,21.894,7100000
Houston,2024-09-29,937269.4,16870.85,208294.3,7082.01,1278265.0,15339.18,543421.3,5977.63,875292.8,7877.64,480027.2,3360.19,89524.1,7161.93,545450.9,0.693,1.0543,0.9969,0.0,19941.19,21.4339,7100000
Houston,2024-10-06,881228.6,15862.11,256888.3,8734.2,1165167.8,13982.01,505539.4,5560.93,666226.9,5996.04,511935.3,3583.55,79618.8,6369.5,563204.6,0.6331,1.2564,1.0053,0.0,19344.7,21.6145,7100000
Houston,2024-10-13,1106296.4,19913.34,257740.9,8763.19,1178849.8,14146.2,408610.9,4494.72,872410.8,7851.7,495887.9,3471.22,88103.7,7048.3,500733.1,0.5653,0.9479,0.9831,0.0,18407.86,21.1369,7100000
Houston,2024-10-20,1006747.2,18121.45,239475.1,8142.15,953648.0,11443.78,476262.3,5238.89,614676.0,5532.08,446752.8,3127.27,72882.2,5830.58,453593.6,0.4985,0.8966,0.9314,1.0,21130.37,20.0252,7100000
Houston,2024-10-27,757495.5,13634.92,193999.1,6595.97,978365.3,11740.38,458405.9,5042.46,653100.6,5877.91,398442.3,2789.1,80573.2,6445.86,395711.7,0.4395,0.8708,1.0051,0.0,15880.06,21.6103,7100000
Houston,2024-11-03,896477.3,16136.59,206826.1,7032.09,941700.5,11300.41,342424.8,3766.67,540440.6,4863.97,543211.9,3802.48,76662.0,6132.96,423393.5,0.3921,1.0194,1.0146,0.0,16528.42,21.814,7100000
Houston,2024-11-10,992623.3,17867.22,185894.0,6320.4,1157045.0,13884.54,317276.6,3490.04,546539.3,4918.85,439027.0,3073.19,81656.9,6532.55,372623.3,0.3571,0.8569,0.9954,0.0,15679.27,21.4009,7100000
Houston,2024-11-17,744153.1,13394.76,163426.6,5556.51,1148215.0,13778.58,311048.5,3421.53,519630.4,4676.67,512241.4,3585.69,81412.8,6513.03,337531.7,0.3333,0.8809,1.0048,0.0,14522.78,21.6024,7100000
Houston,2024-11-24,856559.2,15418.06,197270.9,6707.21,938956.2,11267.47,331983.5,3651.82,515541.1,4639.87,478908.6,3352.36,83612.8,6689.02,374873.9,0.3182,0.7819,0.9959,0.0,12311.54,21.4117,7100000
Houston,2024-12-01,835492.2,15038.86,207777.1,7064.42,941512.8,11298.15,418831.6,4607.15,623871.6,5614.84,482879.1,3380.15,81093.1,6487.45,382096.7,0.3094,0.9234,1.0173,0.0,14757.68,21.8724,7100000
Houston,2024-12-08,925379.8,16656.84,179957.6,6118.56,786943.6,9443.32,389976.5,4289.74,683538.0,6151.84,481281.8,3368.97,78896.2,6311.7,374540.5,0.3045,0.8951,0.9839,0.0,14605.75,21.1541,7100000
Houston,2024-12-15,862222.1,15520.0,158148.3,5377.04,829153.2,9949.84,384800.2,4232.8,613845.5,5524.61,519519.3,3636.64,70375.4,5630.03,364763.5,0.3021,0.8408,1.0092,0.0,13825.46,21.6988,7100000
Houston,2024-12-22,816655.0,14699.79,164497.0,5592.9,1082101.1,12985.21,420946.0,4630.41,642375.0,5781.37,408698.5,2860.89,75836.9,6066.95,399920.6,0.3009,0.7411,0.9915,0.0,13541.42,21.3167,7100000
Houston,2024-12-29,905031.3,16290.56,189528.4,6443.97,838161.0,10057.93,317692.0,3494.61,558526.7,5026.74,500761.0,3505.33,78999.6,6319.97,421527.0,0.3004,0.8039,0.9858,0.0,14987.88,21.1938,7100000
Houston,2025-01-05,915091.7,16471.65,172874.8,5877.74,1029904.9,12358.86,362918.3,3992.1,624169.5,5617.53,442125.5,3094.88,60997.7,4879.82,378012.8,0.3057,0.9132,1.0097,0.0,13670.38,21.7083,7100000
Houston,2025-01-12,851629.3,15329.33,190437.5,6474.87,795487.1,9545.84,405517.1,4460.69,511946.0,4607.51,491781.3,3442.47,70686.0,5654.88,409193.1,0.3111,0.723,1.0135,0.0,15367.86,21.7907,7100000
Houston,2025-01-19,886783.0,15962.09,184153.5,6261.22,937027.8,11244.33,376333.1,4139.66,516565.7,4649.09,487847.5,3414.93,65394.9,5231.59,373359.5,0.3204,0.732,0.985,0.0,14119.56,21.1777,7100000
Houston,2025-01-26,955583.0,17200.49,214484.3,7292.46,1150953.0,13811.44,321072.1,3531.79,590378.1,5313.4,499966.0,3499.76,84914.1,6793.12,396922.0,0.3359,0.8464,1.018,0.0,15376.93,21.8859,7100000
Houston,2025-02-02,783711.5,14106.81,195416.0,6644.14,894658.7,10735.9,315468.7,3470.16,612949.4,5516.54,480231.8,3361.62,76805.6,6144.45,406746.7,0.3601,0.8723,0.9966,0.0,14206.41,21.427,7100000
Houston,2025-02-09,910425.5,16387.66,195154.9,6635.26,881493.4,10577.92,417686.7,4594.55,696632.2,6269.69,410522.4,2873.66,85752.7,6860.22,412600.9,0.3961,1.0159,0.9914,0.0,16562.52,21.314,7100000
Houston,2025-02-16,776433.6,13975.8,219270.7,7455.2,1041955.0,12503.46,430145.1,4731.6,667255.0,6005.29,426512.7,2985.59,89730.7,7178.45,457808.8,0.4463,0.838,1.0188,0.0,17513.56,21.9039,7100000
Houston,2025-02-23,1059298.2,19067.37,195571.4,6649.43,1296682.1,15560.19,353544.4,3888.99,823740.9,7413.67,511974.8,3583.82,70936.9,5674.95,499129.6,0.5123,0.8929,1.0027,0.0,18671.56,21.5575,7100000
Houston,2025-03-02,1017904.8,18322.29,210588.4,7160.01,1151875.2,13822.5,379554.8,4175.1,639888.5,5759.0,507195.6,3550.37,104277.1,8342.17,490373.1,0.5937,1.1073,1.0173,0.0,18269.25,21.8723,7100000
Houston,2025-03-09,1046734.3,18841.22,261611.5,8894.79,1138646.6,13663.76,445644.6,4902.09,931655.4,8384.9,516990.3,3618.93,83833.8,6706.7,522746.2,0.6874,1.2709,0.9997,0.0,19198.93,21.4934,7100000
Houston,2025-03-16,1207382.7,21732.89,293830.9,9990.25,1257182.0,15086.18,476099.0,5237.09,986455.5,8878.1,558061.0,3906.43,91398.9,7311.91,628527.3,0.7872,1.101,0.9915,0.0,21944.99,21.3162,7100000
Houston,2025-03-23,1277751.5,22999.53,295127.4,10034.33,1462383.7,17548.6,486235.1,5348.59,951378.0,8562.4,494820.7,3463.74,97154.3,7772.35,711929.6,0.8839,1.3999,1.0128,0.0,23502.93,21.7763,7100000
Houston,2025-03-30,1340828.4,24134.91,252064.2,8570.18,1445580.1,17346.96,652700.5,7179.71,795923.1,7163.31,503034.7,3521.24,125288.2,10023.06,698721.2,0.9672,1.5798,0.9859,0.0,24323.54,21.1964,7100000
Houston,2025-04-06,1519584.5,27352.52,287649.4,9780.08,1686693.2,20240.32,617677.7,6794.46,943508.2,8491.57,468020.6,3276.14,117967.0,9437.36,666551.8,1.0267,1.6916,1.0094,0.0,25145.0,21.7026,7100000
Houston,2025-04-13,1161251.6,20902.53,256977.2,8737.23,1684957.3,20219.49,584894.6,6433.84,956069.5,8604.63,430531.3,3013.72,126764.0,10141.12,738463.6,1.0545,1.3943,0.9966,0.0,25107.1,21.4273,7100000
Houston,2025-04-20,1516950.3,27305.1,332983.6,11321.44,1721091.4,20653.1,503477.8,5538.26,1016224.3,9146.02,598890.9,4192.24,113208.6,9056.69,803303.3,1.0468,1.4121,0.9957,0.0,26733.42,21.4084,7100000
Houston,2025-04-27,1476464.0,26576.35,321598.9,10934.36,1304153.8,15649.85,520504.6,5725.55,1092690.1,9834.21,535908.4,3751.36,101210.3,8096.82,736570.9,1.0047,1.3313,0.9374,1.0,28890.14,20.1532,7100000
Houston,2025-05-04,1173194.9,21117.51,288428.8,9806.58,1410851.2,16930.21,633936.4,6973.3,941444.7,8473.0,458436.5,3209.06,120693.4,9655.47,696677.8,0.9338,1.5018,1.0174,0.0,22718.16,21.8747,7100000
Houston,2025-05-11,1251354.0,22524.37,309696.9,10529.69,1465292.2,17583.51,580453.0,6384.98,981670.8,8835.04,412587.9,2888.12,88249.4,7059.95,652505.0,0.8435,1.1509,1.0031,0.0,22671.97,21.5662,7100000
Houston,2025-05-18,953877.5,17169.8,240030.4,8161.03,1365629.2,16387.55,461230.3,5073.53,881385.3,7932.47,501305.1,3509.14,107673.9,8613.91,589776.2,0.7443,1.201,0.9425,1.0,24409.88,20.2627,7100000
Houston,2025-05-25,1137219.4,20469.95,269145.0,9150.93,1010468.9,12125.63,428571.9,4714.29,732673.2,6594.06,491241.8,3438.69,95937.8,7675.02,474494.8,0.6463,0.9853,1.0199,0.0,20270.74,21.9273,7100000
Houston,2025-06-01,916719.9,16500.96,205068.0,6972.31,1071761.6,12861.14,374263.6,4116.9,866193.2,7795.74,416739.5,2917.18,76977.7,6158.22,590482.6,0.5574,1.019,0.9809,0.0,18418.49,21.0886,7100000
Houston,2025-06-08,912126.9,16418.28,247949.4,8430.28,1260925.1,15131.1,477852.4,5256.38,721890.8,6497.02,449039.2,3143.27,85975.2,6878.02,461070.9,0.4829,0.9984,0.9383,1.0,19629.79,20.1743,7100000
Houston,2025-06-15,842336.6,15162.06,184959.3,6288.62,1088199.3,13058.39,390062.5,4290.69,786674.9,7080.07,406299.7,2844.1,72855.6,5828.45,424800.2,0.4249,1.0085,0.9316,1.0,17847.76,20.0288,7100000
Houston,2025-06-22,992780.7,17870.05,180180.9,6126.15,908976.8,10907.72,429524.8,4724.77,693280.8,6239.53,493370.1,3453.59,75756.5,6060.52,472086.2,0.3836,1.0139,0.9428,1.0,19433.13,20.2708,7100000
Houston,2025-06-29,840486.4,15128.76,169529.8,5764.01,1143319.4,13719.83,365970.9,4025.68,616422.7,5547.8,453688.8,3175.82,64888.3,5191.06,444565.7,0.3579,0.9748,1.0045,0.0,16050.05,21.596,7100000
Houston,2025-07-06,761438.2,13705.89,199863.8,6795.37,1145561.9,13746.74,408759.5,4496.35,687646.1,6188.82,386937.9,2708.57,69417.1,5553.37,451349.1,0.3466,0.7311,1.0142,0.0,15822.39,21.8057,7100000
Houston,2025-07-13,779185.8,14025.34,163515.6,5559.53,841454.9,10097.46,316530.3,3481.83,681736.2,6135.63,526610.9,3686.28,65721.8,5257.75,407726.9,0.3491,0.9639,1.0056,0.0,16044.67,21.6208,7100000
Houston,2025-07-20,927812.6,16700.63,185707.3,6314.05,1116531.5,13398.38,451360.8,4964.97,622005.2,5598.05,452124.4,3164.87,85132.5,6810.6,436172.0,0.3655,0.9605,1.0197,0.0,15493.48,21.9241,7100000
Houston,2025-07-27,1023533.7,18423.61,222659.7,7570.43,967155.7,11605.87,371573.6,4087.31,581625.7,5234.63,495201.0,3466.41,76013.8,6081.11,486772.8,0.3963,0.959,1.0001,0.0,16417.94,21.5031,7100000
Houston,2025-08-03,1019436.6,18349.86,227872.8,7747.68,1102727.2,13232.73,436471.9,4801.19,742262.8,6680.37,478670.2,3350.69,72881.0,5830.48,436720.3,0.4415,0.8913,0.981,0.0,17510.23,21.0906,7100000
Houston,2025-08-10,828108.7,14905.96,255411.6,8684.0,1026025.5,12312.31,477047.7,5247.52,652564.1,5873.08,467002.7,3269.02,86386.5,6910.92,444881.1,0.4994,0.8845,1.011,0.0,17248.01,21.7358,7100000
Houston,2025-08-17,1102719.1,19848.94,236318.1,8034.82,1127623.0,13531.48,425685.0,4682.54,705554.8,6349.99,496758.1,3477.31,82902.9,6632.23,564534.8,0.5657,1.1743,0.955,1.0,22071.12,20.5323,7100000
Houston,2025-08-24,943092.8,16975.67,276937.8,9415.88,1129188.4,13550.26,430335.3,4733.69,838605.5,7547.45,454301.0,3180.11,106438.6,8515.09,561041.5,0.6333,0.9662,0.995,0.0,20544.91,21.3931,7100000
Houston,2025-08-31,1116589.5,20098.61,271492.1,9230.73,1474041.5,17688.5,503147.9,5534.63,772329.1,6950.96,481505.9,3370.54,83368.7,6669.49,533506.0,0.693,1.3166,0.9866,0.0,20498.94,21.2115,7100000
Houston,2025-09-07,1149859.1,20697.46,211739.1,7199.13,1525497.6,18305.97,586271.7,6448.99,755188.0,6796.69,434781.4,3043.47,91379.7,7310.38,615268.3,0.7355,1.1713,0.9909,0.0,20204.01,21.3049,7100000
Houston,2025-09-14,1006616.0,18119.09,246984.5,8397.47,1467980.3,17615.76,520775.8,5728.53,977042.4,8793.38,426913.6,2988.4,111510.9,8920.87,592461.1,0.7533,1.2216,0.9875,0.0,21243.03,21.232,7100000
Houston,2025-09-21,1184124.3,21314.24,250664.0,8522.58,1273486.1,15281.83,448627.1,4934.9,850718.2,7656.46,422242.0,2955.69,91138.5,7291.08,629684.5,0.7433,1.1611,1.001,0.0,21567.65,21.5224,7100000
Houston,2025-09-28,896662.9,16139.93,284018.6,9656.63,1398008.5,16776.1,538595.8,5924.55,667143.4,6004.29,462473.5,3237.31,106308.7,8504.7,552282.6,0.7073,1.1669,1.0125,0.0,19738.63,21.7686,7100000
Houston,2025-10-05,1226400.8,22075.22,210748.1,7165.44,1259748.2,15116.98,523380.5,5757.19,749611.0,6746.5,478824.7,3351.77,103426.1,8274.09,522063.5,0.6515,1.0705,1.0068,0.0,19359.84,21.6462,7100000
Houston,2025-10-12,951628.7,17129.32,255442.9,8685.06,1388963.9,16667.57,389777.3,4287.55,808771.3,7278.94,510316.9,3572.22,79729.9,6378.39,471703.4,0.5849,1.1309,1.0142,0.0,18850.56,21.8049,7100000
Houston,2025-10-19,831737.0,14971.27,221059.1,7516.01,1031834.2,12382.01,475599.2,5231.59,604789.9,5443.11,478984.5,3352.89,94540.5,7563.24,459155.0,0.517,1.0001,1.0022,0.0,17792.09,21.5478,7100000
Houston,2025-10-26,760098.2,13681.77,236209.1,8031.11,1125618.2,13507.42,462700.0,5089.7,580068.4,5220.62,459723.4,3218.06,68716.7,5497.34,427823.3,0.4553,0.9791,1.0034,0.0,16827.97,21.5732,7100000
Houston,2025-11-02,959194.2,17265.5,205581.8,6989.78,936308.2,11235.7,457470.0,5032.17,687032.1,6183.29,430147.9,3011.04,76998.0,6159.84,422517.6,0.4044,0.9691,1.0171,0.0,16578.08,21.868,7100000
Houston,2025-11-09,872177.7,15699.2,183642.7,6243.85,928460.1,11141.52,397859.1,4376.45,572130.6,5149.18,494627.1,3462.39,72360.6,5788.85,364061.9,0.3659,0.8534,0.988,0.0,15430.23,21.2426,7100000
Houston,2025-11-16,881372.3,15864.7,203938.2,6933.9,815065.3,9780.78,375099.6,4126.1,605055.9,5445.5,456958.0,3198.71,62713.3,5017.07,396562.2,0.3391,0.8301,0.9844,0.0,15001.89,21.1648,7100000
Houston,2025-11-23,761577.1,13708.39,215291.3,7319.9,1082526.9,12990.32,431395.4,4745.35,658588.7,5927.3,405541.5,2838.79,80759.6,6460.77,340277.3,0.3218,0.7831,0.9373,1.0,14702.87,20.1513,7100000
Houston,2025-11-30,842100.8,15157.81,167377.5,5690.83,937646.7,11251.76,327919.6,3607.12,695811.4,6262.3,536388.6,3754.72,72958.0,5836.64,342033.3,0.3114,0.7411,1.0018,0.0,14775.72,21.5385,7100000
Houston,2025-12-07,729075.3,13123.36,199993.7,6799.78,829058.8,9948.71,395426.1,4349.69,661432.9,5952.9,393357.4,2753.5,77628.5,6210.28,345850.6,0.3056,0.9127,0.9482,1.0,15601.61,20.3862,7100000
Houston,2025-12-14,835110.0,15031.98,200071.5,6802.43,830419.8,9965.04,375200.6,4127.21,644702.3,5802.32,520377.5,3642.64,75483.7,6038.7,382538.5,0.3026,0.7007,0.9542,1.0,16581.96,20.5146,7100000
Houston,2025-12-21,668892.8,12040.07,190982.1,6493.39,942570.5,11310.85,379486.5,4174.35,562319.2,5060.87,442622.7,3098.36,79783.7,6382.69,350749.4,0.3011,0.7739,0.9827,0.0,14088.89,21.127,7100000
Washington DC,2023-01-01,808537.9,14553.68,193805.8,6589.4,533700.5,6404.41,376708.0,4143.79,486824.4,4381.42,346357.2,2424.5,58421.9,4673.75,362907.0,0.3037,0.868,0.9585,1.0,13953.68,20.6077,6300000
Washington DC,2023-01-08,829889.4,14938.01,161707.6,5498.06,586458.2,7037.5,389792.4,4287.72,639472.1,5755.25,450638.5,3154.47,66987.0,5358.96,312637.0,0.3074,0.7453,0.9827,0.0,11602.26,21.128,6300000
Washington DC,2023-01-15,634815.0,11426.67,159407.3,5419.85,436814.8,5241.78,429314.1,4722.46,520200.5,4681.8,460885.4,3226.2,65239.4,5219.16,325324.9,0.3139,0.7902,1.0197,0.0,12351.53,21.9229,6300000
Washington DC,2023-01-22,790423.3,14227.62,193168.6,6567.73,512823.5,6153.88,436711.7,4803.83,526795.3,4741.16,393575.7,2755.03,60655.7,4852.46,362500.7,0.3252,0.7931,0.992,0.0,12681.49,21.3276,6300000
Washington DC,2023-01-29,849197.1,15285.55,181003.0,6154.1,551582.1,6618.99,451751.9,4969.27,481933.2,4337.4,377253.0,2640.77,68379.8,5470.39,320603.5,0.3434,0.8643,0.9845,0.0,13110.86,21.1676,6300000
Washington DC,2023-02-05,843748.7,15187.48,162903.1,5538.71,533764.9,6405.18,416752.5,4584.28,519599.0,4676.39,440559.2,3083.91,56728.6,4538.29,345646.2,0.3712,0.7491,0.9883,0.0,13586.64,21.2483,6300000
Washington DC,2023-02-12,823056.2,14815.01,209703.3,7129.91,641328.5,7695.94,392798.9,4320.79,585879.7,5272.92,460237.9,3221.67,57861.9,4628.96,368187.7,0.4114,1.0467,1.0071,0.0,14619.06,21.6521,6300000
Washington DC,2023-02-19,778454.1,14012.17,178371.6,6064.63,669460.2,8033.52,491893.9,5410.83,544151.6,4897.36,477637.6,3343.46,81862.8,6549.02,396377.9,0.4662,0.9148,1.0115,0.0,15234.41,21.7478,6300000
Washington DC,2023-02-26,989750.2,17815.5,212880.1,7237.92,641525.6,7698.31,485655.3,5342.21,628248.8,5654.24,459408.4,3215.86,70498.2,5639.85,396487.1,0.5363,1.117,1.0066,0.0,16066.99,21.6411,6300000
Washington DC,2023-03-05,981148.4,17660.67,181400.7,6167.62,655111.6,7861.34,506547.0,5572.02,568935.5,5120.42,392364.0,2746.55,68652.1,5492.17,516865.0,0.6204,1.069,0.9872,0.0,17648.45,21.2248,6300000
Washington DC,2023-03-12,805030.6,14490.55,207786.2,7064.73,723054.3,8676.65,632889.0,6961.78,685712.7,6171.41,377676.9,2643.74,97256.0,7780.48,545483.4,0.714,1.1476,1.0086,0.0,17445.18,21.6851,6300000
Washington DC,2023-03-19,1158114.2,20846.06,209447.9,7121.23,770518.2,9246.22,540545.8,5946.0,847838.7,7630.55,474124.1,3318.87,77448.5,6195.88,575692.4,0.81,1.4433,0.9975,0.0,19666.27,21.446,6300000
Washington DC,2023-03-26,1207371.3,21732.68,209259.2,7114.81,670952.2,8051.43,688289.6,7571.19,692286.4,6230.58,444361.9,3110.53,87338.1,6987.05,592409.5,0.8988,1.2036,1.0079,0.0,19997.15,21.6688,6300000
Washington DC,2023-04-02,932962.0,16793.32,229807.3,7813.45,662655.1,7951.86,687082.7,7557.91,700157.5,6301.42,457594.1,3203.16,90426.7,7234.14,629701.3,0.9703,1.4724,1.0018,0.0,20917.92,21.539,6300000
Washington DC,2023-04-09,1271463.5,22886.34,296853.9,10093.03,850412.4,10204.95,561523.5,6176.76,814124.2,7327.12,369691.2,2587.84,105144.7,8411.58,556999.2,1.0153,1.3637,0.9866,0.0,23302.46,21.2112,6300000
Washington DC,2023-04-16,1203803.0,21668.45,223540.9,7600.39,715396.0,8584.75,718333.9,7901.67,796472.7,7168.25,514354.6,3600.48,104438.3,8355.06,672994.7,1.0276,1.463,1.0004,0.0,22887.74,21.508,6300000
Washington DC,2023-04-23,1321250.1,23782.5,287836.1,9786.43,767273.8,9207.29,739531.5,8134.85,761668.2,6855.01,518911.1,3632.38,89241.0,7139.28,662665.3,1.0056,1.6344,0.9608,1.0,25589.58,20.6574,6300000
Washington DC,2023-04-30,1196992.8,21545.87,240060.8,8162.07,790359.2,9484.31,634087.0,6974.96,715484.9,6439.36,481413.4,3369.89,82276.0,6582.08,656708.8,0.9523,1.377,1.0115,0.0,22117.92,21.7482,6300000
Washington DC,2023-05-07,1176957.0,21185.23,208634.1,7093.56,806541.0,9678.49,586598.2,6452.58,684139.2,6157.25,364824.5,2553.77,75536.3,6042.9,617513.8,0.8748,1.1702,0.9941,0.0,21036.15,21.3734,6300000
Washington DC,2023-05-14,1188959.8,21401.28,193795.4,6589.04,831183.6,9974.2,517331.2,5690.64,875275.3,7877.48,400777.5,2805.44,96917.8,7753.43,540924.4,0.7829,1.2968,0.9979,0.0,18677.54,21.4539,6300000
Washington DC,2023-05-21,929844.4,16737.2,238749.2,8117.47,719946.9,8639.36,574409.6,6318.51,808522.4,7276.7,395349.9,2767.45,78086.1,6246.89,449474.7,0.6867,1.3062,0.9841,0.0,17761.11,21.1589,6300000
Washington DC,2023-05-28,993979.6,17891.63,191535.5,6512.21,747681.5,8972.18,428315.7,4711.47,727759.2,6549.83,498009.6,3486.07,69633.3,5570.66,412014.5,0.5953,0.9391,0.9828,0.0,14932.95,21.1307,6300000
Washington DC,2023-06-04,762131.3,13718.36,200107.8,6803.67,627277.7,7527.33,497180.4,5468.98,685276.4,6167.49,391685.5,2741.8,62559.2,5004.74,407606.9,0.5153,1.0618,1.0151,0.0,14829.32,21.8254,6300000
Washington DC,2023-06-11,856270.0,15412.86,221608.5,7534.69,503186.5,6038.24,472663.1,5199.29,502740.9,4524.67,435034.7,3045.24,75516.2,6041.3,374776.9,0.4502,1.0355,0.9822,0.0,15494.93,21.1183,6300000
Washington DC,2023-06-18,721389.7,12985.01,149404.8,5079.76,471094.3,5653.13,377397.5,4151.37,657023.1,5913.21,359278.2,2514.95,74158.9,5932.71,342707.3,0.4013,0.7948,0.9323,1.0,15582.13,20.045,6300000
Washington DC,2023-06-25,894993.0,16109.87,177478.8,6034.28,460989.6,5531.88,409068.4,4499.75,546213.0,4915.92,370333.9,2592.34,58363.4,4669.07,408591.7,0.3681,0.9544,1.0087,0.0,14820.97,21.6862,6300000
Washington DC,2023-07-02,703812.3,12668.62,151785.8,5160.72,443212.4,5318.55,416679.3,4583.47,521238.7,4691.15,419103.9,2933.73,53540.2,4283.22,335136.1,0.3494,0.9148,1.0129,0.0,13285.13,21.7766,6300000
Washington DC,2023-07-09,843109.2,15175.97,189315.2,6436.72,528564.5,6342.77,399222.4,4391.45,587505.0,5287.54,389686.8,2727.81,68844.1,5507.53,356058.5,0.3443,0.9386,1.0139,0.0,13777.41,21.798,6300000
Washington DC,2023-07-16,646151.9,11630.73,170819.6,5807.87,549150.2,6589.8,462157.4,5083.73,590301.6,5312.71,403086.6,2821.61,69581.9,5566.55,376248.3,0.3524,0.9497,0.9882,0.0,13795.71,21.2469,6300000
Washington DC,2023-07-23,770997.8,13877.96,182887.1,6218.16,547749.4,6572.99,399682.2,4396.5,524706.9,4722.36,378914.7,2652.4,56828.8,4546.3,409779.8,0.3741,0.941,0.9814,0.0,14516.2,21.1011,6300000
Washington DC,2023-07-30,702280.7,12641.05,198225.5,6739.67,499288.1,5991.46,399810.6,4397.92,596003.1,5364.03,483097.5,3381.68,71664.5,5733.16,364024.4,0.4098,0.9036,0.9847,0.0,14462.56,21.1717,6300000
Washington DC,2023-08-06,912084.5,16417.52,194072.7,6598.47,558092.1,6697.11,516837.7,5685.21,718757.8,6468.82,452346.6,3166.43,60396.1,4831.69,382939.5,0.4589,0.8562,0.9406,1.0,17092.76,20.2218,6300000
Washington DC,2023-08-13,771729.3,13891.13,212870.8,7237.61,680652.1,8167.82,418569.0,4604.26,595286.3,5357.58,464264.6,3249.85,67385.3,5390.82,465516.1,0.5187,1.1591,0.9616,1.0,17961.2,20.6737,6300000
Washington DC,2023-08-20,792255.3,14260.59,217394.5,7391.41,516344.4,6196.13,523098.4,5754.08,747260.6,6725.35,434258.0,3039.81,64247.4,5139.79,500533.6,0.5841,1.0432,1.0037,0.0,16990.63,21.5788,6300000
Washington DC,2023-08-27,1010441.0,18187.94,218746.1,7437.37,546500.5,6558.01,535219.5,5887.41,655035.0,5895.32,387204.8,2710.43,70032.0,5602.56,484244.9,0.6471,1.0346,0.9823,0.0,17417.63,21.1204,6300000
Washington DC,2023-09-03,1001608.5,18028.95,186441.9,6339.02,652523.2,7830.28,530699.9,5837.7,796863.9,7171.77,423497.9,2964.49,69791.1,5583.28,438103.5,0.6985,1.2267,0.9937,0.0,16394.58,21.3641,6300000
Washington DC,2023-09-10,898558.3,16174.05,233770.6,7948.2,626545.3,7518.54,467316.9,5140.49,658169.1,5923.52,495278.9,3466.95,91138.1,7291.05,448107.3,0.7299,1.1966,0.9853,0.0,17855.92,21.1832,6300000
Washington DC,2023-09-17,880002.6,15840.05,254443.1,8651.07,785495.7,9425.95,493560.0,5429.16,784806.5,7063.26,402922.2,2820.46,94787.4,7582.99,472008.0,0.7357,1.2271,0.9636,1.0,20034.46,20.7173,6300000
Washington DC,2023-09-24,808710.6,14556.79,185758.0,6315.77,642331.0,7707.97,472089.2,5192.98,667199.8,6004.8,481036.9,3367.26,74469.7,5957.58,474547.1,0.7148,1.2485,0.962,1.0,19960.95,20.6828,6300000
Washington DC,2023-10-01,826365.2,14874.57,210450.2,7155.31,659153.3,7909.84,525925.6,5785.18,713910.0,6425.19,401546.5,2810.83,70914.8,5673.18,467521.0,0.671,1.3249,1.0014,0.0,17074.58,21.5291,6300000
Washington DC,2023-10-08,764899.5,13768.19,214445.7,7291.15,563630.1,6763.56,539386.0,5933.25,668329.4,6014.96,441557.1,3090.9,68477.5,5478.2,457063.2,0.6117,1.0023,0.9913,0.0,16013.0,21.312,6300000
Washington DC,2023-10-15,749123.2,13484.22,237136.5,8062.64,595275.2,7143.3,554630.9,6100.94,551060.1,4959.54,487829.1,3414.8,77433.3,6194.66,396061.3,0.546,1.026,1.0001,0.0,15129.48,21.5027,6300000
Washington DC,2023-10-22,720387.5,12966.97,209547.3,7124.61,656940.1,7883.28,464292.8,5107.22,629202.3,5662.82,391722.1,2742.05,64392.9,5151.43,446943.3,0.4824,1.0638,1.0186,0.0,16346.4,21.8995,6300000
Washington DC,2023-10-29,792139.5,14258.51,204796.8,6963.09,473086.3,5677.04,412126.7,4533.39,537654.0,4838.89,460177.7,3221.24,72100.7,5768.05,389174.1,0.4271,0.8874,1.0082,0.0,12997.63,21.6767,6300000
Washington DC,2023-11-05,900348.2,16206.27,158005.3,5372.18,599503.6,7194.04,423688.7,4660.58,636123.6,5725.11,340895.6,2386.27,57026.8,4562.14,340388.6,0.3832,0.8674,1.0094,0.0,13166.53,21.7011,6300000
Washington DC,2023-11-12,761519.6,13707.35,164119.6,5580.07,438121.0,5257.45,463101.6,5094.12,583210.5,5248.89,451375.9,3159.63,65716.4,5257.31,373083.2,0.3511,0.8957,0.9542,1.0,14452.94,20.5151,6300000
Washington DC,2023-11-19,824144.5,14834.6,167370.7,5690.6,534888.2,6418.66,375347.8,4128.83,457068.3,4113.62,452550.1,3167.85,71970.3,5757.62,336049.1,0.3295,0.9235,0.9915,0.0,13136.84,21.3181,6300000
Washington DC,2023-11-26,717562.6,12916.13,154007.0,5236.24,598296.4,7179.56,424422.1,4668.64,452010.5,4068.09,350635.0,2454.45,66254.7,5300.38,343377.3,0.316,0.7635,1.006,0.0,12387.25,21.6295,6300000
Washington DC,2023-12-03,637946.8,11483.04,147767.3,5024.09,487340.5,5848.09,472729.4,5200.02,543243.5,4889.19,411882.8,2883.18,72382.3,5790.58,344663.2,0.3082,0.8807,0.9879,0.0,13007.04,21.2398,6300000
Washington DC,2023-12-10,724669.0,13044.04,168155.5,5717.29,473308.1,5679.7,381429.5,4195.72,600998.6,5408.99,470848.1,3295.94,71079.1,5686.33,322160.1,0.3039,0.8001,1.0012,0.0,12105.41,21.526,6300000
Washington DC,2023-12-17,601958.9,10835.26,139117.7,4730.0,430217.3,5162.61,466678.2,5133.46,623156.7,5608.41,340179.8,2381.26,55225.8,4418.06,361399.3,0.3018,0.8209,0.9989,0.0,14317.65,21.4768,6300000
Washington DC,2023-12-24,805101.8,14491.83,173431.3,5896.66,428825.3,5145.9,397565.3,4373.22,543545.0,4891.9,415117.6,2905.82,58307.5,4664.6,281519.1,0.3007,0.8502,0.949,1.0,13637.83,20.4036,6300000
Washington DC,2023-12-31,694682.9,12504.29,195508.1,6647.28,577192.2,6926.31,461802.1,5079.82,491514.8,4423.63,339656.6,2377.6,51858.5,4148.68,306237.5,0.3003,0.8633,1.0054,0.0,11977.7,21.617,6300000
Washington DC,2024-01-07,608051.5,10944.93,195880.0,6659.92,507523.9,6090.29,421632.0,4637.95,595165.3,5356.49,371669.5,2601.69,64752.9,5180.23,321547.4,0.3067,0.7345,1.0151,0.0,13312.49,21.8245,6300000
Washington DC,2024-01-14,686770.5,12361.87,172086.8,5850.95,456450.3,5477.4,410307.8,4513.39,619977.8,5579.8,389326.9,2725.29,65347.6,5227.81,351606.4,0.3128,0.8208,0.9951,0.0,12700.01,21.3944,6300000
Washington DC,2024-01-21,775241.5,13954.35,158322.4,5382.96,566511.6,6798.14,459256.3,5051.82,529897.3,4769.08,347384.5,2431.69,61925.6,4954.05,394098.1,0.3232,0.8386,0.9841,0.0,14016.93,21.1578,6300000
Washington DC,2024-01-28,716330.7,12893.95,184152.6,6261.19,439452.5,5273.43,402990.0,4432.89,549561.1,4946.05,371992.7,2603.95,72089.0,5767.12,340093.2,0.3403,0.7954,1.0069,0.0,12763.29,21.6476,6300000
Washington DC,2024-02-04,684528.5,12321.51,188261.9,6400.9,548307.9,6579.69,405205.6,4457.26,644615.3,5801.54,480384.4,3362.69,67775.9,5422.07,349036.0,0.3665,0.8551,0.9559,1.0,15301.32,20.5516,6300000
Washington DC,2024-02-11,720698.5,12972.57,202717.7,6892.4,607866.2,7294.39,409965.2,4509.62,565201.7,5086.82,433448.9,3034.14,67683.4,5414.67,397323.5,0.4048,1.0196,1.0143,0.0,13782.32,21.8066,6300000
Washington DC,2024-02-18,879006.8,15822.12,180527.4,6137.93,597920.2,7175.04,488048.5,5368.53,709669.4,6387.02,386938.9,2708.57,67852.3,5428.18,389278.9,0.4574,0.9249,1.0152,0.0,15691.82,21.8263,6300000
Washington DC,2024-02-25,792331.6,14261.97,229671.6,7808.84,647671.4,7772.06,544825.8,5993.08,692445.2,6232.01,359751.6,2518.26,71519.6,5721.57,418527.0,0.5254,1.1449,1.0144,0.0,15985.18,21.8094,6300000
Washington DC,2024-03-03,765993.6,13787.88,174169.3,5921.76,697226.1,8366.71,517498.2,5692.48,616151.9,5545.37,386284.0,2703.99,80595.1,6447.61,426878.8,0.6077,1.059,0.9812,0.0,17255.8,21.0959,6300000
Washington DC,2024-03-10,852306.5,15341.52,201795.8,6861.06,573640.7,6883.69,494093.6,5435.03,615932.5,5543.39,423167.6,2962.17,69765.6,5581.24,464662.7,0.7003,1.0648,1.0178,0.0,17857.3,21.883,6300000
Washington DC,2024-03-17,1176692.6,21180.47,220117.3,7483.99,637394.7,7648.74,523521.0,5758.73,873765.4,7863.89,512217.4,3585.52,97210.8,7776.87,496888.7,0.7965,1.3567,1.0105,0.0,19822.63,21.7263,6300000
Washington DC,2024-03-24,1117439.2,20113.9,226984.2,7717.46,878163.6,10537.96,638075.7,7018.83,844413.2,7599.72,430166.2,3011.16,98382.8,7870.62,559167.8,0.887,1.294,0.9488,1.0,24132.77,20.3986,6300000
Washington DC,2024-03-31,940501.6,16929.03,253397.9,8615.53,741818.3,8901.82,671731.4,7389.05,971792.1,8746.13,370065.1,2590.46,95028.9,7602.31,706621.9,0.9616,1.2483,1.0016,0.0,22073.34,21.5334,6300000
Washington DC,2024-04-07,957700.8,17238.62,311105.5,10577.59,813401.0,9760.81,586659.8,6453.26,885870.8,7972.84,490303.9,3432.13,103246.0,8259.68,697679.0,1.0108,1.6706,1.0062,0.0,21741.13,21.6328,6300000
Washington DC,2024-04-14,1128818.7,20318.74,306702.7,10427.89,911225.6,10934.71,657236.5,7229.6,889385.8,8004.47,407197.8,2850.38,86508.2,6920.65,656930.5,1.028,1.5778,0.9977,0.0,22746.0,21.4513,6300000
Washington DC,2024-04-21,1226981.1,22085.66,258590.3,8792.07,874854.1,10498.25,721707.2,7938.78,829324.0,7463.92,468320.4,3278.24,83488.8,6679.1,543953.0,1.0108,1.4212,0.9513,1.0,24313.29,20.4522,6300000
Washington DC,2024-04-28,1306959.0,23525.26,235348.1,8001.84,772120.2,9265.44,581742.2,6399.16,883879.9,7954.92,455378.7,3187.65,92367.0,7389.36,580470.4,0.9616,1.4019,0.9518,1.0,22601.15,20.4633,6300000
Washington DC,2024-05-05,1137065.3,20467.18,255353.4,8682.02,830680.4,9968.16,645698.4,7102.68,731198.6,6580.79,427250.7,2990.75,103225.3,8258.03,599175.5,0.887,1.4178,1.0145,0.0,20356.29,21.8126,6300000
Washington DC,2024-05-12,950600.4,17110.81,211376.0,7186.78,642603.8,7711.25,543539.1,5978.93,805212.6,7246.91,444547.3,3111.83,77344.9,6187.59,491218.1,0.7965,1.3466,1.0169,0.0,19941.59,21.8627,6300000
Washington DC,2024-05-19,941766.0,16951.79,263031.1,8943.06,597136.1,7165.63,539919.6,5939.12,656053.0,5904.48,412770.3,2889.39,81354.3,6508.35,487985.6,0.7003,1.3615,0.9926,0.0,17127.95,21.3418,6300000
Washington DC,2024-05-26,893042.0,16074.76,230303.8,7830.33,597068.7,7164.82,494108.1,5435.19,641531.2,5773.78,372042.5,2604.3,91891.1,7351.29,453274.2,0.6078,1.0323,0.9974,0.0,17379.65,21.4434,6300000
Washington DC,2024-06-02,777143.9,13988.59,194336.7,6607.45,646483.7,7757.8,423195.6,4655.15,563461.6,5071.15,383986.8,2687.91,83340.1,6667.21,446448.9,0.5259,1.0573,0.9893,0.0,16452.34,21.2694,6300000
Washington DC,2024-06-09,904476.7,16280.58,156776.2,5330.39,582622.9,6991.47,476731.4,5244.05,642751.1,5784.76,428827.8,3001.79,61180.7,4894.46,390269.7,0.4585,0.8816,0.9919,0.0,15568.25,21.3267,6300000
Washington DC,2024-06-16,796145.1,14330.61,198180.7,6738.15,564094.4,6769.13,372771.4,4100.49,554459.4,4990.13,337085.9,2359.6,64298.6,5143.88,373814.7,0.4073,0.7793,1.0092,0.0,13979.58,21.6979,6300000
Washington DC,2024-06-23,889376.1,16008.77,147319.9,5008.88,568323.6,6819.88,393929.6,4333.23,670515.5,6034.64,466992.5,3268.95,55658.3,4452.66,410131.3,0.3719,0.8772,1.001,0.0,14744.6,21.5223,6300000
Washington DC,2024-06-30,685275.3,12334.96,176402.2,5997.67,465225.3,5582.7,470420.6,5174.63,526750.8,4740.76,409644.6,2867.51,56488.8,4519.1,376674.5,0.3512,0.8532,0.9846,0.0,12788.64,21.1679,6300000
Washington DC,2024-07-07,678264.9,12208.77,167541.5,5696.41,609400.3,7312.8,390431.6,4294.75,591680.9,5325.13,346534.4,2425.74,62919.4,5033.55,386093.3,0.3442,0.8507,0.9839,0.0,14519.59,21.154,6300000
Washington DC,2024-07-14,635554.7,11439.98,175725.9,5974.68,557599.7,6691.2,439165.3,4830.82,658313.4,5924.82,413482.1,2894.38,65021.8,5201.75,360976.9,0.3504,0.8611,1.0051,0.0,13433.77,21.6104,6300000
Washington DC,2024-07-21,897832.8,16160.99,188731.7,6416.88,505547.1,6066.57,373458.7,4108.05,507303.0,4565.73,366888.1,2568.22,60132.3,4810.58,353794.3,0.3701,0.8818,1.015,0.0,13221.87,21.822,6300000
Washington DC,2024-07-28,898211.6,16167.81,156959.8,5336.63,516330.7,6195.97,463139.6,5094.54,663294.0,5969.65,386696.3,2706.87,58430.2,4674.42,408041.9,0.4038,0.791,0.9959,0.0,15188.95,21.4121,6300000
Washington DC,2024-08-04,700260.8,12604.69,217948.2,7410.24,499635.1,5995.62,385253.8,4237.79,517427.7,4656.85,404386.6,2830.71,72929.1,5834.33,393662.9,0.4511,1.0737,0.9589,1.0,16454.99,20.6169,6300000
Washington DC,2024-08-11,720730.1,12973.14,174833.1,5944.33,573408.6,6880.9,476270.3,5238.97,742873.7,6685.86,435935.8,3051.55,68304.0,5464.32,412931.4,0.5097,1.1479,1.0149,0.0,13833.14,21.8205,6300000
Washington DC,2024-08-18,756963.5,13625.34,196278.7,6673.48,680247.0,8162.96,538324.2,5921.57,744218.2,6697.96,346237.7,2423.66,74896.6,5991.73,444538.2,0.5747,1.1418,1.0183,0.0,14157.32,21.8925,6300000
Washington DC,2024-08-25,1095593.9,19720.69,225282.1,7659.59,734153.9,8809.85,437007.4,4807.08,764207.3,6877.87,478162.4,3347.14,90810.0,7264.8,533645.2,0.6386,0.9904,0.9842,0.0,18431.96,21.1609,6300000
Washington DC,2024-09-01,1109638.1,19973.49,211954.2,7206.44,660159.1,7921.91,482457.1,5307.03,699933.6,6299.4,491023.8,3437.17,77641.6,6211.33,449458.5,0.6922,1.0678,1.0044,0.0,17588.37,21.5944,6300000
Washington DC,2024-09-08,917731.0,16519.16,191932.9,6525.72,678567.3,8142.81,564354.8,6207.9,674450.2,6070.05,371333.3,2599.33,81955.2,6556.41,526350.1,0.7269,1.3432,0.9859,0.0,16455.79,21.1973,6300000
Washington DC,2024-09-15,885844.0,15945.19,251700.4,8557.81,634989.4,7619.87,617421.8,6791.64,626407.1,5637.66,375682.2,2629.78,92927.3,7434.18,547396.8,0.7365,1.2423,0.9855,0.0,17932.5,21.1893,6300000
Washington DC,2024-09-22,854119.6,15374.15,217516.6,7395.56,798187.3,9578.25,469155.9,5160.71,774451.6,6970.06,484771.3,3393.4,92711.4,7416.91,539052.0,0.7193,1.2581,0.9341,1.0,20239.74,20.0841,6300000
Washington DC,2024-09-29,915295.0,16475.31,189926.4,6457.5,607560.3,7290.72,563624.8,6199.87,669216.1,6022.94,450053.7,3150.38,72504.3,5800.35,473816.2,0.6784,1.2439,0.9817,0.0,16833.34,21.1072,6300000
Washington DC,2024-10-06,1013875.5,18249.76,215821.8,7337.94,680517.0,8166.2,600690.6,6607.6,682062.1,6138.56,352125.5,2464.88,92174.8,7373.98,488482.1,0.6208,1.0251,0.9962,0.0,16068.29,21.418,6300000
Washington DC,2024-10-13,857024.7,15426.45,204759.0,6961.8,717571.8,8610.86,506313.0,5569.44,736591.7,6629.33,474722.0,3323.05,72883.2,5830.66,435138.0,0.5555,1.1863,0.9843,0.0,16368.8,21.1633,6300000
Washington DC,2024-10-20,763453.6,13742.16,222683.5,7571.24,544114.2,6529.37,397730.9,4375.04,583196.6,5248.77,448288.9,3138.02,76204.1,6096.33,374117.8,0.4911,1.1049,0.9899,0.0,14716.32,21.2828,6300000
Washington DC,2024-10-27,853065.8,15355.18,211117.3,7177.99,650381.8,7804.58,457641.1,5034.05,528397.1,4755.57,460544.3,3223.81,59427.1,4754.17,364995.8,0.4343,1.059,0.9804,0.0,13782.63,21.0794,6300000
Washington DC,2024-11-03,851456.6,15326.22,166237.3,5652.07,603976.0,7247.71,391670.8,4308.38,679453.6,6115.08,337799.7,2364.6,55063.0,4405.04,335749.3,0.3887,0.8271,0.9658,1.0,14156.73,20.7642,6300000
Washington DC,2024-11-10,750207.8,13503.74,205453.2,6985.41,592138.5,7105.66,480446.3,5284.91,516272.9,4646.46,336686.7,2356.81,67580.6,5406.45,327871.6,0.355,0.9727,0.9922,0.0,13705.48,21.3321,6300000
Washington DC,2024-11-17,775471.9,13958.49,195204.1,6636.94,470965.2,5651.58,417082.6,4587.91,470217.1,4231.95,361561.1,2530.93,74252.5,5940.2,368520.1,0.332,0.9426,0.9547,1.0,14799.78,20.5253,6300000
Washington DC,2024-11-24,767868.2,13821.63,155223.5,5277.6,585030.9,7020.37,350333.7,3853.67,576274.4,5186.47,372023.5,2604.16,73440.5,5875.24,298295.9,0.3175,0.7257,0.985,0.0,12484.72,21.1767,6300000
Washington DC,2024-12-01,845005.1,15210.09,154707.8,5260.06,559304.6,6711.66,412058.6,4532.64,594879.6,5353.92,380296.4,2662.07,59299.6,4743.97,341425.1,0.309,0.7946,0.988,0.0,12207.83,21.2424,6300000
Washington DC,2024-12-08,655705.9,11802.71,184158.7,6261.4,583255.1,6999.06,378218.5,4160.4,516688.6,4650.2,461775.6,3232.43,60059.6,4804.77,345090.9,0.3044,0.7253,0.9571,1.0,15662.14,20.5784,6300000
Washington DC,2024-12-15,829008.6,14922.16,186947.0,6356.2,453386.9,5440.64,442272.4,4865.0,469375.2,4224.38,470415.1,3292.91,52753.4,4220.28,286938.1,0.302,0.7744,1.0117,0.0,11612.59,21.7521,6300000
Washington DC,2024-12-22,726179.9,13071.24,138523.6,4709.8,524250.9,6291.01,427400.6,4701.41,447935.7,4031.42,419388.3,2935.72,58441.5,4675.32,321300.0,0.3008,0.7146,1.0111,0.0,11776.62,21.7377,6300000
Washington DC,2024-12-29,739678.4,13314.21,176307.9,5994.47,497325.2,5967.9,415420.3,4569.62,458070.6,4122.64,444766.8,3113.37,54845.9,4387.67,359303.9,0.3003,0.7256,0.9954,0.0,13391.89,21.402,6300000
Washington DC,2025-01-05,727124.4,13088.24,187853.5,6387.02,474256.1,5691.07,339102.9,3730.13,509628.6,4586.66,378870.2,2652.09,61983.0,4958.64,317492.4,0.3055,0.7769,0.9827,0.0,11834.87,21.1288,6300000
Washington DC,2025-01-12,596882.3,10743.88,153967.5,5234.9,496324.9,5955.9,439825.0,4838.07,520839.3,4687.55,428213.4,2997.49,58087.6,4647.0,322313.0,0.3107,0.7577,1.0082,0.0,12766.21,21.6755,6300000
Washington DC,2025-01-19,750167.5,13503.01,195426.7,6644.51,532844.9,6394.14,450153.3,4951.69,574118.7,5167.07,344422.1,2410.95,69981.4,5598.51,308232.6,0.3197,0.9172,1.0106,0.0,13206.89,21.729,6300000
Washington DC,2025-01-26,730199.7,13143.59,154724.7,5260.64,482109.2,5785.31,464114.0,5105.25,639104.0,5751.94,457034.0,3199.24,73227.1,5858.17,311791.9,0.3346,0.891,0.9864,0.0,12460.95,21.2083,6300000
Washington DC,2025-02-02,836962.2,15065.32,172019.1,5848.65,599763.6,7197.16,391028.9,4301.32,508700.0,4578.3,359193.7,2514.36,64828.3,5186.27,321732.4,0.3579,0.9714,0.9917,0.0,12269.44,21.3206,6300000
Washington DC,2025-02-09,875063.8,15751.15,150751.3,5125.55,501738.4,6020.86,414704.7,4561.75,672813.5,6055.32,341686.8,2391.81,69069.3,5525.55,351920.1,0.3925,0.9165,1.0021,0.0,14146.79,21.545,6300000
Washington DC,2025-02-16,863670.1,15546.06,211418.1,7188.22,489233.3,5870.8,504946.5,5554.41,668244.0,6014.2,476724.3,3337.07,70271.1,5621.69,423268.3,0.4409,0.8359,0.987,0.0,15418.71,21.2201,6300000
Washington DC,2025-02-23,867052.2,15606.94,204158.9,6941.4,578732.2,6944.79,489864.3,5388.51,634311.8,5708.81,395301.0,2767.11,69357.6,5548.61,407663.0,0.5044,0.9103,1.0011,0.0,15517.57,21.523,6300000
Washington DC,2025-03-02,1032067.2,18577.21,204201.1,6942.84,525315.0,6303.78,562213.2,6184.34,736680.8,6630.13,347078.2,2429.55,89069.1,7125.53,432844.0,0.5829,0.9322,1.0114,0.0,16968.62,21.7447,6300000
Washington DC,2025-03-09,1053014.8,18954.27,224021.2,7616.72,684549.2,8214.59,486997.6,5356.97,650758.3,5856.82,470996.9,3296.98,79192.7,6335.41,521465.8,0.6731,1.3394,0.9955,0.0,17655.09,21.4042,6300000
Washington DC,2025-03-16,1156567.3,20818.21,209398.4,7119.54,620118.9,7441.43,535085.1,5885.94,864211.0,7777.9,456642.2,3196.5,90429.9,7234.39,459837.7,0.7691,1.1671,1.0104,0.0,18139.76,21.723,6300000
Washington DC,2025-03-23,1229161.1,22124.9,240329.0,8171.19,715356.6,8584.28,589957.6,6489.53,886481.2,7978.33,441070.3,3087.49,77375.1,6190.01,560231.9,0.8623,1.3813,0.9822,0.0,19513.79,21.1166,6300000
Washington DC,2025-03-30,1156259.5,20812.67,296912.7,10095.03,708829.3,8505.95,700485.8,7705.34,946520.4,8518.68,499027.1,3493.19,107465.8,8597.26,662687.6,0.9425,1.2354,0.9529,1.0,25887.73,20.4878,6300000
Washington DC,2025-04-06,1153762.3,20767.72,311599.5,10594.38,825849.9,9910.2,730609.2,8036.7,943124.9,8488.12,433308.5,3033.16,107404.5,8592.36,701815.5,0.9998,1.7174,1.0087,0.0,22870.18,21.6872,6300000
Washington DC,2025-04-13,1247707.5,22458.73,270734.9,9204.99,691253.1,8295.04,596093.3,6557.03,823578.3,7412.2,523631.9,3665.42,96274.8,7701.98,591243.6,1.0266,1.75,0.9998,0.0,20744.2,21.4948,6300000
Washington DC,2025-04-20,1183816.0,21308.69,255234.9,8677.99,718406.9,8620.88,705863.7,7764.5,847701.7,7629.32,413036.5,2891.26,109004.8,8720.38,651373.8,1.0192,1.6294,1.0173,0.0,21983.31,21.8718,6300000
Washington DC,2025-04-27,967510.1,17415.18,253601.0,8622.43,810984.6,9731.82,576094.7,6337.04,819195.8,7372.76,522950.7,3660.65,80175.5,6414.04,575487.5,0.9786,1.5937,0.9982,0.0,21188.85,21.4621,6300000
Washington DC,2025-05-04,1288872.0,23199.7,215972.5,7343.07,704644.4,8455.73,526133.9,5787.47,899214.5,8092.93,509485.1,3566.4,86250.0,6900.0,549039.3,0.9104,1.5304,0.9828,0.0,20575.71,21.131,6300000
Washington DC,2025-05-11,856411.5,15415.41,198427.4,6746.53,651480.4,7817.77,512696.1,5639.66,789140.4,7102.26,497677.5,3483.74,89562.4,7165.0,601537.2,0.8234,1.2257,1.0014,0.0,19577.15,21.5305,6300000
Washington DC,2025-05-18,890750.2,16033.5,209885.8,7136.12,612691.2,7352.29,542388.8,5966.28,771542.4,6943.88,499641.5,3497.49,81144.1,6491.53,555276.8,0.7278,1.3449,1.0105,0.0,18428.59,21.7249,6300000
Washington DC,2025-05-25,842752.8,15169.55,199639.5,6787.74,611988.4,7343.86,536199.8,5898.2,688885.3,6199.97,488622.9,3420.36,92475.2,7398.02,417135.0,0.6334,1.0742,0.9905,0.0,17711.74,21.2949,6300000
Washington DC,2025-06-01,956536.3,17217.65,202259.8,6876.83,611855.7,7342.27,570115.8,6271.27,569974.0,5129.77,350679.9,2454.76,72111.8,5768.95,452788.6,0.5479,0.9424,0.9901,0.0,18329.23,21.2882,6300000
Washington DC,2025-06-08,782690.0,14088.42,168677.0,5735.02,533447.3,6401.37,393177.8,4324.96,645362.6,5808.26,368241.3,2577.69,58973.1,4717.85,418134.0,0.4761,1.0026,1.001,0.0,14137.42,21.5225,6300000
Washington DC,2025-06-15,726297.1,13073.35,210301.3,7150.25,471280.5,5655.37,369402.1,4063.42,573540.4,5161.86,483248.6,3382.74,66151.0,5292.08,354527.5,0.4203,0.9873,1.0013,0.0,13563.08,21.5287,6300000
Washington DC,2025-06-22,786533.1,14157.6,176880.4,6013.94,473168.8,5678.03,464362.8,5107.99,635876.2,5722.89,400046.2,2800.32,76082.4,6086.59,374848.5,0.3805,0.8023,1.003,0.0,14563.11,21.5646,6300000
Washington DC,2025-06-29,707249.7,12730.49,178020.3,6052.69,470933.1,5651.2,389761.6,4287.38,565442.1,5088.98,402277.6,2815.94,53555.8,4284.46,331611.5,0.3557,0.9729,1.0158,0.0,12405.86,21.8399,6300000
Washington DC,2025-07-06,804726.8,14485.08,201413.5,6848.06,472860.1,5674.32,485926.6,5345.19,552704.9,4974.34,388716.3,2721.01,71082.8,5686.62,349877.4,0.3448,0.7276,1.0104,0.0,13050.3,21.7232,6300000
Washington DC,2025-07-13,626370.3,11274.67,183164.6,6227.6,432292.3,5187.51,454420.6,4998.63,580855.5,5227.7,474071.5,3318.5,67850.3,5428.02,355672.1,0.3473,0.7668,1.0151,0.0,12993.33,21.8248,6300000
Washington DC,2025-07-20,757128.7,13628.32,167454.3,5693.44,568571.8,6822.86,394388.0,4338.27,644398.9,5799.59,473532.7,3314.73,66535.9,5322.87,358368.5,0.3631,0.7672,1.0167,0.0,14473.51,21.8592,6300000
Washington DC,2025-07-27,823637.7,14825.48,150756.9,5125.73,613348.4,7360.18,464131.0,5105.44,509473.5,4585.26,393426.3,2753.98,61222.5,4897.8,390668.6,0.3928,0.8488,0.9944,0.0,15221.77,21.379,6300000
Washington DC,2025-08-03,881972.2,15875.5,217137.5,7382.68,652967.6,7835.61,441999.1,4861.99,520182.9,4681.65,400601.4,2804.21,59380.7,4750.46,383267.6,0.4363,1.0148,1.0081,0.0,14807.06,21.6744,6300000
Washington DC,2025-08-10,943450.8,16982.12,227470.4,7733.99,694015.6,8328.19,549442.6,6043.87,553947.1,4985.52,415321.1,2907.25,75495.6,6039.65,470726.4,0.492,0.9524,1.0124,0.0,15682.95,21.7664,6300000
Washington DC,2025-08-17,781655.7,14069.8,216405.4,7357.78,647240.4,7766.88,446420.8,4910.63,746196.6,6715.77,440071.1,3080.5,70597.5,5647.8,400548.3,0.5559,0.9487,0.9342,1.0,18139.52,20.0861,6300000
Washington DC,2025-08-24,969369.8,17448.66,227495.6,7734.85,531978.5,6383.74,554889.0,6103.78,756773.8,6810.96,396324.0,2774.27,78064.6,6245.17,456360.0,0.621,1.2329,0.9381,1.0,18720.31,20.1681,6300000
Washington DC,2025-08-31,1027394.3,18493.1,260238.4,8848.1,581575.1,6978.9,444859.2,4893.45,586384.6,5277.46,503360.1,3523.52,89165.6,7133.25,497811.3,0.6785,1.2382,0.9923,0.0,17067.65,21.334,6300000
Washington DC,2025-09-07,1035908.2,18646.35,239002.2,8126.07,624116.4,7489.4,572095.0,6293.05,861193.5,7750.74,422932.8,2960.53,92882.5,7430.6,499757.1,0.7194,1.202,1.0101,0.0,17838.0,21.718,6300000
Washington DC,2025-09-14,917444.4,16514.0,246761.0,8389.87,602599.1,7231.19,605056.6,6655.62,689857.2,6208.71,472063.3,3304.44,83670.3,6693.62,541309.8,0.7365,1.0586,1.0156,0.0,18938.89,21.8353,6300000
Washington DC,2025-09-21,1107718.2,19938.93,261654.1,8896.24,686847.8,8242.17,591568.7,6507.26,664855.2,5983.7,359262.3,2514.84,79277.0,6342.16,468574.2,0.7269,1.2262,0.9915,0.0,18414.18,21.317,6300000
Washington DC,2025-09-28,1091222.7,19642.01,245547.3,8348.61,750363.7,9004.36,604270.1,6646.97,759042.5,6831.38,418889.4,2932.23,82479.1,6598.33,489165.9,0.6922,1.326,1.0196,0.0,17480.42,21.9212,6300000
Washington DC,2025-10-05,798236.4,14368.26,243187.9,8268.39,575251.5,6903.02,484290.3,5327.19,578563.9,5207.08,362006.4,2534.04,68306.4,5464.52,454648.7,0.6384,1.3043,0.9957,0.0,17056.99,21.408,6300000
Washington DC,2025-10-12,760880.0,13695.84,197329.9,6709.22,650071.5,7800.86,460839.2,5069.23,593776.2,5343.99,386042.8,2702.3,70130.2,5610.42,405141.7,0.5744,1.1037,1.0089,0.0,16713.96,21.6912,6300000
Washington DC,2025-10-19,733254.3,13198.58,178874.9,6081.75,506511.3,6078.14,541194.6,5953.14,730297.1,6572.67,391230.9,2738.62,83415.1,6673.21,415002.1,0.509,1.014,1.0133,0.0,14912.57,21.7855,6300000
Washington DC,2025-10-26,778478.0,14012.6,158874.5,5401.73,597867.1,7174.4,423402.5,4657.43,516850.0,4651.65,344554.8,2411.88,74687.1,5974.97,393208.5,0.4495,1.0456,1.0179,0.0,14195.29,21.8856,6300000
Washington DC,2025-11-02,664546.6,11961.84,191031.3,6495.06,644007.9,7728.09,509625.8,5605.88,682285.1,6140.57,403918.8,2827.43,67930.6,5434.45,361924.0,0.4005,1.0222,1.0059,0.0,13786.0,21.6274,6300000
Washington DC,2025-11-09,715215.1,12873.87,181463.0,6169.74,578668.0,6944.02,360709.8,3967.81,636383.4,5727.45,348174.2,2437.22,60753.0,4860.24,332244.7,0.3635,0.8574,0.9868,0.0,13515.82,21.2153,6300000
Washington DC,2025-11-16,795272.0,14314.9,173869.4,5911.56,551229.3,6614.75,395377.5,4349.15,600716.9,5406.45,384416.7,2690.92,63082.2,5046.57,341729.4,0.3376,0.8079,1.0074,0.0,12707.49,21.6596,6300000
Washington DC,2025-11-23,750054.9,13500.99,186776.2,6350.39,572798.5,6873.58,354964.9,3904.61,461022.9,4149.21,458024.4,3206.17,54285.4,4342.83,367158.1,0.321,0.7228,0.9941,0.0,13115.8,21.373,6300000
Washington DC,2025-11-30,791984.3,14255.72,154051.8,5237.76,600991.2,7211.89,409496.6,4504.46,625571.6,5630.14,365502.7,2558.52,68777.6,5502.21,333190.0,0.311,0.9069,1.0074,0.0,13803.3,21.6592,6300000
Washington DC,2025-12-07,731215.8,13161.88,167266.7,5687.07,458149.9,5497.8,397688.4,4374.57,508224.1,4574.02,348773.8,2441.42,69023.5,5521.88,341431.8,0.3054,0.7886,1.0156,0.0,13132.81,21.8355,6300000
Washington DC,2025-12-14,849756.2,15295.61,172910.5,5878.96,499288.2,5991.46,352293.4,3875.23,511105.0,4599.94,381865.8,2673.06,71030.0,5682.4,305588.9,0.3025,0.6962,1.0041,0.0,13207.28,21.5873,6300000
Washington DC,2025-12-21,617050.8,11106.91,153126.4,5206.3,580649.0,6967.79,415920.4,4575.12,543988.4,4895.9,443748.4,3106.24,69150.7,5532.06,323891.6,0.3011,0.7533,0.9929,0.0,13032.97,21.3468,6300000
Philadelphia,2023-01-01,791429.1,14245.72,141614.3,4814.89,602852.2,7234.23,403563.5,4439.2,472008.8,4248.08,394138.7,2758.97,67033.5,5362.68,351641.6,0.3036,0.8879,1.0151,0.0,10682.19,21.824,6200000
Philadelphia,2023-01-08,597738.5,10759.29,159773.2,5432.29,507452.9,6089.44,307319.5,3380.51,453419.2,4080.77,442038.1,3094.27,51622.7,4129.82,341229.0,0.3072,0.8012,0.9364,1.0,14221.8,20.1316,6200000
Philadelphia,2023-01-15,689111.6,12404.01,144803.1,4923.3,460407.0,5524.88,377875.9,4156.64,549915.4,4949.24,460804.0,3225.63,60593.1,4847.45,362859.4,0.3137,0.844,1.0072,0.0,12987.44,21.6539,6200000
Philadelphia,2023-01-22,618298.5,11129.37,186932.0,6355.69,576022.6,6912.27,431553.4,4747.09,596420.9,5367.79,398882.5,2792.18,70600.5,5648.04,318017.3,0.3247,0.8388,0.9927,0.0,11360.95,21.3427,6200000
Philadelphia,2023-01-29,814887.4,14667.97,185188.9,6296.42,563086.2,6757.03,332248.0,3654.73,573655.3,5162.9,409639.3,2867.47,70437.6,5635.0,339172.3,0.3425,0.7518,1.0018,0.0,12728.68,21.5391,6200000
Philadelphia,2023-02-05,749463.1,13490.34,161797.7,5501.12,541167.8,6494.01,444989.1,4894.88,612151.4,5509.36,448587.4,3140.11,56640.7,4531.25,347987.1,0.3698,0.9959,1.0005,0.0,13568.13,21.5116,6200000
Philadelphia,2023-02-12,891097.8,16039.76,207068.6,7040.33,549482.0,6593.78,448446.6,4932.91,616033.3,5544.3,386803.1,2707.62,57385.9,4590.87,345232.0,0.4093,0.9722,0.99,0.0,13966.75,21.2855,6200000
Philadelphia,2023-02-19,732853.7,13191.37,188157.3,6397.35,543539.6,6522.48,382534.4,4207.88,656379.4,5907.42,436527.5,3055.69,76131.0,6090.48,364770.3,0.463,0.8576,1.0061,0.0,14352.01,21.6317,6200000
Philadelphia,2023-02-26,835112.3,15032.02,202063.8,6870.17,649837.3,7798.05,369859.3,4068.45,581214.5,5230.93,349669.9,2447.69,83379.6,6670.37,457539.6,0.5318,1.0891,0.9831,0.0,14822.08,21.1357,6200000
Philadelphia,2023-03-05,1033053.0,18594.95,199691.6,6789.51,672964.5,8075.57,452766.0,4980.43,607205.6,5464.85,369256.0,2584.79,86283.4,6902.67,496153.0,0.6142,1.1004,1.0026,0.0,17029.01,21.5549,6200000
Philadelphia,2023-03-12,914949.8,16469.1,228372.8,7764.67,733198.1,8798.38,583481.0,6418.29,646022.1,5814.2,461619.0,3231.33,83812.2,6704.98,579710.4,0.706,1.0607,0.9907,0.0,18768.54,21.3003,6200000
Philadelphia,2023-03-19,888575.7,15994.36,241244.2,8202.3,786072.3,9432.87,580646.9,6387.12,733393.9,6600.55,366986.5,2568.91,82634.6,6610.77,551414.3,0.8002,1.3588,0.9883,0.0,19972.37,21.2488,6200000
Philadelphia,2023-03-26,1063453.4,19142.16,212933.8,7239.75,775932.7,9311.19,489785.6,5387.64,822404.2,7401.64,462918.5,3240.43,101891.2,8151.3,541241.6,0.8873,1.5788,0.981,0.0,20818.93,21.0923,6200000
Philadelphia,2023-04-02,1280155.6,23042.8,213939.0,7273.93,796971.2,9563.65,532253.5,5854.79,985108.6,8865.98,508629.1,3560.4,102656.3,8212.5,661749.5,0.9574,1.5996,1.0102,0.0,21334.66,21.719,6200000
Philadelphia,2023-04-09,1249315.2,22487.67,229176.4,7792.0,777306.4,9327.68,591894.1,6510.84,999077.6,8991.7,490314.3,3432.2,94643.6,7571.49,595613.5,1.0016,1.2825,1.0048,0.0,21468.78,21.6028,6200000
Philadelphia,2023-04-16,1239329.9,22307.94,267721.2,9102.52,791300.1,9495.6,629443.5,6923.88,924471.8,8320.25,408456.2,2859.19,110239.0,8819.12,544732.9,1.0137,1.5419,0.9512,1.0,24203.81,20.4503,6200000
Philadelphia,2023-04-23,1058023.0,19044.41,298482.4,10148.4,957319.4,11487.83,495632.6,5451.96,903449.2,8131.04,449646.3,3147.52,91611.4,7328.91,601285.4,0.992,1.6474,0.9803,0.0,21261.12,21.0759,6200000
Philadelphia,2023-04-30,1212209.4,21819.77,226752.7,7709.59,821175.9,9854.11,599089.4,6589.98,880334.4,7923.01,461937.2,3233.56,97059.8,7764.79,550996.5,0.9397,1.5034,0.9967,0.0,21086.91,21.4282,6200000
Philadelphia,2023-05-07,1109625.4,19973.26,207509.5,7055.32,746237.6,8954.85,469943.7,5169.38,772365.9,6951.29,480765.2,3365.36,93122.4,7449.79,567710.2,0.8637,1.2787,1.0111,0.0,21313.25,21.7382,6200000
Philadelphia,2023-05-14,1002119.3,18038.15,269528.8,9163.98,830407.9,9964.89,469976.8,5169.74,754412.0,6789.71,471531.9,3300.72,97896.5,7831.72,498254.3,0.7736,1.2022,0.9973,0.0,19139.45,21.4427,6200000
Philadelphia,2023-05-21,949759.9,17095.68,257773.3,8764.29,680996.0,8171.95,415884.6,4574.73,670038.6,6030.35,376714.0,2637.0,69908.1,5592.65,530591.9,0.6793,1.3469,0.9808,0.0,17278.28,21.0863,6200000
Philadelphia,2023-05-28,998170.4,17967.07,213335.6,7253.41,661154.8,7933.86,380273.1,4183.0,605406.7,5448.66,379905.8,2659.34,63147.3,5051.78,416748.3,0.5897,1.2448,1.0102,0.0,14083.03,21.7193,6200000
Philadelphia,2023-06-04,954084.8,17173.53,180442.6,6135.05,695186.2,8342.23,412954.9,4542.5,608675.4,5478.08,439877.4,3079.14,75467.8,6037.43,428367.0,0.5111,0.981,0.9999,0.0,15601.12,21.4989,6200000
Philadelphia,2023-06-11,890387.3,16026.97,167627.6,5699.34,488063.0,5856.76,465069.3,5115.76,556399.7,5007.6,404404.0,2830.83,61383.8,4910.71,422724.2,0.4473,0.9751,1.0125,0.0,14885.08,21.7688,6200000
Philadelphia,2023-06-18,879804.4,15836.48,167400.5,5691.62,501613.8,6019.37,448956.4,4938.52,498868.0,4489.81,387922.3,2715.46,60157.3,4812.59,335023.1,0.3994,0.8921,1.0113,0.0,12876.22,21.7439,6200000
Philadelphia,2023-06-25,710554.7,12789.99,158279.3,5381.5,548879.4,6586.55,432973.5,4762.71,617920.8,5561.29,369056.8,2583.4,61942.8,4955.43,344226.5,0.3668,0.7479,1.0023,0.0,13243.45,21.5484,6200000
Philadelphia,2023-07-02,754708.1,13584.75,200446.2,6815.17,599904.2,7198.85,393631.2,4329.94,487831.0,4390.48,435323.4,3047.26,70657.7,5652.62,326923.1,0.3485,0.8176,0.9548,1.0,14342.46,20.5274,6200000
Philadelphia,2023-07-09,861198.4,15501.57,155214.0,5277.28,612493.9,7349.93,327592.3,3603.52,543844.0,4894.6,430693.5,3014.85,71432.3,5714.58,357076.9,0.3434,0.7559,0.9376,1.0,14713.25,20.1587,6200000
Philadelphia,2023-07-16,727837.6,13101.08,170073.0,5782.48,581055.9,6972.67,319992.6,3519.92,599868.3,5398.81,411951.8,2883.66,57699.2,4615.93,332907.1,0.3514,0.8472,0.9947,0.0,13254.89,21.3858,6200000
Philadelphia,2023-07-23,626653.6,11279.77,176928.5,6015.57,589127.4,7069.53,360353.2,3963.89,609437.7,5484.94,369735.2,2588.15,64470.6,5157.64,333238.9,0.3727,0.9311,0.9853,0.0,13165.02,21.1836,6200000
Philadelphia,2023-07-30,883807.4,15908.53,206441.4,7019.01,543715.5,6524.59,439669.0,4836.36,517438.1,4656.94,375383.7,2627.69,67859.4,5428.75,375041.9,0.4077,0.9351,0.9814,0.0,14419.33,21.1011,6200000
Philadelphia,2023-08-06,672103.8,12097.87,204099.2,6939.37,567075.8,6804.91,385752.6,4243.28,528229.3,4754.06,367716.8,2574.02,73763.3,5901.06,415042.8,0.4558,0.9322,0.9832,0.0,15554.23,21.1392,6200000
Philadelphia,2023-08-13,897538.1,16155.69,195432.1,6644.69,712800.7,8553.61,478355.2,5261.91,565118.8,5086.07,374753.8,2623.28,59042.4,4723.4,408480.5,0.5145,1.0828,1.0144,0.0,14073.8,21.8093,6200000
Philadelphia,2023-08-20,847208.8,15249.76,182420.3,6202.29,686413.1,8236.96,401960.8,4421.57,575737.9,5181.64,357996.0,2505.97,76592.4,6127.39,426911.2,0.5786,1.1929,0.9959,0.0,15033.94,21.4114,6200000
Philadelphia,2023-08-27,946754.4,17041.58,220316.2,7490.75,726941.4,8723.3,396948.2,4366.43,653070.1,5877.63,430788.4,3015.52,67091.4,5367.31,431820.3,0.6404,1.0947,1.0041,0.0,15286.44,21.5887,6200000
Philadelphia,2023-09-03,845366.9,15216.61,248692.9,8455.56,755731.4,9068.78,492973.3,5422.71,767568.3,6908.11,402887.1,2820.21,84614.5,6769.16,480424.0,0.6909,1.1348,0.9338,1.0,19447.74,20.077,6200000
Philadelphia,2023-09-10,906475.6,16316.56,211354.4,7186.05,752149.2,9025.79,544506.1,5989.57,780733.2,7026.6,359377.5,2515.64,88278.3,7062.26,492619.6,0.7216,1.3466,0.986,0.0,16997.98,21.1987,6200000
Philadelphia,2023-09-17,981498.4,17666.97,244810.8,8323.57,605880.5,7270.57,415657.3,4572.23,708218.5,6373.97,352422.1,2466.95,70749.4,5659.95,501259.1,0.7273,1.075,1.0014,0.0,17222.36,21.5296,6200000
Philadelphia,2023-09-24,794051.7,14292.93,242333.2,8239.33,738083.8,8857.01,583039.0,6413.43,638711.4,5748.4,447663.6,3133.65,83586.3,6686.9,542184.4,0.7068,1.3368,0.9966,0.0,18252.47,21.4278,6200000
Philadelphia,2023-10-01,818352.4,14730.34,193828.7,6590.18,701427.9,8417.14,451625.4,4967.88,725911.6,6533.2,387465.4,2712.26,65312.1,5224.97,490803.7,0.6639,1.0373,1.0012,0.0,16777.88,21.5265,6200000
Philadelphia,2023-10-08,1047058.0,18847.04,215546.8,7328.59,593792.3,7125.51,544340.9,5987.75,644367.9,5799.31,352336.3,2466.35,70597.5,5647.8,436240.1,0.6057,1.2502,1.0062,0.0,15178.2,21.6332,6200000
Philadelphia,2023-10-15,856819.5,15422.75,201061.4,6836.09,675114.2,8101.37,391097.6,4302.07,634469.4,5710.22,398683.6,2790.79,80286.9,6422.95,377061.3,0.5413,0.9619,0.9846,0.0,16051.36,21.1698,6200000
Philadelphia,2023-10-22,824517.2,14841.31,210173.2,7145.89,688266.8,8259.2,433783.2,4771.61,573644.4,5162.8,465013.5,3255.09,79070.2,6325.61,335295.0,0.4789,0.9061,1.0046,0.0,14301.15,21.5981,6200000
Philadelphia,2023-10-29,887858.9,15981.46,171585.8,5833.92,642447.6,7709.37,338567.7,3724.24,688102.3,6192.92,374078.7,2618.55,74311.4,5944.91,347358.7,0.4246,0.8368,0.9893,0.0,13303.98,21.2691,6200000
Philadelphia,2023-11-05,688986.6,12401.76,151247.2,5142.41,608951.0,7307.41,461452.9,5075.98,630619.0,5675.57,451101.8,3157.71,55019.8,4401.58,385476.7,0.3816,0.7693,0.9542,1.0,16247.59,20.5144,6200000
Philadelphia,2023-11-12,786774.5,14161.94,149214.1,5073.28,592798.8,7113.59,434663.9,4781.3,485111.5,4366.0,340754.1,2385.28,55701.9,4456.15,310108.3,0.3501,0.8045,1.0088,0.0,11534.44,21.6884,6200000
Philadelphia,2023-11-19,850308.0,15305.54,177228.8,6025.78,624234.1,7490.81,443702.5,4880.73,459921.3,4139.29,425136.7,2975.96,58022.9,4641.83,341971.6,0.3289,0.8083,0.9321,1.0,13642.01,20.0407,6200000
Philadelphia,2023-11-26,726361.4,13074.51,183436.4,6236.84,510124.6,6121.49,392195.7,4314.15,620977.1,5588.79,409916.3,2869.41,66489.5,5319.16,317563.9,0.3157,0.7639,1.0091,0.0,13285.32,21.695,6200000
Philadelphia,2023-12-03,821278.5,14783.01,153379.8,5214.91,445279.3,5343.35,352910.4,3882.01,512484.5,4612.36,352852.8,2469.97,63455.3,5076.43,347857.6,0.308,0.7601,1.0182,0.0,13236.93,21.8916,6200000
Philadelphia,2023-12-10,640340.0,11526.12,134991.6,4589.71,594705.4,7136.47,319526.7,3514.79,589269.5,5303.43,341494.9,2390.46,62517.4,5001.39,327601.1,0.3038,0.8847,1.0139,0.0,13354.95,21.7997,6200000
Philadelphia,2023-12-17,779477.3,14030.59,163330.5,5553.24,613882.8,7366.59,408782.9,4496.61,597021.5,5373.19,442791.8,3099.54,60307.2,4824.57,292121.2,0.3017,0.8815,0.9827,0.0,12556.11,21.1283,6200000
Philadelphia,2023-12-24,684293.6,12317.28,153076.3,5204.59,603633.7,7243.6,382364.0,4206.0,570739.1,5136.65,447196.1,3130.37,51633.8,4130.7,286260.1,0.3007,0.7269,1.0036,0.0,11980.87,21.5773,6200000
Philadelphia,2023-12-31,586305.8,10553.5,193415.4,6576.13,430899.8,5170.8,302096.6,3323.06,611972.9,5507.76,356900.4,2498.3,64841.9,5187.35,303202.5,0.3003,0.7742,0.9561,1.0,12693.7,20.5568,6200000
Philadelphia,2024-01-07,600829.5,10814.93,176431.9,5998.69,450103.9,5401.25,434671.2,4781.38,544754.1,4902.79,373926.7,2617.49,57060.4,4564.83,361674.6,0.3066,0.8457,0.9913,0.0,12417.77,21.3132,6200000
Philadelphia,2024-01-14,801274.0,14422.93,178531.9,6070.08,472658.7,5671.9,308287.3,3391.16,503798.2,4534.18,384028.6,2688.2,52552.6,4204.21,347959.1,0.3125,0.8977,0.9936,0.0,11839.68,21.3621,6200000
Philadelphia,2024-01-21,764522.3,13761.4,141970.5,4827.0,452119.4,5425.43,325613.6,3581.75,459579.2,4136.21,453629.2,3175.4,56510.6,4520.84,352171.0,0.3228,0.9121,0.9501,1.0,15005.69,20.4277,6200000
Philadelphia,2024-01-28,627967.1,11303.41,196319.9,6674.88,582816.5,6993.8,399725.4,4396.98,561301.8,5051.72,367647.3,2573.53,52772.4,4221.79,397059.7,0.3395,0.7883,1.014,0.0,13549.67,21.8006,6200000
Philadelphia,2024-02-04,769674.0,13854.13,202515.5,6885.53,627010.2,7524.12,366518.0,4031.7,495151.8,4456.37,391959.1,2743.71,67003.3,5360.26,363811.3,0.3653,0.8613,1.0059,0.0,13406.63,21.6264,6200000
Philadelphia,2024-02-11,903194.1,16257.49,161675.9,5496.98,656269.9,7875.24,458795.7,5046.75,610035.3,5490.32,388134.9,2716.94,68799.6,5503.97,368700.8,0.4028,0.8502,0.9878,0.0,13841.7,21.2374,6200000
Philadelphia,2024-02-18,680893.0,12256.07,178340.0,6063.56,636643.1,7639.72,365138.8,4016.53,702897.5,6326.08,425396.0,2977.77,69298.3,5543.87,349529.5,0.4544,0.8887,1.0091,0.0,15015.43,21.6967,6200000
Philadelphia,2024-02-25,788108.6,14185.95,200421.7,6814.34,634074.6,7608.9,494966.1,5444.63,642438.8,5781.95,345628.1,2419.4,82906.8,6632.54,410011.6,0.5211,0.976,1.007,0.0,15781.81,21.6514,6200000
Philadelphia,2024-03-03,907020.1,16326.36,232262.5,7896.92,618773.2,7425.28,473914.5,5213.06,730220.9,6571.99,440923.8,3086.47,79740.9,6379.27,426370.4,0.6017,1.26,1.0161,0.0,16762.95,21.8452,6200000
Philadelphia,2024-03-10,961626.1,17309.27,215176.5,7316.0,804791.7,9657.5,414430.6,4558.74,784340.0,7059.06,437286.9,3061.01,91787.0,7342.96,478749.0,0.6926,1.107,1.0062,0.0,18816.49,21.6336,6200000
Philadelphia,2024-03-17,1066152.6,19190.75,233750.3,7947.51,710433.9,8525.21,521906.8,5740.98,792541.4,7132.87,368161.9,2577.13,86813.3,6945.07,491752.3,0.7869,1.2851,0.9963,0.0,18462.78,21.4211,6200000
Philadelphia,2024-03-24,892694.0,16068.49,247761.5,8423.89,712462.2,8549.55,567488.5,6242.37,857813.9,7720.33,485229.1,3396.6,104721.2,8377.7,512322.7,0.8757,1.4575,0.9825,0.0,18843.46,21.1231,6200000
Philadelphia,2024-03-31,1250783.5,22514.1,302760.2,10293.85,839219.5,10070.63,630845.3,6939.3,869663.4,7826.97,479737.5,3358.16,100701.1,8056.09,580912.1,0.9488,1.6199,1.0024,0.0,20540.51,21.5511,6200000
Philadelphia,2024-04-07,1195806.1,21524.51,261848.3,8902.84,951894.5,11422.73,568524.7,6253.77,995250.8,8957.26,492040.5,3444.28,88846.3,7107.71,599964.6,0.9971,1.5516,1.0022,0.0,22061.48,21.548,6200000
Philadelphia,2024-04-14,1159029.3,20862.53,308822.9,10499.98,765598.7,9187.18,529030.8,5819.34,938784.8,8449.06,451284.6,3158.99,103709.8,8296.78,662089.1,1.014,1.5893,0.9921,0.0,22786.42,21.3301,6200000
Philadelphia,2024-04-21,1238560.0,22294.08,283830.7,9650.24,979189.6,11750.27,535407.9,5889.49,763869.2,6874.82,457275.6,3200.93,88618.2,7089.46,605387.3,0.9971,1.4369,1.0021,0.0,19893.96,21.5448,6200000
Philadelphia,2024-04-28,1132568.1,20386.22,222477.6,7564.24,843727.8,10124.73,637269.8,7009.97,799434.6,7194.91,449436.3,3146.05,87664.8,7013.19,537757.2,0.9488,1.4896,0.9581,1.0,24197.68,20.5981,6200000
Philadelphia,2024-05-05,1075720.3,19362.96,238502.9,8109.1,717908.0,8614.9,615989.5,6775.88,724991.4,6524.92,414089.1,2898.62,100574.6,8045.97,547425.9,0.8757,1.4655,0.9942,0.0,19469.45,21.3763,6200000
Philadelphia,2024-05-12,983005.4,17694.1,211171.4,7179.83,661439.9,7937.28,572079.9,6292.88,719679.5,6477.12,363327.8,2543.29,84602.1,6768.17,588739.4,0.7869,1.261,0.9924,0.0,19133.34,21.3365,6200000
Philadelphia,2024-05-19,1066339.5,19194.11,193726.0,6586.68,576872.5,6922.47,578011.4,6358.13,736047.6,6624.43,406944.7,2848.61,73570.8,5885.66,500999.2,0.6926,1.3167,0.9822,0.0,18086.06,21.1183,6200000
Philadelphia,2024-05-26,978014.3,17604.26,224313.0,7626.64,669545.8,8034.55,460439.5,5064.83,669538.7,6025.85,407448.1,2852.14,80739.9,6459.19,433188.1,0.6019,1.0222,1.0095,0.0,17166.0,21.7048,6200000
Philadelphia,2024-06-02,807927.6,14542.7,224842.0,7644.63,513647.6,6163.77,395018.7,4345.21,622486.8,5602.38,386993.7,2708.96,76748.2,6139.86,437856.9,0.5215,1.1271,1.0009,0.0,15947.9,21.5196,6200000
Philadelphia,2024-06-09,861101.6,15499.83,171883.7,5844.05,662105.5,7945.27,352180.1,3873.98,686159.5,6175.44,382639.3,2678.48,58726.1,4698.09,437602.1,0.4555,0.8852,0.9625,1.0,16701.78,20.6947,6200000
Philadelphia,2024-06-16,740484.5,13328.72,187697.5,6381.72,550947.7,6611.37,399524.0,4394.76,516683.4,4650.15,369245.2,2584.72,60168.3,4813.46,350802.1,0.4053,0.8829,0.9942,0.0,14644.6,21.3762,6200000
Philadelphia,2024-06-23,804410.3,14479.39,155178.0,5276.05,470654.5,5647.85,383952.6,4223.48,589800.7,5308.21,443826.0,3106.78,62013.8,4961.11,379636.5,0.3705,0.9264,1.0069,0.0,13518.77,21.649,6200000
Philadelphia,2024-06-30,716195.2,12891.51,169767.7,5772.1,530898.1,6370.78,440078.0,4840.86,625356.0,5628.2,408502.6,2859.52,59983.0,4798.64,326451.9,0.3502,0.8955,0.953,1.0,14932.75,20.4903,6200000
Philadelphia,2024-07-07,743010.9,13374.2,158519.8,5389.67,550264.4,6603.17,378277.9,4161.06,504585.2,4541.27,344289.3,2410.03,67566.5,5405.32,349746.2,0.3433,0.8338,1.0175,0.0,12393.87,21.8759,6200000
Philadelphia,2024-07-14,720614.0,12971.05,178608.8,6072.7,517052.7,6204.63,383675.3,4220.43,481182.9,4330.65,382486.0,2677.4,65775.3,5262.02,365583.1,0.3494,0.9037,1.0051,0.0,13502.57,21.609,6200000
Philadelphia,2024-07-21,724900.2,13048.2,151052.7,5135.79,498979.8,5987.76,417918.7,4597.11,658740.7,5928.67,364733.9,2553.14,54159.7,4332.77,369689.3,0.3688,0.8867,1.0176,0.0,13266.52,21.8785,6200000
Philadelphia,2024-07-28,884244.0,15916.39,157213.0,5345.24,505365.5,6064.39,441068.5,4851.75,559033.6,5031.3,354853.6,2483.98,68662.3,5492.98,376572.8,0.4018,0.9599,0.9932,0.0,14215.73,21.3537,6200000
Philadelphia,2024-08-04,874269.2,15736.84,189445.0,6441.13,497614.6,5971.38,451405.2,4965.46,503411.4,4530.7,471520.9,3300.65,57604.3,4608.35,429457.7,0.4482,0.8735,1.0001,0.0,13800.19,21.502,6200000
Philadelphia,2024-08-11,815940.1,14686.92,181204.1,6160.94,650747.3,7808.97,411658.7,4528.25,527053.0,4743.48,354071.2,2478.5,72659.3,5812.74,409781.6,0.5057,0.9731,0.9814,0.0,15447.68,21.0994,6200000
Philadelphia,2024-08-18,731724.4,13171.04,228977.9,7785.25,550286.8,6603.44,463750.6,5101.26,601931.6,5417.38,401784.7,2812.49,73399.0,5871.92,455630.1,0.5694,1.006,1.0083,0.0,15768.35,21.6792,6200000
Philadelphia,2024-08-25,749774.4,13495.94,212953.6,7240.42,789904.1,9478.85,540242.2,5942.66,709248.2,6383.23,405259.4,2836.82,85430.8,6834.46,422189.0,0.6321,0.9684,0.9967,0.0,16859.83,21.4283,6200000
Philadelphia,2024-09-01,1013351.3,18240.32,212403.5,7221.72,759529.9,9114.36,516673.6,5683.41,748723.0,6738.51,359968.1,2519.78,65999.7,5279.98,498697.1,0.6847,1.0485,0.9953,0.0,18506.82,21.3982,6200000
Philadelphia,2024-09-08,919612.7,16553.03,241796.8,8221.09,690674.4,8288.09,426380.9,4690.19,784356.2,7059.21,389225.2,2724.58,95503.4,7640.27,450489.7,0.7187,1.2044,0.9891,0.0,17507.61,21.2651,6200000
Philadelphia,2024-09-15,842609.9,15166.98,226820.5,7711.9,799766.1,9597.19,575219.5,6327.41,629534.3,5665.81,472919.5,3310.44,93859.9,7508.8,506256.5,0.7281,1.1052,1.017,0.0,18946.94,21.8656,6200000
Philadelphia,2024-09-22,883728.1,15907.11,227311.1,7728.58,725305.6,8703.67,480994.2,5290.94,823867.4,7414.81,460825.2,3225.78,80860.6,6468.85,547280.5,0.7113,1.1881,0.9931,0.0,18832.32,21.3525,6200000
Philadelphia,2024-09-29,1011063.6,18199.14,252590.8,8588.09,772835.9,9274.03,566532.7,6231.86,715525.1,6439.73,368432.1,2579.02,92451.3,7396.1,461451.5,0.6711,1.2996,1.0093,0.0,17521.92,21.6991,6200000
Philadelphia,2024-10-06,1032402.3,18583.24,220580.3,7499.73,773799.4,9285.59,390978.4,4300.76,724656.7,6521.91,485729.4,3400.11,85112.7,6809.02,490435.3,0.6146,1.2589,0.9907,0.0,17049.44,21.3003,6200000
Philadelphia,2024-10-13,952304.9,17141.49,213753.4,7267.61,697025.9,8364.31,393682.3,4330.51,691919.7,6227.28,427647.7,2993.53,83285.1,6662.81,419633.3,0.5506,0.9513,1.0006,0.0,15852.02,21.5124,6200000
Philadelphia,2024-10-20,864925.7,15568.66,216037.7,7345.28,702997.2,8435.97,456851.6,5025.37,508168.5,4573.52,424952.8,2974.67,61305.7,4904.46,424458.4,0.4875,1.0057,1.0036,0.0,15251.29,21.5775,6200000
Philadelphia,2024-10-27,822191.1,14799.44,181186.5,6160.34,609322.0,7311.86,460196.6,5062.16,667348.9,6006.14,416980.4,2918.86,69300.5,5544.04,367216.9,0.4317,0.8062,0.993,0.0,15794.88,21.3498,6200000
Philadelphia,2024-11-03,791787.9,14252.18,200388.7,6813.21,605130.0,7261.56,391430.5,4305.74,671915.3,6047.24,402138.8,2814.97,64102.8,5128.23,326651.2,0.387,0.9424,1.0022,0.0,12472.24,21.5468,6200000
Philadelphia,2024-11-10,763930.9,13750.76,141817.6,4821.8,546037.2,6552.45,342681.8,3769.5,654186.1,5887.67,344615.4,2412.31,55956.3,4476.5,348666.6,0.3539,0.7568,1.0079,0.0,11657.17,21.6697,6200000
Philadelphia,2024-11-17,830660.6,14951.89,149282.0,5075.59,527479.7,6329.76,312730.5,3440.04,570517.8,5134.66,360847.5,2525.93,67937.5,5435.0,304169.4,0.3314,0.8856,0.9346,1.0,13022.41,20.0941,6200000
Philadelphia,2024-11-24,804631.5,14483.37,191866.3,6523.45,548874.6,6586.49,378199.4,4160.19,455372.0,4098.35,456043.3,3192.3,54941.3,4395.31,323775.3,0.3172,0.9148,0.9428,1.0,14529.12,20.2705,6200000
Philadelphia,2024-12-01,613724.9,11047.05,161909.0,5504.91,549994.8,6599.94,318931.8,3508.25,556915.5,5012.24,439864.8,3079.05,63564.2,5085.14,350920.4,0.3088,0.8065,1.019,0.0,13397.77,21.9079,6200000
Philadelphia,2024-12-08,742957.1,13373.23,138240.3,4700.17,445252.0,5343.02,399131.1,4390.44,565382.3,5088.44,435425.5,3047.98,52861.7,4228.94,329309.3,0.3043,0.8191,0.9881,0.0,11881.4,21.2447,6200000
Philadelphia,2024-12-15,778327.4,14009.89,175576.4,5969.6,498770.1,5985.24,393457.1,4328.03,554751.8,4992.77,337313.8,2361.2,55699.7,4455.97,293845.0,0.3019,0.7392,1.0055,0.0,11751.65,21.6186,6200000
Philadelphia,2024-12-22,661375.7,11904.76,145850.8,4958.93,551916.4,6623.0,321627.5,3537.9,554528.4,4990.76,335716.1,2350.01,61621.3,4929.7,302077.3,0.3008,0.7785,0.9498,1.0,14761.38,20.4213,6200000
Philadelphia,2024-12-29,830471.3,14948.48,158901.6,5402.65,537181.6,6446.18,350892.1,3859.81,547112.7,4924.01,375812.4,2630.69,62124.0,4969.92,340213.7,0.3003,0.9098,0.9821,0.0,12730.7,21.1145,6200000
Philadelphia,2025-01-05,718069.5,12925.25,139691.0,4749.49,611804.0,7341.65,435095.8,4786.05,600826.8,5407.44,338883.9,2372.19,63716.3,5097.31,330949.7,0.3054,0.8566,1.0159,0.0,13763.79,21.8419,6200000
Philadelphia,2025-01-12,791557.9,14248.04,171340.1,5825.56,481599.2,5779.19,387335.6,4260.69,513122.2,4618.1,326484.7,2285.39,63341.9,5067.35,361467.5,0.3105,0.7997,0.9418,1.0,15456.88,20.2487,6200000
Philadelphia,2025-01-19,783130.4,14096.35,160955.7,5472.5,477687.5,5732.25,318639.0,3505.03,481353.8,4332.18,381940.2,2673.58,50735.7,4058.85,313616.7,0.3193,0.8505,0.997,0.0,12081.59,21.4361,6200000
Philadelphia,2025-01-26,663210.9,11937.8,162544.5,5526.51,590175.3,7082.1,434637.6,4781.01,501311.8,4511.81,408065.3,2856.46,58237.7,4659.02,339142.7,0.3339,0.8434,1.0083,0.0,12936.5,21.6786,6200000
Philadelphia,2025-02-02,806310.2,14513.58,151384.7,5147.08,503273.9,6039.29,425417.3,4679.59,604643.0,5441.79,464587.5,3252.11,56661.4,4532.92,362423.6,0.3568,0.9455,1.0086,0.0,13510.97,21.6844,6200000
Philadelphia,2025-02-09,666956.1,12005.21,186953.6,6356.42,536572.8,6438.87,432150.3,4753.65,553513.4,4981.62,399051.1,2793.36,75470.7,6037.66,345300.9,0.3907,0.8894,0.9832,0.0,12888.15,21.1387,6200000
Philadelphia,2025-02-16,930729.9,16753.14,182046.0,6189.57,485525.7,5826.31,367041.1,4037.45,574046.1,5166.41,436429.0,3055.0,68825.9,5506.07,343337.2,0.4381,1.0017,1.0137,0.0,14709.95,21.7947,6200000
Philadelphia,2025-02-23,880634.1,15851.41,180868.3,6149.52,656924.9,7883.1,508463.2,5593.1,597291.2,5375.62,433909.1,3037.36,58258.7,4660.7,426398.0,0.5005,0.9352,0.9372,1.0,17317.48,20.1494,6200000
Philadelphia,2025-03-02,985575.0,17740.35,198075.1,6734.55,717337.0,8608.04,519806.0,5717.87,682000.1,6138.0,433768.4,3036.38,73267.6,5861.41,436143.9,0.5774,0.9345,1.0149,0.0,16161.44,21.8202,6200000
Philadelphia,2025-03-09,805719.6,14502.95,205375.6,6982.77,600422.6,7205.07,500057.3,5500.63,729855.4,6568.7,379110.1,2653.77,75534.8,6042.79,439264.3,0.6659,1.1602,0.9491,1.0,18159.46,20.4061,6200000
Philadelphia,2025-03-16,837309.2,15071.56,236836.5,8052.44,670167.4,8042.01,574369.6,6318.07,687694.8,6189.25,357390.9,2501.74,90010.2,7200.82,512661.7,0.7601,1.4318,1.0125,0.0,20124.57,21.768,6200000
Philadelphia,2025-03-23,1216895.8,21904.12,245248.2,8338.44,669125.8,8029.51,634741.6,6982.16,826720.3,7440.48,503204.3,3522.43,93564.0,7485.12,611687.1,0.8515,1.4604,0.9464,1.0,22944.28,20.3481,6200000
Philadelphia,2025-03-30,1004485.3,18080.74,269066.6,9148.26,738457.0,8861.48,531739.9,5849.14,880292.8,7922.63,458805.3,3211.64,91756.6,7340.53,628416.7,0.9301,1.4491,0.9905,0.0,21534.58,21.2949,6200000
Philadelphia,2025-04-06,1200951.0,21617.12,290493.1,9876.77,777476.7,9329.72,510249.2,5612.74,992022.2,8928.2,424460.3,2971.22,79402.3,6352.18,636856.6,0.9863,1.497,0.9949,0.0,20857.44,21.391,6200000
Philadelphia,2025-04-13,1247176.6,22449.18,303687.6,10325.38,780963.2,9371.56,672684.9,7399.53,826007.0,7434.06,447491.9,3132.44,83637.4,6690.99,544096.4,1.0126,1.421,0.987,0.0,20400.02,21.2211,6200000
Philadelphia,2025-04-20,1284504.9,23121.09,218465.6,7427.83,913297.0,10959.56,655230.2,7207.53,727755.5,6549.8,430399.7,3012.8,107788.8,8623.11,562685.6,1.0053,1.305,1.0155,0.0,22031.15,21.8338,6200000
Philadelphia,2025-04-27,1227580.3,22096.44,298571.7,10151.44,835833.7,10030.0,550999.9,6061.0,970953.0,8738.58,436077.3,3052.54,101002.1,8080.17,609373.7,0.9655,1.3918,1.0167,0.0,21211.78,21.8586,6200000
Philadelphia,2025-05-04,1167196.9,21009.54,216297.1,7354.1,847876.9,10174.52,470901.5,5179.92,675794.8,6082.15,374636.6,2622.46,105943.0,8475.44,605967.1,0.8986,1.5794,1.0016,0.0,20820.1,21.5342,6200000
Philadelphia,2025-05-11,917096.6,16507.74,207764.8,7064.0,701961.1,8423.53,599931.3,6599.24,795491.2,7159.42,439920.2,3079.44,83206.3,6656.5,571184.7,0.8133,1.177,0.9851,0.0,20564.73,21.1791,6200000
Philadelphia,2025-05-18,1020109.1,18361.96,246875.7,8393.78,637672.4,7652.07,550658.1,6057.24,656813.0,5911.32,471733.0,3302.13,83641.3,6691.3,530513.1,0.7196,1.2825,1.0044,0.0,17687.2,21.5944,6200000
Philadelphia,2025-05-25,792354.2,14262.38,248127.6,8436.34,670120.5,8041.45,482408.7,5306.5,599672.9,5397.06,409543.9,2866.81,82278.9,6582.32,425870.1,0.627,1.2497,0.99,0.0,15869.79,21.284,6200000
Philadelphia,2025-06-01,744661.9,13403.91,202217.0,6875.38,577063.2,6924.76,387142.2,4258.56,655965.6,5903.69,445865.4,3121.06,68707.0,5496.56,466641.0,0.5431,0.8873,0.9942,0.0,16451.04,21.3747,6200000
Philadelphia,2025-06-08,821438.0,14785.88,165811.4,5637.59,564301.6,6771.62,456915.5,5026.07,634844.9,5713.6,354194.4,2479.36,56249.6,4499.97,412144.7,0.4728,1.0676,1.0142,0.0,15702.78,21.8063,6200000
Philadelphia,2025-06-15,749929.5,13498.73,195972.6,6663.07,557581.1,6690.97,412161.8,4533.78,495297.4,4457.68,423337.2,2963.36,65654.8,5252.39,385603.9,0.418,0.8512,0.9982,0.0,13886.56,21.4617,6200000
Philadelphia,2025-06-22,651276.2,11722.97,144490.1,4912.66,472547.4,5670.57,447794.7,4925.74,529351.8,4764.17,339871.1,2379.1,71035.5,5682.84,341885.4,0.3789,0.9612,0.9839,0.0,14088.96,21.1547,6200000
Philadelphia,2025-06-29,818701.5,14736.63,182021.2,6188.72,574562.7,6894.75,453173.9,4984.91,620980.7,5588.83,419669.9,2937.69,73325.6,5866.05,337934.5,0.3546,0.7479,0.9945,0.0,14313.16,21.3817,6200000
Philadelphia,2025-07-06,819263.0,14746.73,144581.6,4915.77,488350.6,5860.21,447166.3,4918.83,526731.2,4740.58,335692.5,2349.85,65716.2,5257.3,366681.9,0.344,0.8551,0.9803,0.0,14134.44,21.0756,6200000
Philadelphia,2025-07-13,646949.5,11645.09,168827.9,5740.15,621192.6,7454.31,326375.6,3590.13,564511.7,5080.61,459681.4,3217.77,67519.7,5401.57,339256.8,0.3464,0.7546,0.9951,0.0,13304.05,21.3944,6200000
Philadelphia,2025-07-20,865724.5,15583.04,178806.2,6079.41,487479.7,5849.76,450344.4,4953.79,587173.5,5284.56,396218.3,2773.53,58074.6,4645.97,337100.8,0.3619,0.831,1.0,0.0,13754.2,21.5005,6200000
Philadelphia,2025-07-27,783534.3,14103.62,202006.9,6868.23,462687.7,5552.25,339560.9,3735.17,584798.3,5263.18,414620.9,2902.35,61216.2,4897.3,396076.5,0.391,0.9991,0.9934,0.0,14017.62,21.3589,6200000
Philadelphia,2025-08-03,861416.4,15505.49,215580.1,7329.72,577131.8,6925.58,399577.0,4395.35,619329.0,5573.96,430870.2,3016.09,73497.7,5879.82,345694.7,0.4337,0.8222,1.0135,0.0,12967.38,21.7909,6200000
Philadelphia,2025-08-10,832923.4,14992.62,169841.1,5774.6,560965.0,6731.58,480925.4,5290.18,526633.1,4739.7,409067.3,2863.47,62514.2,5001.13,458714.9,0.4883,1.1091,0.9467,1.0,17105.53,20.3539,6200000
Philadelphia,2025-08-17,929471.5,16730.49,219449.4,7461.28,672970.4,8075.64,474441.1,5218.85,576887.6,5191.99,410471.9,2873.3,67639.7,5411.18,427364.1,0.551,0.9724,1.0042,0.0,15422.98,21.5897,6200000
Philadelphia,2025-08-24,865052.9,15570.95,198623.7,6753.2,571502.7,6858.03,404498.8,4449.49,624025.6,5616.23,370292.6,2592.05,84752.4,6780.19,449320.5,0.6148,1.1325,1.0164,0.0,14935.64,21.8531,6200000
Philadelphia,2025-08-31,831390.9,14965.04,212536.0,7226.22,622388.6,7468.66,410695.6,4517.65,778469.9,7006.23,484644.6,3392.51,80401.3,6432.1,461887.4,0.6712,1.2731,0.9983,0.0,17061.24,21.4644,6200000
Philadelphia,2025-09-07,841908.2,15154.35,212476.0,7224.18,595513.8,7146.17,467772.7,5145.5,784227.5,7058.05,375590.7,2629.13,79171.8,6333.75,503958.3,0.7113,1.0761,1.0029,0.0,17353.31,21.5628,6200000
Philadelphia,2025-09-14,1125320.4,20255.77,230804.5,7847.35,603684.8,7244.22,454314.9,4997.46,600487.9,5404.39,424170.0,2969.19,78204.6,6256.36,523597.7,0.7281,1.203,1.019,0.0,17841.69,21.9079,6200000
Philadelphia,2025-09-21,1095291.4,19715.25,233183.4,7928.24,631617.6,7579.41,415690.9,4572.6,766140.5,6895.26,388794.6,2721.56,78256.5,6260.52,465861.6,0.7187,1.3524,0.989,0.0,17597.58,21.2635,6200000
Philadelphia,2025-09-28,995445.0,17918.01,233813.5,7949.66,587351.3,7048.22,545118.2,5996.3,730827.9,6577.45,394915.8,2764.41,84053.4,6724.27,460115.5,0.6846,1.0216,1.0169,0.0,18038.9,21.8641,6200000
Philadelphia,2025-10-05,790438.5,14227.89,177365.1,6030.41,753089.7,9037.08,543421.0,5977.63,782289.9,7040.61,353546.1,2474.82,85568.7,6845.49,494600.7,0.6319,0.975,1.0,0.0,16723.93,21.4994,6200000
Philadelphia,2025-10-12,850111.0,15302.0,205203.1,6976.91,535925.9,6431.11,465299.1,5118.29,705647.4,6350.83,387187.2,2710.31,66903.2,5352.26,412707.9,0.5691,1.0693,0.9875,0.0,16097.76,21.2303,6200000
Philadelphia,2025-10-19,938187.1,16887.37,202565.7,6887.23,684785.7,8217.43,401197.9,4413.18,704268.8,6338.42,388505.7,2719.54,60154.3,4812.34,377882.2,0.505,0.9456,0.9886,0.0,14595.1,21.254,6200000
Philadelphia,2025-10-26,871930.7,15694.75,164033.2,5577.13,583666.4,7004.0,371462.9,4086.09,616424.4,5547.82,396943.0,2778.6,66869.3,5349.54,410685.6,0.4466,0.8884,0.985,0.0,14240.41,21.1782,6200000
Philadelphia,2025-11-02,708125.2,12746.25,164140.0,5580.76,610845.8,7330.15,459430.5,5053.74,553526.7,4981.74,406451.2,2845.16,60876.1,4870.09,348687.9,0.3986,0.9052,1.0062,0.0,12640.27,21.6336,6200000
Philadelphia,2025-11-09,834745.4,15025.42,169698.5,5769.75,491854.4,5902.25,348203.6,3830.24,470050.4,4230.45,359976.0,2519.83,68371.4,5469.71,371859.9,0.3622,0.8341,0.9407,1.0,15091.38,20.2252,6200000
Philadelphia,2025-11-16,741273.3,13342.92,175460.1,5965.64,587609.7,7051.32,399817.0,4397.99,610772.6,5496.95,456157.9,3193.11,54697.4,4375.8,332699.9,0.3369,0.9241,0.9885,0.0,12728.53,21.252,6200000
Philadelphia,2025-11-23,698921.2,12580.58,196592.1,6684.13,594841.6,7138.1,332055.9,3652.61,567486.3,5107.38,377007.6,2639.05,62260.8,4980.86,340584.6,0.3206,0.8218,0.9957,0.0,12789.86,21.4086,6200000
Philadelphia,2025-11-30,633167.2,11397.01,176290.8,5993.89,516412.0,6196.94,363929.7,4003.23,582518.7,5242.67,378318.7,2648.23,60081.7,4806.54,305857.0,0.3108,0.7843,1.0004,0.0,12012.84,21.5077,6200000
Philadelphia,2025-12-07,655021.3,11790.38,180635.8,6141.62,473615.3,5683.38,372415.9,4096.57,593473.5,5341.26,396008.6,2772.06,50851.9,4068.15,298366.9,0.3053,0.7778,0.9802,0.0,12271.34,21.0734,6200000
Philadelphia,2025-12-14,776175.2,13971.15,144956.4,4928.52,606316.5,7275.8,355677.3,3912.45,618135.4,5563.22,402420.5,2816.94,64895.8,5191.66,314710.9,0.3024,0.8552,1.0156,0.0,13556.42,21.8345,6200000
Philadelphia,2025-12-21,695202.5,12513.64,160086.0,5442.92,435868.0,5230.42,363274.1,3996.01,537551.9,4837.97,436831.0,3057.82,52826.4,4226.11,313928.9,0.3011,0.8069,0.9852,0.0,12053.45,21.1821,6200000
Atlanta,2023-01-01,781470.9,14066.48,165948.7,5642.25,945246.1,11342.95,305088.9,3355.98,583703.3,5253.33,420167.1,2941.17,69223.2,5537.86,334744.2,0.3041,0.6907,0.9925,0.0,13421.62,21.338,6100000
Atlanta,2023-01-08,753122.8,13556.21,150595.1,5120.23,776925.3,9323.1,289386.2,3183.25,475590.9,4280.32,440322.5,3082.26,65176.5,5214.12,366600.6,0.3081,0.87,0.9844,0.0,13052.71,21.1649,6100000
Atlanta,2023-01-15,754072.1,13573.3,135029.5,4591.0,874645.4,10495.75,388096.7,4269.06,590169.4,5311.52,359575.1,2517.03,65404.7,5232.37,321813.3,0.3153,0.9251,0.9364,1.0,15114.24,20.1319,6100000
Atlanta,2023-01-22,644244.2,11596.39,180617.1,6140.98,763045.4,9156.54,307466.0,3382.13,530413.8,4773.72,409401.5,2865.81,55739.5,4459.16,354977.8,0.3276,0.9136,1.0188,0.0,14023.52,21.9032,6100000
Atlanta,2023-01-29,661772.8,11911.91,152033.8,5169.15,763535.1,9162.42,393666.0,4330.33,448854.2,4039.69,383220.4,2682.54,69880.3,5590.42,312361.1,0.3476,0.9382,0.9864,0.0,13581.16,21.2076,6100000
Atlanta,2023-02-05,639744.7,11515.4,196311.6,6674.59,957433.0,11489.2,362979.6,3992.78,576455.0,5188.09,421902.8,2953.32,59886.0,4790.88,371770.0,0.3781,0.8263,0.9528,1.0,16413.0,20.4845,6100000
Atlanta,2023-02-12,695659.5,12521.87,198492.2,6748.73,1043454.5,12521.45,366830.1,4035.13,493889.7,4445.01,377557.2,2642.9,74874.6,5989.97,337869.9,0.4221,0.8028,1.0142,0.0,13206.96,21.8042,6100000
Atlanta,2023-02-19,796276.3,14332.97,206270.5,7013.2,987186.5,11846.24,318768.7,3506.46,527051.0,4743.46,424254.7,2969.78,83331.5,6666.52,443544.8,0.4822,1.0237,1.0047,0.0,15196.91,21.6001,6100000
Atlanta,2023-02-26,901246.4,16222.44,202915.6,6899.13,926591.8,11119.1,465123.8,5116.36,681822.7,6136.4,397419.3,2781.93,89700.2,7176.01,422758.9,0.5591,1.13,0.9857,0.0,15432.82,21.1924,6100000
Atlanta,2023-03-05,979087.3,17623.57,194881.2,6625.96,1041488.7,12497.86,456380.7,5020.19,634969.1,5714.72,402734.4,2819.14,89187.0,7134.96,474396.8,0.6512,1.0843,0.953,1.0,19881.88,20.4885,6100000
Atlanta,2023-03-12,1111260.4,20002.69,240602.7,8180.49,994776.4,11937.32,373924.7,4113.17,603868.3,5434.81,399404.2,2795.83,83707.4,6696.59,541365.9,0.7538,1.097,0.9876,0.0,19157.57,21.2344,6100000
Atlanta,2023-03-19,1023350.3,18420.31,231473.3,7870.09,1029467.5,12353.61,439681.5,4836.5,717510.9,6457.6,368465.8,2579.26,82662.7,6613.01,577930.7,0.859,1.4179,0.9538,1.0,22083.82,20.5074,6100000
Atlanta,2023-03-26,889855.9,16017.41,253343.0,8613.66,1128593.9,13543.13,488264.4,5370.91,733220.0,6598.98,454991.0,3184.94,84775.3,6782.03,581909.3,0.9564,1.3875,0.9859,0.0,20699.37,21.1977,6100000
Atlanta,2023-04-02,1134494.5,20420.9,253190.4,8608.47,1105451.8,13265.42,552922.0,6082.14,908575.8,8177.18,402847.0,2819.93,86042.0,6883.36,685973.9,1.0348,1.4549,0.9908,0.0,21550.38,21.3027,6100000
Atlanta,2023-04-09,1308204.8,23547.69,229053.5,7787.82,1203990.0,14447.88,486271.5,5348.99,914315.5,8228.84,372171.8,2605.2,102164.6,8173.17,624874.2,1.0841,1.6852,0.9544,1.0,25212.54,20.5196,6100000
Atlanta,2023-04-16,1090309.2,19625.57,281632.3,9575.5,1495096.1,17941.15,443260.1,4875.86,786744.7,7080.7,491863.3,3443.04,106265.4,8501.23,613987.4,1.0976,1.6501,0.9391,1.0,25714.32,20.1913,6100000
Atlanta,2023-04-23,1100954.2,19817.18,274891.1,9346.3,1256274.8,15075.3,557336.1,6130.7,961627.7,8654.65,478588.3,3350.12,89134.3,7130.74,683666.3,1.0734,1.8047,0.9831,0.0,23815.29,21.1375,6100000
Atlanta,2023-04-30,904427.8,16279.7,235206.2,7997.01,1339786.2,16077.43,572355.9,6295.91,768337.7,6915.04,445869.2,3121.08,110634.2,8850.74,567882.5,1.015,1.4366,0.981,0.0,21813.23,21.0923,6100000
Atlanta,2023-05-07,1062476.7,19124.58,229406.7,7799.83,1095795.7,13149.55,490226.2,5392.49,841321.3,7571.89,503759.6,3526.32,101695.9,8135.67,523800.5,0.93,1.3765,0.9913,0.0,20148.42,21.3121,6100000
Atlanta,2023-05-14,872721.9,15709.0,202287.6,6877.78,1236873.1,14842.48,524087.8,5764.97,637011.9,5733.11,494466.0,3461.26,100403.8,8032.3,536869.8,0.8293,1.1803,1.0016,0.0,19727.42,21.5334,6100000
Atlanta,2023-05-21,875993.2,15767.88,223312.1,7592.61,1287134.8,15445.62,492935.6,5422.29,799406.5,7194.66,450535.1,3153.75,102281.9,8182.55,543791.4,0.7239,1.2805,0.9823,0.0,18866.27,21.1194,6100000
Atlanta,2023-05-28,999074.7,17983.34,203263.6,6910.96,1075772.1,12909.27,475511.8,5230.63,692800.4,6235.2,416544.4,2915.81,75384.6,6030.77,510155.2,0.6237,1.0561,0.9931,0.0,17980.88,21.3507,6100000
Atlanta,2023-06-04,972091.6,17497.65,166353.9,5656.03,845292.6,10143.51,328272.0,3610.99,561908.7,5057.18,457062.2,3199.44,70140.9,5611.27,464026.0,0.536,1.0482,0.9608,1.0,18566.09,20.6567,6100000
Atlanta,2023-06-11,859249.5,15466.49,179665.3,6108.62,793067.0,9516.8,367136.9,4038.51,678002.7,6102.02,362423.6,2536.97,70903.8,5672.31,435012.7,0.4647,1.043,0.9901,0.0,16189.32,21.2881,6100000
Atlanta,2023-06-18,652106.3,11737.91,148331.1,5043.26,1006800.5,12081.61,360164.0,3961.8,552810.1,4975.29,449858.9,3149.01,77477.9,6198.23,364654.8,0.4111,0.802,0.9977,0.0,14582.66,21.4512,6100000
Atlanta,2023-06-25,619056.6,11143.02,168178.4,5718.06,979121.6,11749.46,291574.9,3207.32,570116.2,5131.05,405308.0,2837.16,64337.8,5147.02,327235.9,0.3747,0.9097,1.0196,0.0,13725.04,21.9213,6100000
Atlanta,2023-07-02,724563.9,13042.15,155009.1,5270.31,775499.9,9306.0,294139.1,3235.53,541992.9,4877.94,406638.1,2846.47,70328.6,5626.29,337790.0,0.3542,0.9453,0.9804,0.0,12911.98,21.0779,6100000
Atlanta,2023-07-09,598118.9,10766.14,175705.3,5973.98,976133.7,11713.6,290989.6,3200.89,446332.0,4016.99,400410.8,2802.88,76117.9,6089.43,358681.0,0.3485,0.7712,1.002,0.0,13260.27,21.5438,6100000
Atlanta,2023-07-16,628179.4,11307.23,196481.7,6680.38,914115.1,10969.38,321255.6,3533.81,505468.9,4549.22,398889.5,2792.23,68547.8,5483.82,358636.3,0.3574,0.8822,1.0183,0.0,13307.72,21.8935,6100000
Atlanta,2023-07-23,771858.4,13893.45,200805.7,6827.39,942301.0,11307.61,293296.9,3226.27,533496.0,4801.46,356879.5,2498.16,69425.9,5554.07,339313.7,0.3812,0.8898,0.9592,1.0,16518.56,20.623,6100000
Atlanta,2023-07-30,874004.3,15732.08,166432.4,5658.7,825249.9,9903.0,409699.1,4506.69,569969.7,5129.73,386716.3,2707.01,76763.5,6141.08,358184.8,0.4203,0.9057,0.9415,1.0,16709.34,20.242,6100000
Atlanta,2023-08-06,845639.2,15221.51,212638.1,7229.7,952678.9,11432.15,322441.2,3546.85,549521.8,4945.7,351713.1,2461.99,66631.8,5330.54,344598.9,0.4741,1.0654,0.9893,0.0,14424.45,21.2698,6100000
Atlanta,2023-08-13,847522.9,15255.41,224401.3,7629.64,992400.4,11908.8,399318.5,4392.5,664638.2,5981.74,356984.3,2498.89,67357.2,5388.58,386836.9,0.5398,1.0449,0.9968,0.0,15904.43,21.4309,6100000
Atlanta,2023-08-20,893207.6,16077.74,189791.1,6452.9,1188525.4,14262.3,397468.3,4372.15,763986.7,6875.88,462352.8,3236.47,81088.2,6487.05,386825.7,0.6114,1.1181,1.0068,0.0,15458.96,21.6465,6100000
Atlanta,2023-08-27,866490.7,15596.83,223522.6,7599.77,1093186.2,13118.23,426550.6,4692.06,638859.7,5749.74,450936.4,3156.55,92569.7,7405.57,527853.8,0.6805,1.0337,0.9804,0.0,18010.55,21.0782,6100000
Atlanta,2023-09-03,979215.2,17625.87,233567.7,7941.3,1014403.4,12172.84,475360.4,5228.96,598933.9,5390.4,398553.4,2789.87,90947.4,7275.79,491427.9,0.7368,1.411,1.015,0.0,18263.94,21.8232,6100000
Atlanta,2023-09-10,851165.5,15320.98,216462.9,7359.74,1268643.3,15223.72,456435.7,5020.79,612662.4,5513.96,460973.5,3226.81,89015.9,7121.27,506619.3,0.7712,1.4456,0.9909,0.0,18213.93,21.3037,6100000
Atlanta,2023-09-17,1083810.1,19508.58,187615.4,6378.92,1157258.6,13887.1,464701.1,5111.71,659242.0,5933.18,452062.4,3164.44,84239.2,6739.14,452400.9,0.7776,1.0916,1.0155,0.0,17274.32,21.8332,6100000
Atlanta,2023-09-24,1054885.3,18987.94,193418.4,6576.23,1310479.8,15725.76,507662.3,5584.29,644270.9,5798.44,374395.6,2620.77,104450.4,8356.03,481526.5,0.7547,1.2951,0.9886,0.0,18479.36,21.2559,6100000
Atlanta,2023-10-01,938804.9,16898.49,191596.9,6514.3,1099045.8,13188.55,365718.9,4022.91,765113.3,6886.02,359776.6,2518.44,95438.5,7635.08,472105.1,0.7067,1.1961,1.01,0.0,17603.62,21.7157,6100000
Atlanta,2023-10-08,969801.5,17456.43,167987.4,5711.57,946342.0,11356.1,382475.3,4207.23,641395.3,5772.56,434638.2,3042.47,81332.6,6506.61,421781.7,0.6417,1.1619,1.0062,0.0,16284.53,21.6327,6100000
Atlanta,2023-10-15,936070.8,16849.27,186775.2,6350.36,1081542.8,12978.51,449950.4,4949.45,621757.3,5595.82,450430.5,3153.01,91195.5,7295.64,467352.0,0.5697,1.1597,1.0183,0.0,16057.16,21.8925,6100000
Atlanta,2023-10-22,941713.9,16950.85,172141.7,5852.82,1024533.5,12294.4,438528.6,4823.81,687408.7,6186.68,404043.7,2828.31,73940.4,5915.23,403622.3,0.5,1.021,0.9966,0.0,14879.1,21.4266,6100000
Atlanta,2023-10-29,832577.5,14986.4,200727.6,6824.74,913133.7,10957.6,426454.2,4691.0,513704.4,4623.34,378088.7,2646.62,79961.3,6396.91,379473.3,0.4393,0.8941,1.0082,0.0,14404.73,21.6771,6100000
Atlanta,2023-11-05,728736.4,13117.25,194356.9,6608.13,795463.0,9545.56,415374.7,4569.12,609358.6,5484.23,418264.9,2927.85,62635.1,5010.81,345846.4,0.3911,0.9953,0.9903,0.0,12249.17,21.292,6100000
Atlanta,2023-11-12,770216.7,13863.9,184502.3,6273.08,771877.3,9262.53,327357.7,3600.94,502007.5,4518.07,407969.2,2855.78,63878.0,5110.24,303196.4,0.356,0.866,1.0124,0.0,12261.84,21.7661,6100000
Atlanta,2023-11-19,703933.6,12670.8,188035.1,6393.19,986414.9,11836.98,389972.9,4289.7,533154.6,4798.39,452319.1,3166.23,63654.2,5092.34,293105.4,0.3324,0.9433,0.9954,0.0,12824.33,21.4001,6100000
Atlanta,2023-11-26,782686.1,14088.35,189368.8,6438.54,822109.2,9865.31,345601.0,3801.61,496006.2,4464.06,425020.4,2975.14,67135.9,5370.87,358784.8,0.3176,0.9164,0.9867,0.0,13232.43,21.2141,6100000
Atlanta,2023-12-03,619649.8,11153.7,135324.9,4601.05,817969.7,9815.64,370381.8,4074.2,573449.1,5161.04,383424.7,2683.97,58132.7,4650.61,333575.6,0.3089,0.9062,1.0083,0.0,11966.93,21.6793,6100000
Atlanta,2023-12-10,599124.5,10784.24,187049.0,6359.67,711301.9,8535.62,373325.7,4106.58,485121.2,4366.09,371085.1,2597.6,69048.4,5523.87,316141.3,0.3043,0.8333,0.9841,0.0,12584.44,21.1581,6100000
Atlanta,2023-12-17,822370.5,14802.67,173148.9,5887.06,964134.5,11569.61,375898.7,4134.89,590059.6,5310.54,391446.4,2740.12,60491.6,4839.33,284412.8,0.3019,0.7202,0.9543,1.0,13924.4,20.5177,6100000
Atlanta,2023-12-24,658379.9,11850.84,182703.9,6211.93,772422.2,9269.07,376455.7,4141.01,487335.3,4386.02,401823.5,2812.76,72371.6,5789.72,316154.4,0.3008,0.9105,1.0011,0.0,13255.93,21.5237,6100000
Atlanta,2023-12-31,649148.9,11684.68,189231.6,6433.87,896807.5,10761.69,350563.2,3856.2,604795.5,5443.16,446396.6,3124.78,71355.2,5708.42,321865.2,0.3003,0.7488,1.0074,0.0,13214.1,21.6595,6100000
Atlanta,2024-01-07,807698.8,14538.58,184934.6,6287.78,963628.1,11563.54,312280.3,3435.08,524678.2,4722.1,359037.7,2513.26,61135.3,4890.82,305304.8,0.3073,0.7776,1.0124,0.0,12248.92,21.7677,6100000
Atlanta,2024-01-14,652948.8,11753.08,186815.3,6351.72,824884.8,9898.62,329282.0,3622.1,464868.4,4183.82,451121.3,3157.85,64516.0,5161.28,307341.8,0.314,0.8031,0.9971,0.0,11892.74,21.4385,6100000
Atlanta,2024-01-21,662167.9,11919.02,135788.7,4616.82,813782.7,9765.39,322286.4,3545.15,488940.8,4400.47,346363.0,2424.54,66756.2,5340.5,318439.7,0.3255,0.8669,1.0173,0.0,12023.4,21.8723,6100000
Atlanta,2024-01-28,642947.2,11573.05,148154.1,5037.24,839346.3,10072.16,313161.1,3444.77,509850.9,4588.66,406206.7,2843.45,66485.9,5318.87,350755.2,0.3441,0.726,1.02,0.0,13396.5,21.9293,6100000
Atlanta,2024-02-04,667206.8,12009.72,189508.8,6443.3,859208.5,10310.5,395835.6,4354.19,511141.2,4600.27,377317.4,2641.22,73058.2,5844.66,344382.2,0.3729,0.8973,1.0035,0.0,13376.14,21.5761,6100000
Atlanta,2024-02-11,806602.9,14518.85,155567.6,5289.3,894482.7,10733.79,347507.6,3822.58,584743.6,5262.69,375216.3,2626.51,74547.9,5963.83,386237.1,0.4149,0.8654,0.9913,0.0,14272.36,21.3138,6100000
Atlanta,2024-02-18,894447.1,16100.05,159065.6,5408.23,898890.3,10786.68,308303.9,3391.34,574558.2,5171.02,410258.5,2871.81,69959.5,5596.76,413649.5,0.4726,1.0387,0.9826,0.0,14848.88,21.1266,6100000
Atlanta,2024-02-25,748000.8,13464.01,189698.9,6449.76,1044481.9,12533.78,418798.8,4606.79,519039.2,4671.35,477608.1,3343.26,86875.5,6950.04,465554.9,0.5471,1.1666,0.9609,1.0,17971.38,20.6601,6100000
Atlanta,2024-03-03,797365.5,14352.58,206015.4,7004.52,1078890.7,12946.69,410450.6,4514.96,629156.5,5662.41,454427.9,3181.0,95623.1,7649.85,421872.1,0.6372,1.276,0.9861,0.0,16643.05,21.2003,6100000
Atlanta,2024-03-10,977822.4,17600.8,198316.8,6742.77,1058515.0,12702.18,389355.1,4282.91,674206.2,6067.86,444662.8,3112.64,100048.1,8003.85,487938.8,0.7388,1.3033,0.9962,0.0,18087.31,21.4181,6100000
Atlanta,2024-03-17,1157939.4,20842.91,225733.8,7674.95,979752.0,11757.02,506924.8,5576.17,687354.1,6186.19,351253.5,2458.77,83987.8,6719.03,591208.1,0.8442,1.495,0.9832,0.0,18914.63,21.1388,6100000
Atlanta,2024-03-24,1145923.5,20626.62,267173.6,9083.9,1334489.6,16013.88,542780.7,5970.59,753363.0,6780.27,494448.8,3461.14,92267.4,7381.39,557654.1,0.9434,1.6141,0.9841,0.0,20824.3,21.1589,6100000
Atlanta,2024-03-31,1220238.3,21964.29,216762.0,7369.91,1092288.7,13107.46,432775.7,4760.53,934734.9,8412.61,389780.5,2728.46,118597.4,9487.79,649018.5,1.0252,1.6787,0.9383,1.0,24451.42,20.1734,6100000
Atlanta,2024-04-07,1312057.0,23617.03,243306.7,8272.43,1556514.9,18678.18,480985.3,5290.84,945708.4,8511.38,505628.7,3539.4,112472.1,8997.77,616923.4,1.0791,1.7766,0.9395,1.0,25611.53,20.1995,6100000
Atlanta,2024-04-14,1190592.8,21430.67,300252.1,10208.57,1511244.7,18134.94,494961.4,5444.58,947059.2,8523.53,380212.3,2661.49,97129.7,7770.38,638913.3,1.098,1.6462,1.0003,0.0,23290.9,21.506,6100000
Atlanta,2024-04-21,1202274.3,21640.94,271003.6,9214.12,1321511.7,15858.14,508685.0,5595.54,833405.8,7500.65,512266.6,3585.87,88455.7,7076.45,625169.6,1.0791,1.658,1.0186,0.0,23066.41,21.9003,6100000
Atlanta,2024-04-28,924560.4,16642.09,246269.6,8373.17,1365659.1,16387.91,470364.9,5174.01,877419.3,7896.77,441553.2,3090.87,102234.1,8178.73,610885.5,1.0252,1.5564,1.0054,0.0,21178.18,21.6164,6100000
Atlanta,2024-05-05,1058850.2,19059.3,259866.6,8835.46,1263981.3,15167.78,558894.5,6147.84,683471.0,6151.24,401013.7,2807.1,114539.2,9163.14,557365.9,0.9434,1.3554,0.9821,0.0,20497.91,21.1147,6100000
Atlanta,2024-05-12,987563.6,17776.14,217257.3,7386.75,1286049.7,15432.6,395296.0,4348.26,703172.8,6328.56,411774.0,2882.42,107621.3,8609.7,594330.4,0.8442,1.4961,1.0086,0.0,19296.82,21.6853,6100000
Atlanta,2024-05-19,966984.6,17405.72,239789.9,8152.86,1170178.4,14042.14,444846.2,4893.31,621389.6,5592.51,452128.9,3164.9,89990.0,7199.2,518432.9,0.7388,1.2637,1.0074,0.0,17860.82,21.6581,6100000
Atlanta,2024-05-26,803753.6,14467.57,223906.3,7612.82,1092147.0,13105.76,386712.7,4253.84,664742.8,5982.68,348379.0,2438.65,73855.8,5908.46,528145.3,0.6374,1.307,0.9369,1.0,20423.0,20.1441,6100000
Atlanta,2024-06-02,725691.7,13062.45,212088.3,7211.0,963445.2,11561.34,378450.7,4162.96,640240.3,5762.16,473120.1,3311.84,90027.5,7202.2,412194.4,0.5476,0.8941,1.0085,0.0,16751.39,21.6834,6100000
Atlanta,2024-06-09,680802.3,12254.44,205787.7,6996.78,924781.5,11097.38,405646.1,4462.11,529382.9,4764.45,431912.8,3023.39,71082.2,5686.57,350990.7,0.4738,1.0802,0.9908,0.0,14291.37,21.3019,6100000
Atlanta,2024-06-16,790983.8,14237.71,169342.9,5757.66,787552.6,9450.63,403987.5,4443.86,534527.0,4810.74,369665.7,2587.66,64576.1,5166.09,420762.5,0.4176,0.8689,1.001,0.0,15916.83,21.522,6100000
Atlanta,2024-06-23,678481.7,12212.67,191013.6,6494.46,1013815.1,12165.78,313610.4,3449.71,543198.2,4888.78,380859.8,2666.02,75167.3,6013.39,357664.5,0.3788,0.9375,1.0091,0.0,13547.11,21.6949,6100000
Atlanta,2024-06-30,734551.7,13221.93,161128.3,5478.36,890826.3,10689.92,311346.2,3424.81,526509.0,4738.58,375012.6,2625.09,62463.2,4997.06,340295.8,0.3562,0.7572,0.9904,0.0,13252.19,21.2936,6100000
Atlanta,2024-07-07,638857.4,11499.43,150984.3,5133.47,997611.3,11971.34,353412.9,3887.54,595878.7,5362.91,430449.0,3013.14,60783.8,4862.71,338765.2,0.3484,0.8861,1.0168,0.0,14006.02,21.8605,6100000
Atlanta,2024-07-14,665712.4,11982.82,162699.7,5531.79,717438.2,8609.26,403438.5,4437.82,615650.5,5540.85,425785.0,2980.5,75880.5,6070.44,360024.1,0.3552,0.8186,1.0169,0.0,14001.64,21.8635,6100000
Atlanta,2024-07-21,864744.4,15565.4,189701.5,6449.85,838091.9,10057.1,355328.0,3908.61,557956.8,5021.61,345915.8,2421.41,81272.9,6501.83,398757.7,0.3769,0.7594,0.9357,1.0,16038.79,20.1183,6100000
Atlanta,2024-07-28,652781.2,11750.06,201495.1,6850.83,1037908.2,12454.9,375913.2,4135.04,622331.8,5600.99,419276.2,2934.93,67487.7,5399.02,368822.9,0.4138,0.9062,0.9877,0.0,14085.31,21.2363,6100000
Atlanta,2024-08-04,821580.7,14788.45,157547.6,5356.62,984132.8,11809.59,357519.8,3932.72,624850.4,5623.65,447984.4,3135.89,78213.2,6257.05,374730.3,0.4656,0.9087,1.0192,0.0,14044.49,21.9127,6100000
Atlanta,2024-08-11,689715.0,12414.87,177523.8,6035.81,953879.9,11446.56,446279.5,4909.07,719724.2,6477.52,472999.3,3311.0,65519.8,5241.59,396266.1,0.5299,1.0559,1.0106,0.0,14181.32,21.7269,6100000
Atlanta,2024-08-18,729977.4,13139.59,165163.7,5615.57,965089.5,11581.07,394971.5,4344.69,609382.5,5484.44,412189.5,2885.33,70171.4,5613.71,420860.1,0.6011,1.1139,0.9472,1.0,18119.35,20.3659,6100000
Atlanta,2024-08-25,919090.0,16543.62,179170.9,6091.81,909583.7,10915.0,368633.8,4054.97,690517.3,6214.66,365313.2,2557.19,81215.2,6497.22,479790.4,0.6711,1.1526,0.9478,1.0,19083.7,20.3768,6100000
Atlanta,2024-09-01,991314.7,17843.66,185287.0,6299.76,1250248.1,15002.98,423074.4,4653.82,646759.1,5820.83,382144.5,2675.01,84148.0,6731.84,478031.1,0.7299,1.2548,1.0142,0.0,18662.47,21.8053,6100000
Atlanta,2024-09-08,913708.0,16446.74,242875.9,8257.78,946057.3,11352.69,512348.6,5635.84,799638.5,7196.75,377994.5,2645.96,76302.6,6104.21,495868.6,0.768,1.2008,1.009,0.0,17522.09,21.6935,6100000
Atlanta,2024-09-15,1122140.5,20198.53,217512.3,7395.42,1083950.5,13007.41,478389.3,5262.28,599838.8,5398.55,353845.8,2476.92,88647.8,7091.82,477119.2,0.7785,1.1596,0.9976,0.0,20027.76,21.448,6100000
Atlanta,2024-09-22,938667.9,16896.02,240327.4,8171.13,1062310.2,12747.72,508975.1,5598.73,811189.7,7300.71,374415.3,2620.91,81485.7,6518.85,478178.2,0.7597,1.2989,0.9902,0.0,17681.95,21.2894,6100000
Atlanta,2024-09-29,983559.4,17704.07,179886.5,6116.14,1017560.4,12210.72,470232.1,5172.55,585754.5,5271.79,430005.4,3010.04,90260.3,7220.82,447771.4,0.7148,1.1398,1.007,0.0,17497.46,21.6515,6100000
Atlanta,2024-10-06,957465.4,17234.38,176165.7,5989.63,871351.9,10456.22,471008.9,5181.1,707991.9,6371.93,374663.4,2622.64,74170.7,5933.65,475194.0,0.6516,1.0202,0.9606,1.0,17794.65,20.6532,6100000
Atlanta,2024-10-13,903373.8,16260.73,207184.4,7044.27,901511.5,10818.14,334265.6,3676.92,716648.0,6449.83,457180.3,3200.26,79839.9,6387.19,414125.1,0.58,0.9718,0.9977,0.0,16460.26,21.4509,6100000
Atlanta,2024-10-20,872271.9,15700.89,199878.2,6795.86,1032771.1,12393.25,327333.1,3600.66,593450.0,5341.05,441938.9,3093.57,69808.7,5584.69,418664.7,0.5095,0.8886,1.0052,0.0,15574.97,21.6114,6100000
Atlanta,2024-10-27,758926.4,13660.67,154691.3,5259.5,839713.7,10076.56,320856.9,3529.43,576848.5,5191.64,442992.2,3100.95,83579.4,6686.35,325211.4,0.4472,0.853,1.019,0.0,13917.88,21.9085,6100000
Atlanta,2024-11-03,660537.3,11889.67,182728.3,6212.76,773691.9,9284.3,297274.2,3270.02,567745.4,5109.71,345750.9,2420.26,65071.7,5205.74,366552.3,0.3972,0.957,1.0039,0.0,13815.52,21.5842,6100000
Atlanta,2024-11-10,613771.7,11047.89,188393.0,6405.36,828493.1,9941.92,335234.8,3687.58,458134.2,4123.21,423612.4,2965.29,63420.8,5073.67,297938.5,0.3603,0.8002,0.9868,0.0,12589.91,21.2159,6100000
Atlanta,2024-11-17,764998.9,13769.98,191308.4,6504.49,725872.9,8710.47,286486.1,3151.35,467335.8,4206.02,415949.9,2911.65,67057.7,5364.61,308223.9,0.3351,0.8057,0.9856,0.0,12483.57,21.191,6100000
Atlanta,2024-11-24,664015.0,11952.27,160057.5,5441.95,705469.0,8465.63,348799.3,3836.79,574781.1,5173.03,374107.2,2618.75,60528.4,4842.27,372975.0,0.3192,0.7165,0.9585,1.0,15230.23,20.6074,6100000
Atlanta,2024-12-01,623810.9,11228.6,167326.5,5689.1,838918.0,10067.02,287953.2,3167.49,447192.3,4024.73,391454.1,2740.18,70318.1,5625.44,304207.6,0.3099,0.7541,0.9517,1.0,13711.17,20.4608,6100000
Atlanta,2024-12-08,632042.5,11376.77,142806.9,4855.44,846560.3,10158.72,273054.3,3003.6,526703.1,4740.33,375011.1,2625.08,70482.1,5638.57,285815.1,0.3048,0.7753,1.0068,0.0,10865.96,21.646,6100000
Atlanta,2024-12-15,706307.1,12713.53,152970.7,5201.0,868311.1,10419.73,352350.2,3875.85,450408.6,4053.68,407720.7,2854.04,54671.0,4373.68,359315.5,0.3022,0.9205,0.9451,1.0,14293.64,20.32,6100000
Atlanta,2024-12-22,647348.9,11652.28,163099.5,5545.38,759875.0,9118.5,328485.3,3613.34,432135.8,3889.22,348801.3,2441.61,62097.3,4967.78,342474.0,0.3009,0.8783,0.9547,1.0,13101.05,20.5255,6100000
Atlanta,2024-12-29,821112.4,14780.02,164172.2,5581.85,754591.5,9055.1,284227.5,3126.5,593507.7,5341.57,411513.7,2880.6,75206.2,6016.49,349872.7,0.3004,0.8325,1.0051,0.0,12010.51,21.6092,6100000
Atlanta,2025-01-05,715950.3,12887.1,174585.7,5935.91,707321.2,8487.85,303010.2,3333.11,531696.4,4785.27,356423.1,2494.96,56430.2,4514.42,320086.1,0.306,0.8186,1.0148,0.0,12659.74,21.8175,6100000
Atlanta,2025-01-12,680798.1,12254.37,167848.4,5706.85,723969.6,8687.64,326049.8,3586.55,484018.3,4356.16,434363.1,3040.54,62689.8,5015.18,333734.9,0.3117,0.7158,0.9806,0.0,11807.39,21.0831,6100000
Atlanta,2025-01-19,677509.3,12195.17,162972.3,5541.06,688085.2,8257.02,298077.0,3278.85,513627.9,4622.65,332821.9,2329.75,61356.0,4908.48,328616.2,0.3216,0.7528,0.9911,0.0,13149.48,21.3084,6100000
Atlanta,2025-01-26,615952.1,11087.14,194536.6,6614.25,903141.0,10837.69,364423.2,4008.66,545029.8,4905.27,347889.4,2435.23,57130.3,4570.42,336307.5,0.3379,0.9601,0.9688,1.0,14949.33,20.8289,6100000
Atlanta,2025-02-02,846580.9,15238.46,150878.2,5129.86,772107.2,9265.29,334637.7,3681.02,602954.9,5426.59,351358.3,2459.51,71950.2,5756.02,355676.0,0.3635,0.8618,0.9938,0.0,13566.93,21.3661,6100000
Atlanta,2025-02-09,672886.6,12111.96,197761.0,6723.87,849576.9,10194.92,382512.9,4207.64,614669.9,5532.03,354666.5,2482.67,67493.0,5399.44,325029.4,0.4014,0.8282,0.9893,0.0,12069.79,21.2703,6100000
Atlanta,2025-02-16,846674.0,15240.13,206515.1,7021.51,883795.6,10605.55,335988.5,3695.87,652347.3,5871.13,414911.9,2904.38,80312.0,6424.96,390675.7,0.4544,1.0895,0.9976,0.0,14391.83,21.4479,6100000
Atlanta,2025-02-23,829715.7,14934.88,214064.3,7278.19,975472.4,11705.67,354722.1,3901.94,713753.1,6423.78,353213.3,2472.49,77183.0,6174.64,407083.9,0.5241,0.9223,0.9873,0.0,15302.56,21.2265,6100000
Atlanta,2025-03-02,731609.2,13168.97,229709.1,7810.11,939268.4,11271.22,445353.4,4898.89,728520.4,6556.68,358538.5,2509.77,91718.4,7337.47,458968.1,0.6101,1.0165,1.0003,0.0,15883.42,21.5065,6100000
Atlanta,2025-03-09,1028900.9,18520.22,212246.6,7216.38,958804.0,11505.65,471992.9,5191.92,798994.2,7190.95,342467.9,2397.28,95829.1,7666.32,443090.5,0.709,1.0556,0.9522,1.0,21180.51,20.4733,6100000
Atlanta,2025-03-16,1008065.4,18145.18,194166.2,6601.65,1128601.4,13543.22,473426.8,5207.69,846508.8,7618.58,358714.6,2511.0,85890.6,6871.25,517387.1,0.8142,1.132,0.9891,0.0,19203.04,21.2665,6100000
Atlanta,2025-03-23,939903.2,16918.26,224491.1,7632.7,1397814.6,16773.78,555221.4,6107.44,815393.3,7338.54,382958.6,2680.71,105520.3,8441.62,528924.3,0.9163,1.5245,0.9926,0.0,19480.3,21.3408,6100000
Atlanta,2025-03-30,1226608.8,22078.96,291495.3,9910.84,1482787.4,17793.45,582097.0,6403.07,903038.0,8127.34,503536.8,3524.76,116217.5,9297.4,553603.8,1.0042,1.4183,1.0011,0.0,21333.04,21.5245,6100000
Atlanta,2025-04-06,961581.3,17308.46,272236.7,9256.05,1117957.9,13415.5,454811.4,5002.93,895040.8,8055.37,477867.3,3345.07,109394.3,8751.55,645881.2,1.0671,1.5681,0.9955,0.0,22159.17,21.404,6100000
Atlanta,2025-04-13,1176219.3,21171.95,279164.1,9491.58,1417473.5,17009.68,466442.0,5130.86,789206.2,7102.86,372217.1,2605.52,104391.6,8351.32,716229.5,1.0964,1.6825,1.0067,0.0,24057.14,21.6435,6100000
Atlanta,2025-04-20,1140701.9,20532.63,244426.2,8310.49,1128039.0,13536.47,598063.5,6578.7,765315.2,6887.84,424338.4,2970.37,109460.5,8756.84,658624.1,1.0883,1.763,0.9993,0.0,23844.22,21.486,6100000
Atlanta,2025-04-27,1057731.0,19039.16,282092.2,9591.14,1123657.4,13483.89,519679.4,5716.47,704909.2,6344.18,404752.8,2833.27,114838.7,9187.1,603542.8,1.0438,1.5618,0.9811,0.0,20593.44,21.0937,6100000
Atlanta,2025-05-04,972297.6,17501.36,256119.6,8708.07,1224987.1,14699.85,454883.9,5003.72,873482.7,7861.34,499603.8,3497.23,108959.0,8716.72,618779.5,0.969,1.3209,0.9573,1.0,24956.74,20.5817,6100000
Atlanta,2025-05-11,918352.6,16530.35,237734.1,8082.96,1185817.1,14229.81,481257.5,5293.83,668645.9,6017.81,406286.7,2844.01,87335.5,6986.84,526857.6,0.8737,1.3512,0.9643,1.0,21979.62,20.7328,6100000
Atlanta,2025-05-18,1098163.8,19766.95,182726.1,6212.69,1314738.6,15776.86,439106.6,4830.17,644399.3,5799.59,427195.7,2990.37,87196.8,6975.75,539510.1,0.7689,1.3015,0.9877,0.0,20046.8,21.2346,6100000
Atlanta,2025-05-25,736101.5,13249.83,217370.5,7390.6,1179312.2,14151.75,467687.5,5144.56,657147.9,5914.33,389418.2,2725.93,93100.2,7448.02,518090.6,0.6655,1.3269,0.9811,0.0,18032.81,21.0944,6100000
Atlanta,2025-06-01,760100.7,13681.81,197182.6,6704.21,839483.1,10073.8,395386.2,4349.25,533274.1,4799.47,423686.3,2965.8,82204.6,6576.37,425026.0,0.5717,1.2091,0.9948,0.0,17916.01,21.3875,6100000
Atlanta,2025-06-08,813733.6,14647.21,181110.1,6157.74,1062491.6,12749.9,416252.3,4578.78,589423.6,5304.81,431351.8,3019.46,79362.6,6349.01,421293.7,0.4931,0.8508,0.9938,0.0,16406.84,21.3668,6100000
Atlanta,2025-06-15,794534.9,14301.63,164575.9,5595.58,758631.3,9103.58,421521.8,4636.74,576861.8,5191.76,391587.5,2741.11,74820.7,5985.66,407841.8,0.4319,0.8015,0.9859,0.0,14270.4,21.1966,6100000
Atlanta,2025-06-22,616233.5,11092.2,192898.6,6558.55,932603.1,11191.24,313286.2,3446.15,566504.1,5098.54,461776.5,3232.44,68611.0,5488.88,356289.0,0.3882,0.8558,0.9931,0.0,12631.85,21.3517,6100000
Atlanta,2025-06-29,688875.3,12399.75,168611.7,5732.8,739502.8,8874.03,296959.7,3266.56,453769.8,4083.93,388572.8,2720.01,71273.8,5701.9,317916.4,0.3611,0.851,0.9851,0.0,13179.43,21.1789,6100000
Atlanta,2025-07-06,666473.4,11996.52,181184.4,6160.27,866991.8,10403.9,401011.1,4411.12,564877.8,5083.9,374830.0,2623.81,57063.2,4565.06,357129.6,0.3492,0.7909,0.9465,1.0,15441.26,20.3497,6100000
Atlanta,2025-07-13,839470.4,15110.47,180359.9,6132.24,912945.1,10955.34,294602.5,3240.63,627935.4,5651.42,345620.3,2419.34,69244.8,5539.58,335633.4,0.3518,0.8986,1.0063,0.0,14483.7,21.6363,6100000
Atlanta,2025-07-20,763924.1,13750.63,156873.8,5333.71,826966.9,9923.6,362872.3,3991.6,548421.5,4935.79,404130.1,2828.91,66474.5,5317.96,383711.3,0.3692,0.8157,0.9841,0.0,13662.06,21.1582,6100000
Atlanta,2025-07-27,878169.7,15807.05,199416.9,6780.17,765101.7,9181.22,388597.7,4274.57,556737.7,5010.64,367341.9,2571.39,70518.0,5641.44,354217.9,0.4017,0.8759,0.9913,0.0,14528.39,21.3123,6100000
Atlanta,2025-08-03,870400.2,15667.2,206362.3,7016.32,1076976.9,12923.72,391024.3,4301.27,542325.3,4880.93,391360.9,2739.53,61938.7,4955.1,344976.1,0.4494,0.8217,0.9952,0.0,15309.52,21.3958,6100000
Atlanta,2025-08-10,755404.5,13597.28,176666.5,6006.66,1034908.6,12418.9,419405.1,4613.46,660727.9,5946.55,398475.1,2789.33,79126.1,6330.09,401424.9,0.5105,1.0341,0.9929,0.0,15240.35,21.3477,6100000
Atlanta,2025-08-17,732876.7,13191.78,187890.4,6388.27,850780.7,10209.37,370781.2,4078.59,565242.1,5087.18,468572.6,3280.01,85334.9,6826.79,466348.3,0.5805,0.9972,1.0077,0.0,16313.96,21.6652,6100000
Atlanta,2025-08-24,845052.6,15210.95,221120.5,7518.1,1040392.7,12484.71,418375.6,4602.13,734601.2,6611.41,399618.5,2797.33,70988.2,5679.05,450173.4,0.6518,1.2939,0.9994,0.0,16402.66,21.4861,6100000
Atlanta,2025-08-31,1003039.5,18054.71,187975.3,6391.16,1161584.5,13939.01,475887.0,5234.76,714275.5,6428.48,451367.1,3159.57,72395.4,5791.63,461856.9,0.7149,1.3816,1.0004,0.0,17604.03,21.5087,6100000
Atlanta,2025-09-07,852846.1,15351.23,236691.3,8047.51,1091865.7,13102.39,393714.9,4330.86,679929.6,6119.37,408596.4,2860.18,77894.9,6231.59,530994.0,0.7597,1.4437,0.9939,0.0,17634.65,21.3699,6100000
Atlanta,2025-09-14,1014064.0,18253.15,214461.0,7291.67,952334.6,11428.01,427865.4,4706.52,726267.3,6536.41,386134.7,2702.94,105242.6,8419.41,440832.4,0.7785,1.3613,0.9394,1.0,20165.87,20.198,6100000
Atlanta,2025-09-21,912342.0,16422.16,199905.5,6796.79,990903.6,11890.84,418260.6,4600.87,662586.3,5963.28,396976.4,2778.84,82631.1,6610.49,454849.1,0.7679,1.3702,1.0177,0.0,18281.48,21.8814,6100000
Atlanta,2025-09-28,886222.9,15952.01,232263.6,7896.96,1218524.2,14622.29,424943.1,4674.37,732178.5,6589.61,483545.4,3384.82,98533.0,7882.64,442385.9,0.7299,1.0533,0.9953,0.0,17228.81,21.3995,6100000
Atlanta,2025-10-05,771281.7,13883.07,182090.3,6191.07,1025008.9,12300.11,421376.2,4635.14,742290.3,6680.61,472289.6,3306.03,80486.9,6438.95,525324.9,0.671,1.1526,0.9901,0.0,17899.82,21.2874,6100000
Atlanta,2025-10-12,926039.4,16668.71,184202.6,6262.89,1182845.0,14194.14,382289.5,4205.18,675971.2,6083.74,474437.2,3321.06,89504.6,7160.37,398653.5,0.6008,0.9891,1.015,0.0,15961.52,21.8228,6100000
Atlanta,2025-10-19,939544.4,16911.8,216334.5,7355.37,1023990.9,12287.89,339437.8,3733.82,529782.5,4768.04,342278.7,2395.95,81175.2,6494.02,370897.8,0.5291,1.1301,1.0036,0.0,14776.28,21.5767,6100000
Atlanta,2025-10-26,747728.3,13459.11,155306.4,5280.42,824024.1,9888.29,431822.5,4750.05,552799.3,4975.19,372563.0,2607.94,66027.7,5282.22,395852.9,0.4639,1.0817,0.9944,0.0,13842.18,21.3802,6100000
Atlanta,2025-11-02,635164.4,11432.96,160098.9,5443.36,1037709.2,12452.51,298921.6,3288.14,550571.1,4955.14,403445.4,2824.12,61971.4,4957.71,351800.5,0.4102,0.8017,0.9956,0.0,12947.61,21.4047,6100000
Atlanta,2025-11-09,793206.8,14277.72,168051.2,5713.74,752173.7,9026.08,368954.2,4058.5,511260.5,4601.34,336848.6,2357.94,80466.1,6437.29,316597.0,0.3696,0.9234,1.011,0.0,12289.56,21.7362,6100000
Atlanta,2025-11-16,698675.5,12576.16,154392.7,5249.35,820218.5,9842.62,292960.8,3222.57,578686.8,5208.18,368433.7,2579.04,57923.6,4633.89,321216.4,0.3413,0.8234,1.0043,0.0,13086.05,21.5927,6100000
Atlanta,2025-11-23,686365.3,12354.58,150183.4,5106.24,906458.4,10877.5,304225.3,3346.48,571798.1,5146.18,398911.5,2792.38,68484.4,5478.75,360319.6,0.323,0.7056,0.9533,1.0,13960.71,20.4959,6100000
Atlanta,2025-11-30,588619.2,10595.15,181123.8,6158.21,684279.0,8211.35,327233.9,3599.57,571674.1,5145.07,342900.8,2400.31,55083.7,4406.69,330982.6,0.312,0.8232,1.0003,0.0,11685.92,21.5065,6100000
Atlanta,2025-12-07,764694.8,13764.51,176124.3,5988.23,700498.9,8405.99,347888.7,3826.78,583819.0,5254.37,412835.3,2889.85,66214.4,5297.15,299866.9,0.3059,0.8522,0.9834,0.0,12583.22,21.144,6100000
Atlanta,2025-12-14,679669.6,12234.05,182943.6,6220.08,709665.8,8515.99,343556.6,3779.12,601867.2,5416.8,405302.8,2837.12,65790.8,5263.27,327111.2,0.3027,0.721,0.9865,0.0,12374.41,21.2102,6100000
Atlanta,2025-12-21,648355.3,11670.4,161984.7,5507.48,803174.6,9638.09,346713.5,3813.85,493336.9,4440.03,421704.3,2951.93,74584.2,5966.73,291877.9,0.3012,0.8221,0.981,0.0,12722.38,21.0906,6100000
Phoenix,2023-01-01,484410.6,8719.39,112748.6,3833.45,559497.3,6713.97,271652.1,2988.17,461110.0,4149.99,282488.0,1977.42,48149.6,3851.97,275317.4,0.3033,0.8322,0.9923,0.0,10170.35,21.3342,5000000
Phoenix,2023-01-08,553997.0,9971.95,110158.2,3745.38,469475.3,5633.7,240296.8,2643.26,404726.1,3642.54,355932.2,2491.53,35857.1,2868.57,288769.9,0.3065,0.7328,1.0196,0.0,9801.69,21.9212,5000000
Phoenix,2023-01-15,656726.9,11821.08,130105.7,4423.59,552001.0,6624.01,250753.5,2758.29,503123.8,4528.11,299660.3,2097.62,44037.3,3522.98,310192.9,0.3123,0.7759,1.0152,0.0,10350.53,21.8269,5000000
Phoenix,2023-01-22,669734.8,12055.23,129292.4,4395.94,437204.1,5246.45,238254.2,2620.8,470575.6,4235.18,308444.2,2159.11,38532.4,3082.59,265999.6,0.3223,0.715,1.0119,0.0,10306.13,21.7549,5000000
Phoenix,2023-01-29,513961.9,9251.31,134663.1,4578.54,570818.2,6849.82,306499.2,3371.49,366730.7,3300.58,287402.6,2011.82,43930.4,3514.43,283300.2,0.3384,0.8555,1.0131,0.0,10633.28,21.7818,5000000
Phoenix,2023-02-05,661527.5,11907.5,117855.5,4007.09,484045.1,5808.54,321049.8,3531.55,483159.2,4348.43,301482.0,2110.37,45861.0,3668.88,275818.9,0.363,0.9786,1.0153,0.0,10612.26,21.8295,5000000
Phoenix,2023-02-12,725809.2,13064.57,163995.8,5575.86,630935.1,7571.22,269610.4,2965.71,398332.7,3584.99,314707.1,2202.95,54308.2,4344.66,313336.3,0.3986,0.9961,0.9605,1.0,12690.34,20.6506,5000000
Phoenix,2023-02-19,713932.0,12850.78,142266.3,4837.05,577086.0,6925.03,323578.7,3559.37,418451.3,3766.06,319931.6,2239.52,47873.9,3829.91,332785.0,0.447,0.8135,1.008,0.0,12798.16,21.6715,5000000
Phoenix,2023-02-26,769418.2,13849.53,131604.7,4474.56,538480.8,6461.77,368313.6,4051.45,545205.9,4906.85,329014.9,2303.1,61274.8,4901.99,357007.8,0.5091,1.0715,1.0188,0.0,12367.23,21.9046,5000000
Phoenix,2023-03-05,708400.5,12751.21,189321.7,6436.94,685119.0,8221.43,388895.2,4277.85,619001.3,5571.01,311954.1,2183.68,64391.0,5151.28,381266.0,0.5834,1.233,0.9846,0.0,12984.47,21.1684,5000000
Phoenix,2023-03-12,824165.2,14834.97,183040.4,6223.37,646991.9,7763.9,329704.0,3626.74,671033.2,6039.3,305406.7,2137.85,54862.4,4388.99,401933.2,0.6662,1.0773,0.9962,0.0,14004.42,21.4186,5000000
Phoenix,2023-03-19,679846.1,12237.23,176954.6,6016.45,671772.7,8061.27,333485.3,3668.34,628240.0,5654.16,354928.3,2484.5,53727.6,4298.21,450216.3,0.7511,1.2528,0.9489,1.0,17396.79,20.4014,5000000
Phoenix,2023-03-26,760315.9,13685.69,216264.7,7353.0,654395.7,7852.75,468648.3,5155.13,708372.7,6375.35,398665.6,2790.66,68056.4,5444.51,486793.2,0.8297,1.1364,0.9967,0.0,16575.02,21.4287,5000000
Phoenix,2023-04-02,983742.1,17707.36,190564.1,6479.18,934571.0,11214.85,443183.9,4875.02,770252.9,6932.28,345304.6,2417.13,71206.1,5696.49,471345.5,0.893,1.3357,1.0187,0.0,17091.42,21.9023,5000000
Phoenix,2023-04-09,876851.5,15783.33,248111.4,8435.79,715229.3,8582.75,477507.9,5252.59,635045.1,5715.41,382634.9,2678.44,67864.0,5429.12,492848.4,0.9328,1.5273,1.0159,0.0,16422.72,21.8423,5000000
Phoenix,2023-04-16,776921.8,13984.59,202647.0,6890.0,924753.7,11097.04,441976.6,4861.74,658333.6,5925.0,405974.2,2841.82,74307.6,5944.61,490396.2,0.9437,1.5344,1.0131,0.0,17808.19,21.7819,5000000
Phoenix,2023-04-23,778001.3,14004.02,207495.6,7054.85,889209.6,10670.51,487904.2,5366.95,688761.6,6198.85,377679.5,2643.76,75218.7,6017.5,451253.6,0.9242,1.5353,0.9688,1.0,18859.43,20.8292,5000000
Phoenix,2023-04-30,736607.2,13258.93,191991.1,6527.7,920747.8,11048.97,426924.8,4696.17,722868.0,6505.81,364379.2,2550.65,74663.4,5973.08,522370.4,0.877,1.3719,1.0131,0.0,16583.01,21.7807,5000000
Phoenix,2023-05-07,714576.6,12862.38,195744.6,6655.32,825733.0,9908.8,414224.7,4556.47,711050.3,6399.45,382907.4,2680.35,71146.0,5691.68,435015.8,0.8085,1.4921,1.004,0.0,14990.85,21.5871,5000000
Phoenix,2023-05-14,813863.9,14649.55,194141.7,6600.82,698329.1,8379.95,352742.8,3880.17,670461.6,6034.15,291306.6,2039.15,52088.9,4167.12,403943.1,0.7271,1.4067,0.9869,0.0,14615.25,21.2177,5000000
Phoenix,2023-05-21,758456.1,13652.21,162661.9,5530.5,704458.2,8453.5,400912.2,4410.03,651737.5,5865.64,327272.5,2290.91,60522.6,4841.8,377536.6,0.6421,1.298,0.9849,0.0,13635.45,21.1744,5000000
Phoenix,2023-05-28,661546.5,11907.84,167222.0,5685.55,685249.4,8222.99,346765.9,3814.42,474061.9,4266.56,311609.1,2181.26,48592.7,3887.42,330570.9,0.5613,1.1778,1.0007,0.0,12638.2,21.5161,5000000
Phoenix,2023-06-04,703989.2,12671.8,166410.2,5657.95,646162.1,7753.95,339280.8,3732.09,525206.9,4726.86,374801.0,2623.61,58317.3,4665.38,327315.7,0.4904,1.0818,0.9402,1.0,13715.29,20.2136,5000000
Phoenix,2023-06-11,751678.9,13530.22,137437.9,4672.89,639077.0,7668.92,295730.9,3253.04,552509.3,4972.58,377797.0,2644.58,53966.6,4317.33,362881.7,0.4329,1.0271,0.951,1.0,14059.39,20.4465,5000000
Phoenix,2023-06-18,646630.5,11639.35,119289.7,4055.85,498234.5,5978.81,292489.6,3217.39,530949.0,4778.54,326089.2,2282.62,54893.0,4391.44,328524.9,0.3896,0.878,0.9368,1.0,13514.53,20.1409,5000000
Phoenix,2023-06-25,496706.2,8940.71,160524.6,5457.84,628845.7,7546.15,254242.6,2796.67,519635.5,4676.72,314870.0,2204.09,50636.0,4050.88,293450.5,0.3602,0.8863,0.9545,1.0,10709.18,20.5223,5000000
Phoenix,2023-07-02,638357.1,11490.43,140877.1,4789.82,461445.7,5537.35,313978.3,3453.76,518264.9,4664.38,278276.4,1947.93,52598.7,4207.9,273695.8,0.3437,0.9475,1.0022,0.0,9922.23,21.5474,5000000
Phoenix,2023-07-09,664889.8,11968.02,146537.2,4982.27,596889.9,7162.68,270066.2,2970.73,399727.9,3597.55,373137.6,2611.96,37418.5,2993.48,267304.1,0.3392,0.7912,0.9456,1.0,12476.86,20.3312,5000000
Phoenix,2023-07-16,669439.5,12049.91,154109.8,5239.73,507802.5,6093.63,332785.9,3660.64,445516.5,4009.65,296839.2,2077.87,40428.4,3234.27,295031.2,0.3463,0.8089,1.0132,0.0,11072.75,21.7845,5000000
Phoenix,2023-07-23,709949.6,12779.09,132386.6,4501.14,514181.9,6170.18,292696.9,3219.67,465507.1,4189.56,300348.2,2102.44,43035.1,3442.81,298873.1,0.3655,0.8458,0.9971,0.0,10879.21,21.4386,5000000
Phoenix,2023-07-30,687921.9,12382.59,168282.9,5721.62,499003.9,5988.05,308737.2,3396.11,437353.6,3936.18,370128.0,2590.9,47262.9,3781.03,304848.2,0.3971,1.0183,0.9948,0.0,11604.13,21.3891,5000000
Phoenix,2023-08-06,562640.4,10127.53,129582.6,4405.81,672797.0,8073.56,349139.4,3840.53,486451.4,4378.06,316273.6,2213.92,42931.6,3434.53,290276.2,0.4405,0.8992,1.0147,0.0,11607.87,21.8169,5000000
Phoenix,2023-08-13,611877.9,11013.8,136168.9,4629.74,593160.0,7117.92,346780.6,3814.59,491388.8,4422.5,301697.7,2111.88,47077.6,3766.21,298617.4,0.4935,0.9896,1.0119,0.0,11564.56,21.755,5000000
Phoenix,2023-08-20,821649.6,14789.69,138382.9,4705.02,699850.4,8398.2,341088.5,3751.97,533002.7,4797.02,310954.3,2176.68,57239.7,4579.18,339325.3,0.5513,1.0814,1.0102,0.0,12361.07,21.7185,5000000
Phoenix,2023-08-27,789407.9,14209.34,182308.6,6198.49,655846.1,7870.15,373856.6,4112.42,616193.6,5545.74,368192.2,2577.35,58146.2,4651.69,339105.9,0.607,1.0131,0.9927,0.0,13576.15,21.3435,5000000
Phoenix,2023-09-03,842268.2,15160.83,163024.6,5542.84,788811.1,9465.73,325449.6,3579.95,515116.7,4636.05,285851.0,2000.96,51887.5,4151.0,340077.8,0.6525,1.1341,0.9844,0.0,13142.75,21.1655,5000000
Phoenix,2023-09-10,775427.8,13957.7,169397.8,5759.52,745906.8,8950.88,342452.8,3766.98,520858.1,4687.72,402182.5,2815.28,57718.7,4617.5,417782.7,0.6803,1.3441,0.9919,0.0,13971.57,21.3259,5000000
Phoenix,2023-09-17,739911.9,13318.41,158439.7,5386.95,767270.6,9207.25,309278.2,3402.06,597408.6,5376.68,356844.5,2497.91,59200.8,4736.07,389185.0,0.6854,1.202,0.9997,0.0,13784.49,21.493,5000000
Phoenix,2023-09-24,701461.7,12626.31,206788.4,7030.81,738248.9,8858.99,431339.5,4744.73,604858.8,5443.73,289238.3,2024.67,50676.1,4054.09,378048.5,0.6669,1.1942,0.9321,1.0,15414.89,20.0393,5000000
Phoenix,2023-10-01,726013.8,13068.25,169968.5,5778.93,734876.1,8818.51,311530.0,3426.83,614111.0,5527.0,399236.0,2794.65,53269.0,4261.52,397247.9,0.6282,1.2561,1.0051,0.0,13247.23,21.6101,5000000
Phoenix,2023-10-08,722645.8,13007.62,152918.1,5199.22,687928.0,8255.14,343900.1,3782.9,602356.8,5421.21,395332.2,2767.33,50259.2,4020.74,359512.1,0.5758,0.9956,0.9883,0.0,12195.23,21.2482,5000000
Phoenix,2023-10-15,678497.7,12212.96,179854.3,6115.05,622502.0,7470.02,303375.1,3337.13,527832.3,4750.49,385909.5,2701.37,52393.1,4191.45,351480.9,0.5177,1.0135,0.9872,0.0,11959.98,21.2254,5000000
Phoenix,2023-10-22,664534.9,11961.63,168949.2,5744.27,481333.1,5776.0,267063.3,2937.7,490599.8,4415.4,334214.0,2339.5,43632.9,3490.63,318301.6,0.4614,0.8296,0.9888,0.0,11403.46,21.2592,5000000
Phoenix,2023-10-29,599353.9,10788.37,130726.4,4444.7,635193.4,7622.32,266423.3,2930.66,504578.2,4541.2,278987.1,1952.91,55494.1,4439.53,281463.8,0.4124,0.9199,0.9669,1.0,11903.32,20.7886,5000000
Phoenix,2023-11-05,621512.4,11187.22,136448.0,4639.23,573554.7,6882.66,238652.4,2625.18,425974.9,3833.77,296174.0,2073.22,53708.6,4296.69,279151.0,0.3736,0.9556,0.9936,0.0,10671.52,21.362,5000000
Phoenix,2023-11-12,609534.0,10971.61,137505.0,4675.17,517060.6,6204.73,263879.4,2902.67,512268.5,4610.42,270769.1,1895.38,43677.9,3494.23,283474.1,0.3452,0.9598,1.0174,0.0,9791.78,21.8732,5000000
Phoenix,2023-11-19,634657.1,11423.83,114900.7,3906.62,567219.5,6806.63,250158.8,2751.75,403937.4,3635.44,379593.7,2657.16,45671.5,3653.72,277947.2,0.3261,0.8486,0.9424,1.0,12094.15,20.2623,5000000
Phoenix,2023-11-26,534811.5,9626.61,111523.5,3791.8,433977.1,5207.73,312557.2,3438.13,374973.1,3374.76,311072.4,2177.51,47219.0,3777.52,257439.1,0.3142,0.7452,1.0016,0.0,10050.16,21.5345,5000000
Phoenix,2023-12-03,508910.6,9160.39,129171.4,4391.83,499359.9,5992.32,294908.2,3243.99,393500.7,3541.51,327155.0,2290.09,37651.5,3012.12,261587.3,0.3072,0.7264,1.0156,0.0,9567.89,21.8357,5000000
Phoenix,2023-12-10,493148.7,8876.68,140471.4,4776.03,526152.9,6313.83,308595.2,3394.55,390094.1,3510.85,346262.8,2423.84,46804.5,3744.36,270137.3,0.3035,0.8795,0.9816,0.0,10999.85,21.1051,5000000
Phoenix,2023-12-17,488575.3,8794.36,114539.8,3894.35,487006.8,5844.08,232514.9,2557.66,362507.5,3262.57,353781.9,2476.47,37486.4,2998.91,275900.9,0.3016,0.7167,1.0106,0.0,8892.83,21.7271,5000000
Phoenix,2023-12-24,494129.4,8894.33,124749.1,4241.47,426798.2,5121.58,266678.4,2933.46,402628.5,3623.66,325768.2,2280.38,43916.0,3513.28,282572.5,0.3007,0.9078,1.0079,0.0,10424.92,21.6691,5000000
Phoenix,2023-12-31,515476.9,9278.58,126764.3,4309.99,579420.2,6953.04,304712.6,3351.84,368144.0,3313.3,349146.3,2444.02,49980.8,3998.47,264617.9,0.3003,0.8255,1.0133,0.0,10297.27,21.7865,5000000
Phoenix,2024-01-07,552821.1,9950.78,113352.7,3853.99,529942.6,6359.31,247686.6,2724.55,366948.5,3302.54,372632.7,2608.43,35894.4,2871.55,250510.1,0.3059,0.9121,0.9891,0.0,9583.75,21.2653,5000000
Phoenix,2024-01-14,534859.8,9627.48,118472.6,4028.07,456100.4,5473.21,256047.0,2816.52,506492.8,4558.44,325319.3,2277.24,40202.1,3216.17,253605.3,0.3113,0.8035,1.0016,0.0,9885.65,21.5354,5000000
Phoenix,2024-01-21,651888.3,11733.99,136975.3,4657.16,458319.4,5499.83,271405.7,2985.46,365444.7,3289.0,323068.6,2261.48,36404.0,2912.32,258796.6,0.3205,0.8745,0.9317,1.0,11866.95,20.0323,5000000
Phoenix,2024-01-28,492790.3,8870.22,127686.0,4341.32,583392.7,7000.71,315725.5,3472.98,503042.1,4527.38,362741.0,2539.19,45933.1,3674.65,310328.5,0.3356,0.7232,0.9378,1.0,11975.16,20.162,5000000
Phoenix,2024-02-04,635018.5,11430.33,114683.5,3899.24,498798.9,5985.59,326714.8,3593.86,421648.5,3794.84,378299.4,2648.1,39373.5,3149.88,279052.9,0.3589,0.9457,0.9994,0.0,11262.99,21.4865,5000000
Phoenix,2024-02-11,684290.1,12317.22,126817.3,4311.79,621173.6,7454.08,260888.2,2869.77,460671.2,4146.04,308969.7,2162.79,43446.4,3475.71,320977.8,0.3927,1.0228,0.9991,0.0,11489.55,21.4814,5000000
Phoenix,2024-02-18,684991.4,12329.85,148005.1,5032.17,606781.4,7281.38,288533.4,3173.87,509221.1,4582.99,378725.8,2651.08,48724.5,3897.96,297554.8,0.4393,1.0506,0.9979,0.0,12187.43,21.4557,5000000
Phoenix,2024-02-25,571732.7,10291.19,137460.9,4673.67,677173.0,8126.08,356321.8,3919.54,447694.0,4029.25,346519.1,2425.63,58221.9,4657.75,345566.1,0.4994,0.9021,1.0047,0.0,12072.14,21.6006,5000000
Phoenix,2024-03-03,720604.2,12970.88,142414.4,4842.09,653759.5,7845.11,368212.8,4050.34,614402.6,5529.62,366476.7,2565.34,58714.4,4697.15,385869.5,0.5722,1.067,1.0135,0.0,14064.44,21.7909,5000000
Phoenix,2024-03-10,706868.4,12723.63,183697.4,6245.71,678728.1,8144.74,366726.4,4033.99,493698.7,4443.29,298954.3,2092.68,64884.8,5190.79,348609.9,0.6541,1.0239,0.9608,1.0,15625.86,20.658,5000000
Phoenix,2024-03-17,824867.6,14847.62,172964.0,5880.78,607587.2,7291.05,325545.9,3581.01,605781.6,5452.03,400937.5,2806.56,71307.0,5704.56,432115.6,0.7392,1.0571,1.0102,0.0,15439.81,21.7184,5000000
Phoenix,2024-03-24,915398.1,16477.17,193917.2,6593.18,829868.5,9958.42,426300.3,4689.3,608524.9,5476.72,385382.0,2697.67,55856.3,4468.5,393856.9,0.8192,1.1689,0.9921,0.0,14409.17,21.3303,5000000
Phoenix,2024-03-31,792584.8,14266.53,219389.2,7459.23,723868.8,8686.43,433601.4,4769.62,742175.4,6679.58,410895.9,2876.27,76886.4,6150.91,415967.6,0.8852,1.5141,1.0105,0.0,15625.42,21.7255,5000000
Phoenix,2024-04-07,842127.8,15158.3,219271.1,7455.22,723778.6,8685.34,393280.5,4326.09,567780.0,5110.02,397216.4,2780.51,79311.9,6344.95,502116.3,0.9288,1.5044,1.0157,0.0,16931.15,21.8381,5000000
Phoenix,2024-04-14,828346.9,14910.24,182625.5,6209.27,893943.6,10727.32,447510.7,4922.62,795081.1,7155.73,393135.2,2751.95,76699.3,6135.95,496130.6,0.944,1.4559,0.9919,0.0,17365.37,21.3259,5000000
Phoenix,2024-04-21,1042351.6,18762.33,176215.2,5991.32,740815.1,8889.78,453952.6,4993.48,686317.6,6176.86,362176.0,2535.23,58353.2,4668.26,477206.3,0.9288,1.4979,1.0197,0.0,17397.74,21.9239,5000000
Phoenix,2024-04-28,803802.3,14468.44,172208.4,5855.08,839817.6,10077.81,377490.8,4152.4,564048.6,5076.44,358862.1,2512.03,71542.8,5723.42,458713.8,0.8852,1.5803,1.0141,0.0,16881.44,21.8032,5000000
Phoenix,2024-05-05,949489.2,17090.81,164608.3,5596.68,643499.2,7721.99,337208.8,3709.3,710512.4,6394.61,324562.6,2271.94,70711.9,5656.95,429752.1,0.8192,1.4805,0.942,1.0,18194.13,20.2526,5000000
Phoenix,2024-05-12,784763.0,14125.73,214040.7,7277.39,829607.5,9955.29,406944.1,4476.39,575274.3,5177.47,326140.0,2282.98,54892.7,4391.41,439536.9,0.7392,1.3424,0.9847,0.0,15126.17,21.1704,5000000
Phoenix,2024-05-19,846151.4,15230.73,181133.5,6158.54,672658.3,8071.9,371414.6,4085.56,558857.4,5029.72,304997.7,2134.98,61946.3,4955.7,367204.1,0.6541,1.0687,0.9856,0.0,14669.02,21.1911,5000000
Phoenix,2024-05-26,662216.8,11919.9,141279.8,4803.51,713777.2,8565.33,403146.3,4434.61,467881.0,4210.93,345779.3,2420.45,47892.3,3831.39,392943.1,0.5723,1.1791,0.9952,0.0,14333.61,21.3977,5000000
Phoenix,2024-06-02,606059.8,10909.08,144556.7,4914.93,514864.1,6178.37,368259.1,4050.85,558696.7,5028.27,315467.6,2208.27,57137.8,4571.03,318735.3,0.4998,0.9604,0.9999,0.0,11485.65,21.4978,5000000
Phoenix,2024-06-09,757279.2,13631.03,171356.0,5826.1,527840.7,6334.09,255424.3,2809.67,494287.5,4448.59,328446.5,2299.13,42336.1,3386.89,327982.1,0.4402,0.9555,0.9838,0.0,11926.99,21.1516,5000000
Phoenix,2024-06-16,699984.9,12599.73,147387.0,5011.16,516861.6,6202.34,281322.5,3094.55,400928.6,3608.36,277648.0,1943.54,39024.2,3121.93,298943.3,0.3949,1.0262,0.9872,0.0,12306.38,21.2255,5000000
Phoenix,2024-06-23,522277.4,9400.99,119489.7,4062.65,574965.8,6899.59,308000.7,3388.01,420648.1,3785.83,351215.7,2458.51,38292.9,3063.43,286535.2,0.3636,0.9157,0.957,1.0,12820.04,20.5752,5000000
Phoenix,2024-06-30,551869.0,9933.64,135388.0,4603.19,612017.5,7344.21,245746.4,2703.21,502857.9,4525.72,277000.8,1939.01,41476.3,3318.11,282447.1,0.3453,0.8228,1.0124,0.0,10692.03,21.7676,5000000
Phoenix,2024-07-07,578138.7,10406.5,117319.1,3988.85,475496.7,5705.96,253498.5,2788.48,448722.8,4038.51,336381.6,2354.67,37648.8,3011.9,251650.1,0.3391,0.7248,1.0005,0.0,10934.15,21.5101,5000000
Phoenix,2024-07-14,592346.7,10662.24,159008.2,5406.28,604539.2,7254.47,248193.4,2730.13,418512.6,3766.61,322175.0,2255.22,44536.5,3562.92,300612.4,0.3446,0.8972,0.9966,0.0,10358.42,21.428,5000000
Phoenix,2024-07-21,667139.0,12008.5,133914.9,4553.11,488142.9,5857.72,291559.7,3207.16,446915.3,4022.24,310077.5,2170.54,41275.4,3302.04,307969.4,0.362,0.8428,0.9826,0.0,10934.41,21.127,5000000
Phoenix,2024-07-28,671978.3,12095.61,139283.6,4735.64,632909.9,7594.92,341198.4,3753.18,468477.3,4216.3,285642.6,1999.5,49780.8,3982.46,306064.8,0.3919,0.9553,0.9963,0.0,11455.94,21.4202,5000000
Phoenix,2024-08-04,620661.1,11171.9,165451.9,5625.37,622708.8,7472.51,258965.6,2848.62,428355.4,3855.2,357732.5,2504.13,50170.3,4013.62,320094.1,0.4337,0.9987,1.0043,0.0,10425.32,21.5914,5000000
Phoenix,2024-08-11,791327.9,14243.9,163741.9,5567.22,599680.0,7196.16,275023.9,3025.26,501589.7,4514.31,271867.1,1903.07,54506.8,4360.55,329455.6,0.4855,1.0299,1.0007,0.0,11118.43,21.5148,5000000
Phoenix,2024-08-18,775504.2,13959.08,139444.9,4741.13,651752.7,7821.03,346667.1,3813.34,463749.5,4173.75,386553.4,2705.87,55067.9,4405.43,345524.3,0.543,1.1558,0.9957,0.0,12652.3,21.4071,5000000
Phoenix,2024-08-25,867339.3,15612.11,159310.5,5416.56,698343.8,8380.13,391881.8,4310.7,464717.4,4182.46,358568.7,2509.98,50874.6,4069.97,378603.7,0.5995,1.0095,1.0186,0.0,12660.23,21.9,5000000
Phoenix,2024-09-01,665720.6,11982.97,160472.2,5456.06,706008.5,8472.1,325447.3,3579.92,531731.3,4785.58,352828.0,2469.8,54726.8,4378.14,395944.8,0.647,1.1696,0.9666,1.0,16479.39,20.7817,5000000
Phoenix,2024-09-08,675507.5,12159.14,150491.1,5116.7,691635.7,8299.63,394378.4,4338.16,644430.8,5799.88,309084.0,2163.59,53964.6,4317.17,387682.7,0.6776,1.1806,1.0009,0.0,14556.16,21.5202,5000000
Phoenix,2024-09-15,850081.5,15301.47,171360.9,5826.27,798691.6,9584.3,359051.0,3949.56,517865.9,4660.79,327540.5,2292.78,58139.8,4651.18,378432.0,0.6862,1.2256,1.0003,0.0,14445.28,21.5067,5000000
Phoenix,2024-09-22,675035.1,12150.63,168788.4,5738.8,609637.0,7315.64,391724.2,4308.97,573662.7,5162.96,301519.8,2110.64,48734.5,3898.76,393185.1,0.6709,1.0431,1.0033,0.0,13738.98,21.571,5000000
Phoenix,2024-09-29,789080.8,14203.45,205085.1,6972.89,578541.0,6942.49,381819.2,4200.01,626812.0,5641.31,346910.0,2428.37,63472.7,5077.82,375473.6,0.6347,1.2227,1.0133,0.0,13930.64,21.7865,5000000
Phoenix,2024-10-06,778879.4,14019.83,186104.2,6327.54,609135.2,7309.62,356886.9,3925.76,486338.7,4377.05,328958.8,2302.71,62824.3,5025.95,351010.9,0.5838,1.2398,1.0044,0.0,12197.56,21.5945,5000000
Phoenix,2024-10-13,679700.0,12234.6,163219.9,5549.48,551368.2,6616.42,328636.1,3615.0,571646.0,5144.81,353240.2,2472.68,46685.7,3734.86,335098.6,0.526,1.0893,0.9516,1.0,13615.88,20.4591,5000000
Phoenix,2024-10-20,739915.8,13318.49,146436.1,4978.83,559390.7,6712.69,322590.5,3548.5,534524.8,4810.72,320307.7,2242.15,54023.7,4321.9,277441.2,0.4691,1.0758,0.9654,1.0,12823.57,20.7568,5000000
Phoenix,2024-10-27,578408.6,10411.35,161684.7,5497.28,517569.2,6210.83,300129.1,3301.42,471471.1,4243.24,268663.8,1880.65,50080.8,4006.47,268702.9,0.4188,0.8137,1.0,0.0,11652.56,21.4995,5000000
Phoenix,2024-11-03,694609.3,12502.97,167133.2,5682.53,630120.9,7561.45,332343.7,3655.78,449451.5,4045.06,299028.9,2093.2,39349.7,3147.97,268453.4,0.3785,0.8317,0.94,1.0,12332.19,20.2102,5000000
Phoenix,2024-11-10,536182.0,9651.28,150109.0,5103.71,600533.3,7206.4,313626.1,3449.89,488330.6,4394.98,357462.6,2502.24,43329.2,3466.34,302244.5,0.3487,0.8052,0.9818,0.0,11192.59,21.1077,5000000
Phoenix,2024-11-17,518652.7,9335.75,122872.5,4177.67,533371.6,6400.46,320041.6,3520.46,447003.1,4023.03,327310.3,2291.17,37684.1,3014.73,273112.4,0.3284,0.8536,1.0137,0.0,9947.73,21.795,5000000
Phoenix,2024-11-24,542930.2,9772.74,143043.2,4863.47,459324.5,5511.89,290195.7,3192.15,389508.9,3505.58,378724.1,2651.07,38155.2,3052.42,276750.3,0.3155,0.8728,1.0153,0.0,10501.15,21.8295,5000000
Phoenix,2024-12-01,556614.2,10019.06,146830.6,4992.24,580870.3,6970.44,281042.3,3091.47,399046.9,3591.42,303835.3,2126.85,49612.9,3969.03,227776.4,0.308,0.7901,1.0049,0.0,9207.93,21.6054,5000000
Phoenix,2024-12-08,495761.4,8923.7,153331.9,5213.28,544541.5,6534.5,317549.4,3493.04,370140.5,3331.26,293963.3,2057.74,40949.2,3275.94,251555.5,0.3039,0.8531,0.9992,0.0,10662.31,21.4819,5000000
Phoenix,2024-12-15,493836.2,8889.05,119298.9,4056.16,478346.9,5740.16,240423.3,2644.66,405806.6,3652.26,334946.4,2344.62,37510.7,3000.86,259330.8,0.3017,0.8144,1.0177,0.0,9618.82,21.8814,5000000
Phoenix,2024-12-22,642506.3,11565.11,151431.9,5148.68,520376.3,6244.52,295553.0,3251.08,373280.4,3359.52,371757.2,2602.3,39975.5,3198.04,283510.0,0.3007,0.767,1.0143,0.0,9951.18,21.8068,5000000
Phoenix,2024-12-29,545699.7,9822.6,155769.1,5296.15,420553.8,5046.65,289108.2,3180.19,448799.5,4039.2,362565.1,2537.96,47836.4,3826.92,250476.5,0.3003,0.8081,0.9856,0.0,10732.98,21.1911,5000000
Phoenix,2025-01-05,628763.2,11317.74,153260.8,5210.87,549455.5,6593.47,250564.8,2756.21,404245.5,3638.21,329293.4,2305.05,39719.6,3177.57,247762.8,0.3049,0.8593,1.0051,0.0,9368.46,21.6091,5000000
Phoenix,2025-01-12,480432.4,8647.78,110408.1,3753.88,594734.8,7136.82,282142.7,3103.57,407312.6,3665.81,300237.0,2101.66,43564.6,3485.16,229572.7,0.3094,0.8669,0.9479,1.0,11137.47,20.38,5000000
Phoenix,2025-01-19,609858.8,10977.46,115803.0,3937.3,554201.5,6650.42,260326.1,2863.59,480840.1,4327.56,305341.3,2137.39,38963.2,3117.05,302457.6,0.3174,0.8041,0.9868,0.0,10149.51,21.2168,5000000
Phoenix,2025-01-26,517341.7,9312.15,135505.2,4607.18,579942.5,6959.31,232538.5,2557.92,436473.1,3928.26,279169.7,1954.19,37911.9,3032.95,252566.7,0.3306,0.7378,0.984,0.0,9784.56,21.1555,5000000
Phoenix,2025-02-02,685806.7,12344.52,155871.6,5299.63,572711.5,6872.54,275656.8,3032.23,412104.5,3708.94,379612.9,2657.29,50708.8,4056.7,297414.9,0.3512,0.8054,1.01,0.0,11252.07,21.7144,5000000
Phoenix,2025-02-09,508305.1,9149.49,132870.7,4517.6,446337.2,5356.05,343312.4,3776.44,457780.2,4120.02,345517.5,2418.62,41482.7,3318.61,275963.8,0.3818,0.9119,0.9954,0.0,10304.22,21.4018,5000000
Phoenix,2025-02-16,721300.2,12983.4,170098.4,5783.35,489225.1,5870.7,285955.3,3145.51,442025.8,3978.23,291349.1,2039.44,49635.7,3970.86,315247.7,0.4246,0.8496,1.0011,0.0,11860.73,21.5231,5000000
Phoenix,2025-02-23,563087.0,10135.57,139615.9,4746.94,543949.0,6527.39,356023.4,3916.26,520918.9,4688.27,303993.4,2127.95,57321.3,4585.7,313912.2,0.4809,1.0034,0.9371,1.0,13603.7,20.1483,5000000
Phoenix,2025-03-02,759909.7,13678.37,139975.0,4759.15,695427.8,8345.13,386343.7,4249.78,516865.7,4651.79,315991.7,2211.94,54598.2,4367.86,332632.0,0.5502,0.9658,1.0147,0.0,13240.61,21.8162,5000000
Phoenix,2025-03-09,664924.4,11968.64,164828.3,5604.16,602741.3,7232.9,393776.5,4331.54,501888.6,4517.0,382103.7,2674.73,46896.5,3751.72,350709.7,0.63,1.0799,0.9912,0.0,12099.33,21.3109,5000000
Phoenix,2025-03-16,792025.0,14256.45,205934.3,7001.77,598614.1,7183.37,437142.3,4808.56,525805.0,4732.24,339800.0,2378.6,67580.6,5406.45,377924.2,0.715,1.0872,0.9978,0.0,14583.67,21.4531,5000000
Phoenix,2025-03-23,760693.4,13692.48,168943.0,5744.06,755801.1,9069.61,435017.9,4785.2,644685.3,5802.17,358343.0,2508.4,72880.7,5830.45,432648.4,0.7974,1.3076,1.0036,0.0,15308.79,21.5785,5000000
Phoenix,2025-03-30,799070.0,14383.26,240732.0,8184.89,699961.2,8399.53,480877.3,5289.65,690989.0,6218.9,414812.4,2903.69,63166.6,5053.33,394199.1,0.8683,1.5422,1.0112,0.0,15724.79,21.7409,5000000
Phoenix,2025-04-06,836621.5,15059.19,222099.1,7551.37,915182.9,10982.19,381066.2,4191.73,666749.9,6000.75,365334.3,2557.34,63620.0,5089.6,481544.8,0.919,1.381,0.992,0.0,16273.6,21.3285,5000000
Phoenix,2025-04-13,880545.2,15849.81,211963.1,7206.75,764660.7,9175.93,380053.1,4180.58,679487.4,6115.39,388240.0,2717.68,61847.3,4947.78,530097.0,0.9427,1.5065,0.9863,0.0,17785.93,21.2052,5000000
Phoenix,2025-04-20,959374.6,17268.74,191263.0,6502.94,910842.9,10930.11,460740.9,5068.15,774777.2,6973.0,298346.2,2088.42,74402.1,5952.17,525122.9,0.9362,1.5931,0.9969,0.0,16817.7,21.4323,5000000
Phoenix,2025-04-27,1055208.4,18993.75,218451.7,7427.36,850706.9,10208.48,424048.6,4664.53,604514.1,5440.63,293198.5,2052.39,63797.1,5103.77,528869.3,0.9003,1.5302,0.9964,0.0,17857.43,21.4233,5000000
Phoenix,2025-05-04,917889.8,16522.02,205188.2,6976.4,697772.0,8373.26,392448.7,4316.94,740462.9,6664.17,321705.9,2251.94,70085.6,5606.85,466140.7,0.8399,1.2723,1.0173,0.0,15452.33,21.8712,5000000
Phoenix,2025-05-11,843966.1,15191.39,202182.8,6874.22,660991.6,7931.9,439118.8,4830.31,609181.7,5482.64,327560.8,2292.93,60799.4,4863.96,433067.0,0.763,1.4411,1.0044,0.0,15616.73,21.5942,5000000
Phoenix,2025-05-18,838729.5,15097.13,191025.1,6494.85,581634.1,6979.61,321725.7,3538.98,604815.1,5443.34,284884.3,1994.19,58337.8,4667.03,389480.0,0.6784,1.1835,0.9924,0.0,15191.94,21.3362,5000000
Phoenix,2025-05-25,706849.4,12723.29,166837.8,5672.48,683815.5,8205.79,355647.2,3912.12,534026.2,4806.24,315589.4,2209.13,51304.9,4104.39,359654.3,0.595,1.0616,1.0069,0.0,13233.56,21.6476,5000000
Phoenix,2025-06-01,742177.3,13359.19,149220.4,5073.49,634468.3,7613.62,358851.2,3947.36,605822.7,5452.4,288677.5,2020.74,53524.6,4281.97,345739.3,0.5193,1.0033,1.0177,0.0,12157.12,21.8797,5000000
Phoenix,2025-06-08,580818.1,10454.73,141722.1,4818.55,503398.9,6040.79,300907.3,3309.98,456901.4,4112.11,297177.9,2080.25,58393.5,4671.48,310733.2,0.4558,1.0864,0.9936,0.0,12308.9,21.3616,5000000
Phoenix,2025-06-15,738776.3,13297.97,142962.5,4860.73,461462.4,5537.55,349372.0,3843.09,524869.5,4723.83,304527.4,2131.69,47697.3,3815.79,345360.2,0.4064,0.9468,1.0038,0.0,11235.54,21.582,5000000
Phoenix,2025-06-22,704465.3,12680.38,152576.6,5187.6,576486.7,6917.84,311367.0,3425.04,539373.6,4854.36,279664.9,1957.65,39730.5,3178.44,308879.4,0.3712,0.7994,0.9366,1.0,13225.13,20.1368,5000000
Phoenix,2025-06-29,620998.2,11177.97,137920.8,4689.31,565317.0,6783.8,313148.1,3444.63,371923.3,3347.31,333716.5,2336.02,39050.4,3124.03,284286.0,0.3493,0.8816,1.0166,0.0,10297.1,21.8569,5000000
Phoenix,2025-07-06,576730.2,10381.14,149579.0,5085.69,605479.3,7265.75,240151.4,2641.67,439344.0,3954.1,277503.2,1942.52,38826.4,3106.11,254385.9,0.3397,0.7922,0.9829,0.0,10777.65,21.132,5000000
Phoenix,2025-07-13,541452.6,9746.15,115833.5,3938.34,518722.4,6224.67,284492.1,3129.41,459184.5,4132.66,316986.1,2218.9,43323.6,3465.89,280563.2,0.3418,0.7671,1.0018,0.0,10747.72,21.5381,5000000
Phoenix,2025-07-20,617073.8,11107.33,116398.8,3957.56,436742.0,5240.9,300233.6,3302.57,526606.0,4739.45,315667.8,2209.67,39883.9,3190.71,311242.8,0.3558,0.8358,0.9808,0.0,9995.6,21.0866,5000000
Phoenix,2025-07-27,691768.7,12451.84,122599.4,4168.38,628921.1,7547.05,319700.9,3516.71,502364.1,4521.28,365656.4,2559.59,42410.3,3392.83,292757.3,0.3821,0.8279,1.0195,0.0,11124.14,21.92,5000000
Phoenix,2025-08-03,636189.5,11451.41,153823.4,5230.0,472651.7,5671.82,266886.5,2935.75,397100.8,3573.91,325961.2,2281.73,54695.7,4375.66,343067.6,0.4206,0.8515,0.9663,1.0,13199.58,20.7764,5000000
Phoenix,2025-08-10,773917.7,13930.52,164351.0,5587.93,515572.1,6186.87,301653.6,3318.19,534176.4,4807.59,372524.6,2607.67,49877.3,3990.18,367528.0,0.4699,0.8303,0.9389,1.0,14583.62,20.1872,5000000
Phoenix,2025-08-17,659705.9,11874.71,184374.1,6268.72,603176.1,7238.11,313167.8,3444.85,566071.5,5094.64,375552.8,2628.87,44063.6,3525.09,372943.2,0.5264,0.9028,0.997,0.0,12461.16,21.4362,5000000
Phoenix,2025-08-24,766463.7,13796.35,147416.7,5012.17,738669.5,8864.03,316295.9,3479.25,470942.7,4238.48,315604.2,2209.23,56959.4,4556.75,360332.5,0.5839,1.2147,0.9538,1.0,15000.96,20.5077,5000000
Phoenix,2025-08-31,698745.6,12577.42,193147.2,6567.0,556512.3,6678.15,338429.6,3722.73,668742.7,6018.68,312458.9,2187.21,53559.3,4284.74,351208.7,0.6348,1.2843,1.0178,0.0,13231.35,21.882,5000000
Phoenix,2025-09-07,746059.2,13429.06,152334.3,5179.37,626381.7,7516.58,333064.9,3663.71,543043.2,4887.39,285166.3,1996.16,53576.4,4286.11,396715.7,0.671,1.3259,1.0162,0.0,13214.19,21.8475,5000000
Phoenix,2025-09-14,888829.5,15998.93,214221.0,7283.51,568433.4,6821.2,365624.7,4021.87,687809.1,6190.28,398674.5,2790.72,49130.1,3930.41,430484.4,0.6862,1.2885,0.9902,0.0,14478.05,21.2889,5000000
Phoenix,2025-09-21,884565.2,15922.17,184543.6,6274.48,629171.3,7550.06,337673.1,3714.4,483323.2,4349.91,358982.4,2512.88,58917.7,4713.42,343951.5,0.6776,1.2536,1.0018,0.0,13168.69,21.5384,5000000
Phoenix,2025-09-28,873958.3,15731.25,168001.0,5712.04,553897.0,6646.76,380459.1,4185.05,608844.0,5479.6,364640.6,2552.48,51770.9,4141.67,390642.2,0.6469,0.9952,1.0028,0.0,13765.51,21.5595,5000000
Phoenix,2025-10-05,865626.9,15581.28,183897.4,6252.51,561383.6,6736.6,375903.5,4134.94,585897.1,5273.07,334332.3,2340.33,64393.0,5151.44,326765.4,0.5994,0.9543,0.9826,0.0,12519.02,21.126,5000000
Phoenix,2025-10-12,791465.5,14246.38,138783.1,4718.63,705457.5,8465.49,325963.6,3585.6,484717.9,4362.46,354803.8,2483.63,48111.1,3848.89,333763.6,0.5427,0.9829,0.9917,0.0,13836.28,21.3211,5000000
Phoenix,2025-10-19,733092.9,13195.67,141145.5,4798.95,592900.5,7114.81,354885.6,3903.74,432036.3,3888.33,347951.8,2435.66,47176.7,3774.14,304003.7,0.4849,0.8613,0.9943,0.0,10839.84,21.3767,5000000
Phoenix,2025-10-26,531069.0,9559.24,147639.8,5019.75,545657.4,6547.89,252959.8,2782.56,433404.1,3900.64,284573.0,1992.01,50230.5,4018.44,309968.8,0.4323,0.8504,0.9895,0.0,11774.15,21.2752,5000000
Phoenix,2025-11-02,681970.0,12275.46,156978.0,5337.25,593699.0,7124.39,304060.6,3344.67,415245.5,3737.21,346497.9,2425.49,48415.5,3873.24,294205.7,0.3889,0.9228,0.9368,1.0,11908.92,20.141,5000000
Phoenix,2025-11-09,679144.3,12224.6,132625.5,4509.27,476045.7,5712.55,298440.4,3282.84,476225.7,4286.03,300894.5,2106.26,45885.2,3670.82,280273.0,0.3561,0.9083,1.0101,0.0,10781.74,21.7162,5000000
Phoenix,2025-11-16,580019.1,10440.34,143053.3,4863.81,432050.1,5184.6,329085.0,3619.93,409713.1,3687.42,364541.3,2551.79,41420.9,3313.67,298530.3,0.3333,0.7551,0.942,1.0,11880.85,20.2525,5000000
Phoenix,2025-11-23,571599.5,10288.79,141880.8,4823.95,576580.1,6918.96,302872.4,3331.6,504957.4,4544.62,325374.9,2277.62,36439.4,2915.15,269248.0,0.3186,0.7589,0.9558,1.0,11037.74,20.5492,5000000
Phoenix,2025-11-30,638693.0,11496.47,145863.9,4959.37,563486.6,6761.84,251012.2,2761.13,361289.6,3251.61,346135.8,2422.95,42285.3,3382.82,269941.0,0.3097,0.8658,1.0162,0.0,9721.07,21.8477,5000000
Phoenix,2025-12-07,485641.8,8741.55,121678.5,4137.07,590056.5,7080.68,259933.9,2859.27,402898.5,3626.09,304624.1,2132.37,35787.8,2863.02,280942.0,0.3048,0.7348,0.9837,0.0,11159.87,21.1501,5000000
Phoenix,2025-12-14,517690.5,9318.43,140531.3,4778.06,544604.4,6535.25,265068.0,2915.75,411359.9,3702.24,340151.9,2381.06,50922.5,4073.8,277435.6,0.3022,0.9109,0.9414,1.0,10190.89,20.2397,5000000
Phoenix,2025-12-21,491824.2,8852.84,131896.1,4484.47,590035.0,7080.42,305139.7,3356.54,370853.5,3337.68,352496.9,2467.48,39975.9,3198.07,272888.7,0.301,0.7974,0.9875,0.0,11070.81,21.2303,5000000
Miami,2023-01-01,473872.3,8529.7,139169.5,4731.76,467677.1,5612.13,249602.6,2745.63,320625.1,2885.63,312074.0,2184.52,44150.5,3532.04,251980.3,0.3037,0.7831,0.9855,0.0,8829.97,21.1883,4500000
Miami,2023-01-08,579375.1,10428.75,128480.7,4368.34,509985.5,6119.83,288677.2,3175.45,403286.9,3629.58,241728.0,1692.1,51895.1,4151.6,218462.6,0.3074,0.8185,0.9978,0.0,9947.36,21.4519,4500000
Miami,2023-01-15,541717.9,9750.92,129996.9,4419.89,480102.0,5761.22,253098.6,2784.08,402597.3,3623.38,328630.7,2300.41,40958.6,3276.68,237743.7,0.3139,0.6991,1.0111,0.0,9800.73,21.7386,4500000
Miami,2023-01-22,434359.6,7818.47,102672.4,3490.86,383325.8,4599.91,236536.3,2601.9,444954.2,4004.59,339597.1,2377.18,42589.3,3407.15,273674.7,0.3252,0.8362,0.9613,1.0,10838.01,20.6688,4500000
Miami,2023-01-29,502322.2,9041.8,141970.6,4827.0,526779.9,6321.36,274062.0,3014.68,338402.9,3045.63,338836.2,2371.85,45386.5,3630.92,254340.1,0.3434,0.9529,0.984,0.0,9657.19,21.1549,4500000
Miami,2023-02-05,592906.8,10672.32,125910.4,4280.95,424294.1,5091.53,226461.2,2491.07,358125.2,3223.13,329199.0,2304.39,52787.0,4222.96,245528.4,0.3712,0.9841,1.0055,0.0,9710.65,21.6191,4500000
Miami,2023-02-12,613317.0,11039.71,130720.3,4444.49,514589.1,6175.07,237251.9,2609.77,495991.2,4463.92,307885.4,2155.2,43271.8,3461.74,282434.0,0.4114,0.8648,0.9399,1.0,11506.64,20.208,4500000
Miami,2023-02-19,486725.8,8761.07,122682.5,4171.2,483488.3,5801.86,277144.6,3048.59,374924.1,3374.32,331335.6,2319.35,57591.3,4607.3,303218.1,0.4662,0.8577,1.0069,0.0,10621.21,21.6484,4500000
Miami,2023-02-26,601556.1,10828.01,154486.4,5252.54,527253.9,6327.05,341076.1,3751.84,426843.8,3841.59,327808.3,2294.66,52561.5,4204.92,286992.7,0.5363,1.1885,0.9521,1.0,13217.23,20.4697,4500000
Miami,2023-03-05,764402.1,13759.24,144981.6,4929.37,582962.0,6995.54,305796.3,3363.76,572640.7,5153.77,352453.1,2467.17,48824.2,3905.94,363447.4,0.6204,1.0717,0.9932,0.0,12687.22,21.3547,4500000
Miami,2023-03-12,734371.0,13218.68,176249.4,5992.48,553814.1,6645.77,334574.9,3680.32,586127.0,5275.14,281842.4,1972.9,70192.3,5615.38,336252.4,0.714,1.3875,1.0154,0.0,13741.29,21.8306,4500000
Miami,2023-03-19,790301.2,14225.42,194881.6,6625.98,550018.5,6600.22,384185.0,4226.03,570568.9,5135.12,293979.3,2057.86,66233.7,5298.7,454445.4,0.81,1.3659,0.9924,0.0,14253.91,21.3372,4500000
Miami,2023-03-26,904755.8,16285.6,192057.0,6529.94,700541.1,8406.49,320448.0,3524.93,673975.3,6065.78,319823.0,2238.76,58731.5,4698.52,437513.4,0.8988,1.3437,1.0064,0.0,15343.56,21.6376,4500000
Miami,2023-04-02,868476.1,15632.57,183945.8,6254.16,605112.1,7261.35,442091.8,4863.01,646855.2,5821.7,282025.2,1974.18,68297.7,5463.81,415184.7,0.9703,1.2676,1.0102,0.0,15053.96,21.7195,4500000
Miami,2023-04-09,940067.0,16921.21,180287.5,6129.78,756674.4,9080.09,402802.5,4430.83,677095.9,6093.86,346389.4,2424.73,71109.0,5688.72,454504.9,1.0153,1.4155,1.0158,0.0,15543.84,21.8389,4500000
Miami,2023-04-16,730997.0,13157.95,176860.5,6013.26,618071.1,7416.85,353855.0,3892.4,681813.8,6136.32,365387.7,2557.71,65445.6,5235.65,471961.1,1.0276,1.6493,1.0196,0.0,16281.57,21.9213,4500000
Miami,2023-04-23,748929.3,13480.73,179288.6,6095.81,755803.4,9069.64,344844.5,3793.29,587602.6,5288.42,359199.9,2514.4,65226.1,5218.09,403101.4,1.0056,1.5772,0.9852,0.0,14644.15,21.1819,4500000
Miami,2023-04-30,728772.1,13117.9,159776.2,5432.39,812798.4,9753.58,424162.9,4665.79,589963.5,5309.67,286895.5,2008.27,58883.2,4710.65,459812.6,0.9523,1.305,0.9651,1.0,17926.71,20.7499,4500000
Miami,2023-05-07,660418.6,11887.54,205773.7,6996.31,566995.9,6803.95,353748.2,3891.23,678446.2,6106.02,309418.4,2165.93,60303.7,4824.29,412768.7,0.8748,1.2508,0.9885,0.0,15307.36,21.2532,4500000
Miami,2023-05-14,785336.5,14136.06,180898.1,6150.54,593973.6,7127.68,333938.4,3673.32,642509.2,5782.58,302901.3,2120.31,56150.2,4492.02,373896.1,0.7829,1.4692,0.9434,1.0,16253.67,20.2822,4500000
Miami,2023-05-21,791986.5,14255.76,153120.0,5206.08,541211.7,6494.54,329375.8,3623.13,464813.0,4183.32,308469.0,2159.28,53761.3,4300.9,330527.4,0.6867,1.0914,0.9925,0.0,12413.64,21.3395,4500000
Miami,2023-05-28,710681.7,12792.27,126124.9,4288.25,469930.6,5639.17,351515.4,3866.67,496512.8,4468.61,281695.8,1971.87,52007.4,4160.59,378028.1,0.5953,0.9861,0.9974,0.0,12406.32,21.4443,4500000
Miami,2023-06-04,530704.7,9552.69,145187.9,4936.39,499692.3,5996.31,330273.3,3633.01,422227.5,3800.05,266251.0,1863.76,55668.7,4453.5,321338.1,0.5153,1.0604,0.9579,1.0,13674.36,20.5948,4500000
Miami,2023-06-11,572719.0,10308.94,151410.6,5147.96,556674.5,6680.09,227308.6,2500.4,452885.0,4075.97,347810.5,2434.67,57048.2,4563.85,279938.7,0.4502,0.893,1.0151,0.0,10335.34,21.825,4500000
Miami,2023-06-18,477849.0,8601.28,110766.1,3766.05,446381.0,5356.57,278526.4,3063.79,361218.2,3250.96,304179.7,2129.26,55676.3,4454.1,281068.2,0.4013,1.0293,0.9428,1.0,10469.2,20.2712,4500000
Miami,2023-06-25,513305.7,9239.5,122510.5,4165.36,435888.8,5230.67,250893.8,2759.83,391937.8,3527.44,244119.6,1708.84,41412.9,3313.03,231694.0,0.3681,0.826,1.0028,0.0,8964.35,21.5602,4500000
Miami,2023-07-02,591615.0,10649.07,104759.1,3561.81,455093.4,5461.12,240804.7,2648.85,422255.2,3800.3,292100.6,2044.7,49432.3,3954.59,233405.5,0.3494,0.8236,0.9514,1.0,10878.97,20.4543,4500000
Miami,2023-07-09,492687.7,8868.38,131950.8,4486.33,412175.5,4946.11,264613.2,2910.75,399996.7,3599.97,336010.6,2352.07,45206.6,3616.53,265742.7,0.3443,0.8202,0.988,0.0,9520.21,21.243,4500000
Miami,2023-07-16,532061.5,9577.11,128530.9,4370.05,460987.9,5531.85,256753.9,2824.29,359678.1,3237.1,319530.9,2236.72,48603.5,3888.28,293796.7,0.3524,0.725,0.9893,0.0,10326.98,21.2706,4500000
Miami,2023-07-23,543503.1,9783.06,120085.3,4082.9,552442.5,6629.31,286425.2,3150.68,418638.0,3767.74,265433.5,1858.03,52444.1,4195.53,230906.3,0.3741,0.8162,1.0147,0.0,9788.51,21.8166,4500000
Miami,2023-07-30,497115.2,8948.07,125256.8,4258.73,555902.2,6670.83,254564.0,2800.2,371445.8,3343.01,316927.7,2218.49,56661.4,4532.91,254831.5,0.4098,0.8777,1.0173,0.0,8880.72,21.8712,4500000
Miami,2023-08-06,508354.1,9150.37,157286.7,5347.75,437143.1,5245.72,234415.4,2578.57,490892.6,4418.03,317147.2,2220.03,50948.4,4075.87,252417.4,0.4589,1.077,1.0141,0.0,10221.98,21.8023,4500000
Miami,2023-08-13,555981.8,10007.67,164181.7,5582.18,535772.3,6429.27,252368.4,2776.05,408976.5,3680.79,333211.3,2332.48,58848.9,4707.91,331661.9,0.5187,0.9387,1.0042,0.0,12009.7,21.5896,4500000
Miami,2023-08-20,588007.2,10584.13,170968.9,5812.94,576866.3,6922.4,352500.1,3877.5,560185.3,5041.67,346241.8,2423.69,52926.3,4234.11,357086.4,0.5841,1.0361,1.0101,0.0,11653.03,21.718,4500000
Miami,2023-08-27,586336.8,10554.06,133024.9,4522.85,604702.0,7256.42,287760.6,3165.37,548428.6,4935.86,294042.1,2058.29,51488.2,4119.06,311198.1,0.6471,1.1016,0.9901,0.0,11863.03,21.2879,4500000
Miami,2023-09-03,785054.5,14130.98,180186.2,6126.33,663555.7,7962.67,384066.1,4224.73,518700.7,4668.31,358720.1,2511.04,49378.0,3950.24,343190.2,0.6985,1.3572,0.9908,0.0,12814.77,21.3016,4500000
Miami,2023-09-10,796648.5,14339.67,191818.2,6521.82,711780.8,8541.37,300435.1,3304.79,441759.9,3975.84,328209.6,2297.47,60059.1,4804.73,361492.5,0.7299,1.1767,1.0182,0.0,12885.94,21.8904,4500000
Miami,2023-09-17,821510.2,14787.18,146411.4,4977.99,644626.5,7735.52,393591.8,4329.51,501719.4,4515.47,344733.3,2413.13,65868.1,5269.45,327471.2,0.7357,1.1447,0.995,0.0,13267.68,21.3933,4500000
Miami,2023-09-24,584775.1,10525.95,186224.6,6331.64,695237.7,8342.85,277431.0,3051.74,476011.3,4284.1,332225.5,2325.58,66741.0,5339.28,359769.4,0.7148,1.0397,1.0199,0.0,12213.43,21.9276,4500000
Miami,2023-10-01,740536.2,13329.65,143611.4,4882.79,561147.5,6733.77,294210.3,3236.31,421185.3,3790.67,308666.3,2160.66,55123.8,4409.9,338301.2,0.671,1.2709,1.0051,0.0,11699.81,21.6091,4500000
Miami,2023-10-08,604848.3,10887.27,138197.7,4698.72,591853.6,7102.24,314050.2,3454.55,495656.6,4460.91,326595.6,2286.17,58886.7,4710.94,322436.6,0.6117,1.1707,0.9889,0.0,11894.04,21.2611,4500000
Miami,2023-10-15,650996.4,11717.93,126632.6,4305.51,602514.2,7230.17,265291.8,2918.21,384000.5,3456.0,281302.3,1969.12,57057.8,4564.63,321190.0,0.546,0.9371,1.0005,0.0,11581.47,21.5107,4500000
Miami,2023-10-22,521869.1,9393.64,123901.5,4212.65,501552.1,6018.63,297802.5,3275.83,452508.9,4072.58,345110.8,2415.78,49944.4,3995.55,283925.5,0.4824,0.9349,1.0021,0.0,10964.14,21.5462,4500000
Miami,2023-10-29,642797.2,11570.35,142129.7,4832.41,547520.9,6570.25,288656.5,3175.22,465769.9,4191.93,257798.1,1804.59,47123.8,3769.91,277154.5,0.4271,1.0426,1.0121,0.0,9935.47,21.761,4500000
Miami,2023-11-05,460830.1,8294.94,139691.9,4749.52,421994.4,5063.93,264221.5,2906.44,338600.2,3047.4,335677.9,2349.75,45903.4,3672.28,267301.8,0.3832,0.848,0.9943,0.0,9841.07,21.3767,4500000
Miami,2023-11-12,483154.5,8696.78,138516.7,4709.57,552887.4,6634.65,212163.3,2333.8,364718.7,3282.47,303495.3,2124.47,40888.1,3271.05,269275.9,0.3511,0.7826,0.9629,1.0,11611.01,20.702,4500000
Miami,2023-11-19,594434.3,10699.82,118706.2,4036.01,463179.2,5558.15,225828.4,2484.11,395272.9,3557.46,307687.3,2153.81,51598.6,4127.89,269124.7,0.3295,0.847,0.9851,0.0,9188.99,21.1797,4500000
Miami,2023-11-26,445968.6,8027.43,99113.7,3369.87,447349.1,5368.19,223534.2,2458.88,389063.1,3501.57,252366.0,1766.56,50538.8,4043.1,230460.6,0.316,0.8181,0.9819,0.0,8970.67,21.1114,4500000
Miami,2023-12-03,567530.9,10215.56,101595.3,3454.24,380996.3,4571.96,227280.6,2500.09,405820.2,3652.38,247254.1,1730.78,36420.5,2913.64,218689.6,0.3082,0.7205,0.9605,1.0,8928.6,20.65,4500000
Miami,2023-12-10,435578.6,7840.41,102424.9,3482.45,432106.5,5185.28,246507.0,2711.58,334848.3,3013.63,252120.3,1764.84,48980.5,3918.44,216788.7,0.3039,0.8141,0.9811,0.0,8223.83,21.0926,4500000
Miami,2023-12-17,425436.0,7657.85,132294.3,4498.01,439614.7,5275.38,282103.8,3103.14,445197.4,4006.78,238702.1,1670.91,42711.7,3416.93,224309.9,0.3018,0.7188,0.9496,1.0,8945.21,20.4166,4500000
Miami,2023-12-24,543114.9,9776.07,108669.8,3694.77,507534.5,6090.41,282443.4,3106.88,332837.7,2995.54,266460.8,1865.23,44234.1,3538.72,212444.9,0.3007,0.7755,1.0161,0.0,8912.76,21.8462,4500000
Miami,2023-12-31,517354.7,9312.39,100125.3,3404.26,373982.3,4487.79,251742.7,2769.17,380408.0,3423.67,238722.0,1671.05,45429.4,3634.35,262907.3,0.3003,0.8293,0.9846,0.0,8468.11,21.1695,4500000
Miami,2024-01-07,459696.1,8274.53,113585.9,3861.92,486656.4,5839.88,255015.8,2805.17,410547.3,3694.93,334609.1,2342.26,45151.8,3612.14,237589.0,0.3067,0.7076,0.9948,0.0,8668.51,21.3874,4500000
Miami,2024-01-14,454597.8,8182.76,111659.4,3796.42,423956.4,5087.48,262830.7,2891.14,430406.0,3873.65,288466.3,2019.26,41655.2,3332.42,225055.5,0.3128,0.7588,0.9442,1.0,9926.29,20.2998,4500000
Miami,2024-01-21,441694.5,7950.5,108380.1,3684.92,461252.0,5535.02,234138.5,2575.52,390381.7,3513.44,309411.9,2165.88,39026.0,3122.08,233565.5,0.3232,0.8915,1.0156,0.0,9525.59,21.8362,4500000
Miami,2024-01-28,468152.4,8426.74,114431.7,3890.68,538747.0,6464.96,265643.7,2922.08,436994.5,3932.95,246006.0,1722.04,44885.7,3590.85,262956.1,0.3403,0.7931,0.9531,1.0,10414.87,20.4926,4500000
Miami,2024-02-04,448673.5,8076.12,120861.7,4109.3,556569.3,6678.83,302338.2,3325.72,430679.0,3876.11,246345.8,1724.42,39401.5,3152.12,284235.0,0.3665,0.9899,1.0033,0.0,9622.48,21.5713,4500000
Miami,2024-02-11,494621.4,8903.18,146675.4,4986.96,561708.0,6740.5,275880.6,3034.69,467745.9,4209.71,276157.6,1933.1,54952.3,4396.19,275987.3,0.4048,1.0067,0.952,1.0,11896.66,20.4673,4500000
Miami,2024-02-18,617125.9,11108.27,147595.8,5018.26,479743.8,5756.93,295463.4,3250.1,397301.4,3575.71,278720.3,1951.04,47037.8,3763.02,293353.4,0.4574,0.9331,1.0123,0.0,10554.54,21.7653,4500000
Miami,2024-02-25,611740.6,11011.33,147773.1,5024.29,500941.5,6011.3,330409.2,3634.5,526197.4,4735.78,331619.2,2321.33,43776.3,3502.1,272294.7,0.5254,0.9695,0.9391,1.0,12642.46,20.1915,4500000
Miami,2024-03-03,533753.9,9607.57,154323.2,5246.99,664731.6,7976.78,295461.8,3250.08,462256.2,4160.31,275231.4,1926.62,46495.3,3719.63,305743.2,0.6077,1.0264,0.9993,0.0,12349.0,21.4845,4500000
Miami,2024-03-10,605210.3,10893.79,163100.4,5545.41,650591.9,7807.1,291746.7,3209.21,461096.9,4149.87,310038.8,2170.27,55134.4,4410.75,359604.3,0.7003,1.2447,1.0193,0.0,12285.07,21.9153,4500000
Miami,2024-03-17,631213.3,11361.84,143218.1,4869.41,622507.6,7470.09,311328.2,3424.61,499612.8,4496.52,337284.7,2360.99,56281.5,4502.52,373189.3,0.7965,1.3508,1.0173,0.0,13985.31,21.8729,4500000
Miami,2024-03-24,788472.6,14192.51,147866.0,5027.44,711975.9,8543.71,428689.4,4715.58,494190.1,4447.71,312350.0,2186.45,58360.5,4668.84,442649.0,0.887,1.4048,1.0058,0.0,14867.77,21.6246,4500000
Miami,2024-03-31,878621.2,15815.18,156258.8,5312.8,804188.0,9650.26,315211.1,3467.32,675527.0,6079.74,266956.6,1868.7,64644.7,5171.58,407543.0,0.9616,1.5317,0.9555,1.0,17738.46,20.544,4500000
Miami,2024-04-07,904935.0,16288.83,181356.1,6166.11,852135.3,10225.62,411478.9,4526.27,555769.4,5001.92,351776.6,2462.44,64506.5,5160.52,427952.0,1.0108,1.6262,0.9915,0.0,15072.62,21.3163,4500000
Miami,2024-04-14,839602.6,15112.85,219415.0,7460.11,668752.3,8025.03,442624.4,4868.87,651881.4,5866.93,306405.5,2144.84,60275.6,4822.05,404590.5,1.028,1.7144,0.9889,0.0,14919.48,21.261,4500000
Miami,2024-04-21,913449.3,16442.09,159222.2,5413.55,674259.7,8091.12,395726.4,4352.99,510750.7,4596.76,325835.6,2280.85,81231.5,6498.52,454742.6,1.0108,1.3678,0.9856,0.0,16433.87,21.1909,4500000
Miami,2024-04-28,835719.3,15042.95,195471.8,6646.04,768598.4,9223.18,333564.7,3669.21,573976.1,5165.78,356013.2,2492.09,62205.2,4976.42,438953.3,0.9616,1.3545,0.9634,1.0,16666.51,20.7123,4500000
Miami,2024-05-05,743333.3,13380.0,186575.3,6343.56,590586.3,7087.04,318081.5,3498.9,623465.1,5611.19,275492.1,1928.44,74771.6,5981.73,444786.1,0.887,1.4508,0.9632,1.0,17124.54,20.7085,4500000
Miami,2024-05-12,843482.6,15182.69,186118.3,6328.02,720599.0,8647.19,301204.4,3313.25,642679.5,5784.12,294305.3,2060.14,73615.1,5889.2,348255.3,0.7965,1.3368,1.0192,0.0,13003.02,21.9133,4500000
Miami,2024-05-19,708994.3,12761.9,182899.0,6218.57,616126.7,7393.52,321985.8,3541.84,436718.3,3930.46,313070.7,2191.49,61040.9,4883.27,329447.8,0.7003,1.2672,1.0145,0.0,12682.16,21.812,4500000
Miami,2024-05-26,621943.4,11194.98,138870.1,4721.58,652966.2,7835.59,263372.1,2897.09,494423.1,4449.81,310372.3,2172.61,65418.1,5233.45,326415.4,0.6078,1.1737,1.0191,0.0,12189.7,21.9117,4500000
Miami,2024-06-02,660199.9,11883.6,162685.5,5531.31,450288.3,5403.46,317751.0,3495.26,508091.7,4572.82,320429.3,2243.01,48130.8,3850.46,313672.9,0.5259,1.0813,0.9436,1.0,13633.67,20.2879,4500000
Miami,2024-06-09,509104.7,9163.89,142111.0,4831.77,494237.0,5930.84,227128.6,2498.41,363579.8,3272.22,319599.7,2237.2,57988.2,4639.06,308960.5,0.4585,1.063,0.9905,0.0,10906.08,21.296,4500000
Miami,2024-06-16,592361.0,10662.5,115799.2,3937.17,543545.2,6522.54,272516.9,2997.69,473168.6,4258.52,285466.3,1998.26,50429.3,4034.34,249061.8,0.4073,0.9839,1.0053,0.0,10186.41,21.6145,4500000
Miami,2024-06-23,598980.8,10781.65,105467.6,3585.9,548528.9,6582.35,261677.1,2878.45,449566.5,4046.1,245438.7,1718.07,40754.8,3260.38,254881.5,0.3719,0.7862,1.0116,0.0,9772.09,21.7499,4500000
Miami,2024-06-30,501882.0,9033.88,113736.4,3867.04,476141.5,5713.7,291795.5,3209.75,456621.7,4109.6,302168.2,2115.18,40147.7,3211.82,290443.4,0.3512,0.9015,0.9503,1.0,11041.18,20.4305,4500000
Miami,2024-07-07,485018.5,8730.33,107122.9,3642.18,534023.7,6408.28,260237.9,2862.62,395134.2,3556.21,251081.5,1757.57,46675.5,3734.04,285136.7,0.3442,0.7735,0.981,0.0,10305.41,21.0905,4500000
Miami,2024-07-14,488121.8,8786.19,102524.9,3485.84,505160.6,6061.93,268020.3,2948.22,409977.4,3689.8,297083.0,2079.58,38022.5,3041.8,293435.9,0.3504,0.731,0.9957,0.0,10208.34,21.4069,4500000
Miami,2024-07-21,637620.6,11477.17,109750.2,3731.51,493542.2,5922.51,269442.3,2963.86,368267.1,3314.4,272117.9,1904.82,52549.2,4203.93,262678.3,0.3701,0.8504,0.9814,0.0,9227.05,21.1008,4500000
Miami,2024-07-28,494926.2,8908.67,152431.5,5182.67,463854.1,5566.25,257196.1,2829.16,397306.9,3575.76,315093.9,2205.66,52405.6,4192.45,255970.2,0.4038,1.0084,0.9922,0.0,9693.88,21.3317,4500000
Miami,2024-08-04,606960.7,10925.29,158153.8,5377.23,517386.5,6208.64,258647.6,2845.12,498472.2,4486.25,296573.5,2076.01,48541.3,3883.3,309610.9,0.4511,1.0058,0.9801,0.0,10192.67,21.0728,4500000
Miami,2024-08-11,513720.0,9246.96,116520.8,3961.71,488227.9,5858.73,272952.0,3002.47,527545.8,4747.91,321818.9,2252.73,59001.6,4720.13,301127.3,0.5097,1.1564,0.9961,0.0,11242.41,21.4164,4500000
Miami,2024-08-18,738526.8,13293.48,136066.7,4626.27,559215.5,6710.59,313748.4,3451.23,496123.5,4465.11,324542.3,2271.8,59070.6,4725.64,303031.0,0.5747,1.0034,0.9902,0.0,12224.67,21.2889,4500000
Miami,2024-08-25,721956.4,12995.21,134335.7,4567.41,522168.2,6266.02,317825.7,3496.08,513684.5,4623.16,290031.1,2030.22,48088.1,3847.05,363265.0,0.6386,1.0377,0.9924,0.0,12079.14,21.3359,4500000
Miami,2024-09-01,686144.2,12350.6,154977.5,5269.24,642145.1,7705.74,359459.5,3954.05,448271.5,4034.44,342626.1,2398.38,55167.9,4413.43,374452.9,0.6922,1.2146,1.0048,0.0,12248.03,21.6042,4500000
Miami,2024-09-08,734764.7,13225.77,176310.9,5994.57,632185.5,7586.23,341609.9,3757.71,515642.7,4640.78,298150.9,2087.06,59896.7,4791.74,361377.1,0.7269,1.2885,0.9669,1.0,14140.48,20.7882,4500000
Miami,2024-09-15,587510.3,10575.18,141689.6,4817.45,681929.5,8183.15,326085.5,3586.94,580750.6,5226.76,362889.4,2540.23,58989.5,4719.16,395809.4,0.7365,1.2581,1.0152,0.0,13795.5,21.8263,4500000
Miami,2024-09-22,797042.1,14346.76,181677.7,6177.04,594125.2,7129.5,366289.2,4029.18,446014.4,4014.13,311148.9,2178.04,69005.0,5520.4,383908.6,0.7193,1.3567,0.9811,0.0,13225.98,21.0932,4500000
Miami,2024-09-29,573631.2,10325.36,171408.3,5827.88,558078.1,6696.94,365275.3,4018.03,482254.7,4340.29,348293.9,2438.06,60722.7,4857.81,346058.7,0.6784,1.163,1.01,0.0,12437.93,21.7158,4500000
Miami,2024-10-06,619088.2,11143.59,170142.4,5784.84,577521.2,6930.25,327414.2,3601.56,445113.9,4006.03,272554.7,1907.88,48071.0,3845.68,320113.4,0.6208,1.2476,1.0065,0.0,11990.69,21.6388,4500000
Miami,2024-10-13,705227.9,12694.1,161874.2,5503.72,568428.0,6821.14,320121.9,3521.34,440600.7,3965.41,253909.9,1777.37,51410.0,4112.8,304112.2,0.5555,1.2098,0.9948,0.0,11599.37,21.3874,4500000
Miami,2024-10-20,566585.0,10198.53,134513.4,4573.46,469490.2,5633.88,280709.5,3087.8,445319.8,4007.88,347482.9,2432.38,49966.3,3997.31,256846.4,0.4911,0.8718,1.0114,0.0,10165.79,21.7461,4500000
Miami,2024-10-27,643476.1,11582.57,116813.3,3971.65,529517.9,6354.21,304110.9,3345.22,404519.8,3640.68,267126.3,1869.88,40959.0,3276.72,294741.0,0.4343,0.9129,1.0139,0.0,10435.17,21.7987,4500000
Miami,2024-11-03,617522.4,11115.4,146128.3,4968.36,468153.3,5617.84,237756.2,2615.32,466726.4,4200.54,254149.5,1779.05,39573.0,3165.84,244137.3,0.3887,0.8239,0.9613,1.0,11220.55,20.6678,4500000
Miami,2024-11-10,494389.2,8899.01,132671.4,4510.83,486922.3,5843.07,213788.9,2351.68,383523.8,3451.71,305613.5,2139.29,47963.8,3837.11,246175.6,0.355,0.9221,0.9843,0.0,9890.77,21.162,4500000
Miami,2024-11-17,465200.1,8373.6,133065.9,4524.24,438853.4,5266.24,228674.7,2515.42,462730.4,4164.57,321059.9,2247.42,37460.1,2996.81,243995.1,0.332,0.9064,1.0005,0.0,8607.79,21.5108,4500000
Miami,2024-11-24,472876.6,8511.78,121579.9,4133.72,401163.5,4813.96,283215.4,3115.37,432488.6,3892.4,242130.4,1694.91,38002.4,3040.19,270688.7,0.3175,0.7283,0.9687,1.0,10978.22,20.8275,4500000
Miami,2024-12-01,432178.6,7779.22,134547.2,4574.6,508651.2,6103.81,267277.4,2940.05,334171.5,3007.54,309671.7,2167.7,48334.9,3866.79,241457.7,0.309,0.8644,0.9669,1.0,11123.17,20.788,4500000
Miami,2024-12-08,521399.5,9385.19,113848.6,3870.85,406508.6,4878.1,270285.0,2973.14,393898.8,3545.09,243609.2,1705.26,47683.3,3814.66,246070.2,0.3044,0.7562,1.0107,0.0,8810.26,21.73,4500000
Miami,2024-12-15,505238.4,9094.29,122811.8,4175.6,375545.4,4506.55,263789.7,2901.69,375738.9,3381.65,274367.5,1920.57,48064.4,3845.15,258881.3,0.302,0.7355,0.9632,1.0,9858.73,20.7078,4500000
Miami,2024-12-22,438142.1,7886.56,127473.6,4334.1,448324.1,5379.89,262880.4,2891.68,373121.0,3358.09,316911.5,2218.38,45376.5,3630.12,247269.7,0.3008,0.8612,1.0174,0.0,9053.0,21.8742,4500000
Miami,2024-12-29,465940.0,8386.92,138206.5,4699.02,483132.5,5797.59,231423.9,2545.66,454450.6,4090.06,271820.6,1902.74,45108.3,3608.66,245166.7,0.3003,0.9089,1.0021,0.0,9059.88,21.5453,4500000
Miami,2025-01-05,535352.6,9636.35,126591.8,4304.12,495123.3,5941.48,285945.6,3145.4,343858.9,3094.73,241612.2,1691.29,42608.4,3408.67,241135.0,0.3055,0.8263,0.9952,0.0,9313.01,21.3958,4500000
Miami,2025-01-12,522712.3,9408.82,111727.0,3798.72,533809.0,6405.71,202710.6,2229.82,410158.9,3691.43,287645.3,2013.52,51378.8,4110.3,250738.9,0.3107,0.7903,0.998,0.0,8408.62,21.4562,4500000
Miami,2025-01-19,547539.8,9855.72,127716.1,4342.35,453763.2,5445.16,213929.5,2353.22,362570.6,3263.14,323936.3,2267.55,43320.3,3465.62,228055.3,0.3197,0.7995,1.0023,0.0,9674.21,21.5497,4500000
Miami,2025-01-26,512802.2,9230.44,110853.9,3769.03,511887.3,6142.65,290193.3,3192.13,344242.5,3098.18,263077.2,1841.54,41278.0,3302.24,268361.8,0.3346,0.8764,1.0066,0.0,9528.0,21.6423,4500000
Miami,2025-02-02,494081.8,8893.47,141951.3,4826.35,406946.2,4883.35,263307.8,2896.39,387328.8,3485.96,246094.6,1722.66,54311.1,4344.89,247614.3,0.3579,0.8259,1.0157,0.0,10051.94,21.8374,4500000
Miami,2025-02-09,618121.4,11126.19,132279.6,4497.51,435181.8,5222.18,218282.9,2401.11,384010.2,3456.09,287778.6,2014.45,46437.6,3715.01,284897.5,0.3925,0.8746,1.0119,0.0,9360.36,21.7561,4500000
Miami,2025-02-16,584249.2,10516.48,136700.8,4647.83,541542.2,6498.51,255196.8,2807.17,442561.9,3983.06,304082.4,2128.58,41192.1,3295.37,318655.8,0.4409,0.8004,1.0151,0.0,10350.98,21.8237,4500000
Miami,2025-02-23,606756.3,10921.61,153395.0,5215.43,585474.9,7025.7,273747.0,3011.22,375402.4,3378.62,261943.5,1833.6,45056.7,3604.53,308299.8,0.5044,0.9331,0.9964,0.0,10916.24,21.4227,4500000
Miami,2025-03-02,570234.4,10264.22,160485.2,5456.5,537385.9,6448.63,274146.4,3015.61,529291.5,4763.62,256305.1,1794.14,46505.8,3720.46,360240.1,0.5829,1.2081,0.9456,1.0,12179.12,20.3305,4500000
Miami,2025-03-09,578864.0,10419.55,180285.7,6129.71,514185.7,6170.23,290706.1,3197.77,581724.4,5235.52,307293.6,2151.06,55811.2,4464.89,352793.6,0.6731,1.3391,1.0068,0.0,12653.18,21.6453,4500000
Miami,2025-03-16,800272.6,14404.91,163938.5,5573.91,737159.5,8845.91,295975.4,3255.73,496938.3,4472.44,320986.9,2246.91,57389.3,4591.14,412953.5,0.7691,1.4144,1.0089,0.0,13158.78,21.691,4500000
Miami,2025-03-23,655453.3,11798.16,192493.1,6544.76,665570.3,7986.84,363669.6,4000.37,499258.9,4493.33,294127.3,2058.89,63805.0,5104.4,377389.8,0.8623,1.3887,0.9442,1.0,15626.29,20.3002,4500000
Miami,2025-03-30,686928.8,12364.72,161285.4,5483.7,599090.3,7189.08,403240.7,4435.65,659722.1,5937.5,345449.5,2418.15,63384.7,5070.77,385858.3,0.9425,1.2353,0.9981,0.0,14655.01,21.4595,4500000
Miami,2025-04-06,895294.3,16115.3,206696.0,7027.66,812086.6,9745.04,354654.9,3901.2,623192.4,5608.73,373850.6,2616.95,66670.0,5333.6,473631.5,0.9998,1.6723,0.985,0.0,14994.4,21.1765,4500000
Miami,2025-04-13,788298.6,14189.37,198660.8,6754.47,856577.5,10278.93,354497.0,3899.47,628149.2,5653.34,345250.6,2416.75,80286.0,6422.88,528979.5,1.0266,1.3221,0.9886,0.0,16799.42,21.254,4500000
Miami,2025-04-20,784503.0,14121.05,214078.1,7278.66,642104.0,7705.25,334195.9,3676.15,638669.6,5748.03,366921.1,2568.45,82229.5,6578.36,488206.1,1.0192,1.5101,1.0198,0.0,15291.24,21.9258,4500000
Miami,2025-04-27,902927.1,16252.69,209968.7,7138.94,692051.1,8304.61,358426.8,3942.69,559139.8,5032.26,305958.7,2141.71,65060.2,5204.82,479351.2,0.9786,1.6374,0.9838,0.0,15146.18,21.1518,4500000
Miami,2025-05-04,731450.3,13166.11,172787.5,5874.77,667750.3,8013.0,378192.9,4160.12,627148.3,5644.33,285194.6,1996.36,60043.5,4803.48,446754.0,0.9104,1.6104,0.941,1.0,17339.86,20.2317,4500000
Miami,2025-05-11,742882.4,13371.88,203321.0,6912.91,549429.4,6593.15,355645.9,3912.1,493789.7,4444.11,311829.4,2182.81,73457.3,5876.58,427940.7,0.8234,1.125,1.017,0.0,14343.24,21.8655,4500000
Miami,2025-05-18,711978.5,12815.61,160018.7,5440.64,507439.3,6089.27,337528.5,3712.81,452634.4,4073.71,333865.2,2337.06,63793.6,5103.49,352338.7,0.7278,1.0589,0.9916,0.0,13251.59,21.3189,4500000
Miami,2025-05-25,579900.9,10438.22,178232.6,6059.91,617633.1,7411.6,309808.1,3407.89,531313.6,4781.82,260502.6,1823.52,57606.2,4608.49,303680.3,0.6334,1.233,0.9884,0.0,12070.63,21.2508,4500000
Miami,2025-06-01,637215.9,11469.89,126308.3,4294.48,480059.3,5760.71,339451.5,3733.97,392409.1,3531.68,318963.7,2232.75,49951.4,3996.11,333560.7,0.5479,1.0547,0.9994,0.0,11956.19,21.4879,4500000
Miami,2025-06-08,665210.5,11973.79,127586.2,4337.93,519713.3,6236.56,309762.0,3407.38,457733.4,4119.6,271451.1,1900.16,51263.0,4101.04,290125.4,0.4761,1.0623,1.0161,0.0,10927.53,21.846,4500000
Miami,2025-06-15,519122.9,9344.21,110313.2,3750.65,573224.4,6878.69,293877.5,3232.65,491763.9,4425.88,321771.4,2252.4,49724.7,3977.98,307411.6,0.4203,0.8261,0.9577,1.0,12723.45,20.5906,4500000
Miami,2025-06-22,646799.9,11642.4,111793.3,3800.97,470338.3,5644.06,293892.8,3232.82,460037.0,4140.33,247155.3,1730.09,53628.0,4290.24,274307.5,0.3805,0.8298,1.0071,0.0,10990.98,21.652,4500000
Miami,2025-06-29,521886.8,9393.96,129642.5,4407.85,489982.6,5879.79,259852.1,2858.37,339369.1,3054.32,248728.9,1741.1,54430.5,4354.44,261596.6,0.3557,0.9604,0.9403,1.0,11431.64,20.2159,4500000
Miami,2025-07-06,455843.2,8205.18,108003.7,3672.12,522214.4,6266.57,219220.2,2411.42,431682.9,3885.15,278759.8,1951.32,39741.9,3179.35,295484.4,0.3448,0.9218,0.9852,0.0,10060.13,21.1825,4500000
Miami,2025-07-13,547326.0,9851.87,111045.9,3775.56,474628.4,5695.54,232965.0,2562.61,362441.0,3261.97,326901.7,2288.31,38442.0,3075.36,278931.6,0.3473,0.7585,0.9885,0.0,10393.9,21.2525,4500000
Miami,2025-07-20,631519.0,11367.34,108350.3,3683.91,543430.4,6521.16,230266.0,2532.93,407133.6,3664.2,248308.6,1738.16,47624.6,3809.97,269862.5,0.3631,0.7605,0.9849,0.0,9822.67,21.1749,4500000
Miami,2025-07-27,503784.4,9068.12,124344.9,4227.73,415167.9,4982.01,220961.4,2430.58,483054.8,4347.49,267127.1,1869.89,39083.9,3126.71,275525.3,0.3928,0.9252,1.0013,0.0,10143.53,21.5276,4500000
Miami,2025-08-03,584400.5,10519.21,137009.7,4658.33,545368.8,6544.43,274442.8,3018.87,394609.9,3551.49,296208.9,2073.46,42923.8,3433.9,281944.9,0.4363,0.8,0.9927,0.0,10385.45,21.3428,4500000
Miami,2025-08-10,681010.3,12258.19,138146.8,4696.99,604438.0,7253.26,333058.1,3663.64,490285.6,4412.57,303864.3,2127.05,56239.0,4499.12,283532.8,0.492,0.9996,1.0096,0.0,11496.13,21.7066,4500000
Miami,2025-08-17,543098.6,9775.78,124214.1,4223.28,613787.8,7365.45,338401.9,3722.42,467245.2,4205.21,260229.2,1821.6,52020.7,4161.65,304871.5,0.5559,1.1302,1.0164,0.0,11830.51,21.8533,4500000
Miami,2025-08-24,584514.6,10521.26,140541.4,4778.41,603018.9,7236.23,264140.2,2905.54,490336.6,4413.03,287639.7,2013.48,47151.5,3772.12,353077.2,0.621,1.1402,0.9882,0.0,11134.03,21.2465,4500000
Miami,2025-08-31,570345.0,10266.21,161957.0,5506.54,603633.1,7243.6,265625.1,2921.88,464491.8,4180.43,325578.0,2279.05,55765.2,4461.21,354935.2,0.6785,1.1581,1.001,0.0,12042.98,21.5207,4500000
Miami,2025-09-07,600973.7,10817.53,180878.2,6149.86,581397.0,6976.76,342966.2,3772.63,459049.8,4131.45,300313.6,2102.2,55706.2,4456.49,328682.8,0.7194,1.3578,0.9822,0.0,12128.93,21.1164,4500000
Miami,2025-09-14,694756.6,12505.62,160294.5,5450.01,584879.2,7018.55,316405.3,3480.46,567678.2,5109.1,305364.1,2137.55,57905.7,4632.46,388934.5,0.7365,1.1522,1.0007,0.0,13684.07,21.5145,4500000
Miami,2025-09-21,777922.7,14002.61,187867.9,6387.51,561164.9,6733.98,276355.0,3039.9,471534.7,4243.81,300561.8,2103.93,59994.0,4799.52,374986.0,0.7269,1.396,1.0151,0.0,11731.87,21.8243,4500000
Miami,2025-09-28,629806.5,11336.52,164536.4,5594.24,577252.6,6927.03,282999.0,3112.99,579267.2,5213.4,328574.6,2300.02,57020.1,4561.61,330217.0,0.6922,1.3175,0.987,0.0,12817.58,21.2209,4500000
Miami,2025-10-05,660083.0,11881.49,167984.5,5711.47,525706.7,6308.48,260976.5,2870.74,448944.2,4040.5,290117.8,2030.82,54718.9,4377.51,320643.6,0.6384,1.0637,1.0052,0.0,12479.76,21.6113,4500000
Miami,2025-10-12,549788.3,9896.19,173519.5,5899.66,482626.4,5791.52,337184.3,3709.03,536123.1,4825.11,257020.7,1799.15,64164.1,5133.13,328178.6,0.5744,1.1474,1.0141,0.0,11340.83,21.8026,4500000
Miami,2025-10-19,688538.4,12393.69,148219.9,5039.48,491570.1,5898.84,325407.8,3579.49,525109.6,4725.99,278560.7,1949.93,50212.7,4017.02,311923.5,0.509,0.9043,0.9832,0.0,10523.0,21.1398,4500000
Miami,2025-10-26,641766.1,11551.79,134569.6,4575.37,555255.0,6663.06,232917.2,2562.09,486114.8,4375.03,246664.8,1726.65,46224.2,3697.93,257913.6,0.4495,0.899,1.002,0.0,10212.92,21.543,4500000
Miami,2025-11-02,478606.4,8614.92,131067.6,4456.3,556421.8,6677.06,239880.7,2638.69,367267.6,3305.41,303449.4,2124.15,51492.6,4119.41,243876.8,0.4005,0.898,0.9925,0.0,9881.03,21.3395,4500000
Miami,2025-11-09,617585.6,11116.54,111336.6,3785.44,483115.5,5797.39,276435.3,3040.79,375435.7,3378.92,268994.4,1882.96,38353.0,3068.24,245672.7,0.3635,0.9926,0.9924,0.0,10161.16,21.3362,4500000
Miami,2025-11-16,458666.7,8256.0,104148.2,3541.04,384073.1,4608.88,260306.8,2863.37,416257.7,3746.32,245396.8,1717.78,45174.5,3613.96,248117.0,0.3376,0.9187,0.9993,0.0,9029.19,21.4844,4500000
Miami,2025-11-23,568212.2,10227.82,133187.9,4528.39,458708.5,5504.5,250328.5,2753.61,402273.1,3620.46,268846.6,1881.93,40388.8,3231.1,247148.2,0.321,0.9269,0.9837,0.0,8296.3,21.1502,4500000
Miami,2025-11-30,492008.5,8856.15,111514.1,3791.48,523497.8,6281.97,202870.9,2231.58,349918.9,3149.27,287889.0,2015.22,38616.6,3089.33,218994.7,0.311,0.7916,1.0143,0.0,8905.68,21.8083,4500000
Miami,2025-12-07,480317.9,8645.72,127653.3,4340.21,529417.0,6353.0,230524.2,2535.77,413182.7,3718.64,258611.5,1810.28,46400.9,3712.07,240938.3,0.3054,0.9207,1.0154,0.0,8608.29,21.8301,4500000
Miami,2025-12-14,584894.6,10528.1,131067.9,4456.31,457561.6,5490.74,242674.5,2669.42,322276.7,2900.49,299148.7,2094.04,41672.3,3333.79,250388.0,0.3025,0.7221,0.9832,0.0,8558.15,21.1396,4500000
Miami,2025-12-21,463626.2,8345.27,138246.0,4700.36,451401.4,5416.82,218982.0,2408.8,342066.1,3078.59,253693.6,1775.86,51487.6,4119.01,240202.3,0.3011,0.8131,0.99,0.0,9263.85,21.2848,4500000
Detroit,2023-01-01,490904.7,8836.28,132411.9,4502.01,383542.5,4602.51,268468.5,2953.15,415731.0,3741.58,275440.5,1928.08,38681.2,3094.49,267099.1,0.3036,0.8313,1.0014,0.0,7972.27,21.531,4300000
Detroit,2023-01-08,419109.8,7543.98,133493.7,4538.79,373816.1,4485.79,210644.8,2317.09,350972.1,3158.75,292047.8,2044.33,39521.0,3161.68,214402.2,0.3071,0.7994,1.0037,0.0,8196.2,21.5792,4300000
Detroit,2023-01-15,454239.6,8176.31,125933.3,4281.73,432796.9,5193.56,230658.1,2537.24,405944.0,3653.5,240554.7,1683.88,34684.4,2774.75,218772.7,0.3134,0.7251,1.0138,0.0,8885.69,21.7965,4300000
Detroit,2023-01-22,463698.5,8346.57,100200.1,3406.8,355779.8,4269.36,222851.2,2451.36,318844.0,2869.6,294587.6,2062.11,43829.3,3506.35,235276.5,0.3242,0.7715,1.0027,0.0,8529.94,21.5573,4300000
Detroit,2023-01-29,526969.7,9485.45,127422.4,4332.36,411772.3,4941.27,211477.6,2326.25,446687.1,4020.18,236480.2,1655.36,49221.0,3937.68,271527.0,0.3417,0.8403,1.0192,0.0,9182.08,21.9135,4300000
Detroit,2023-02-05,458756.5,8257.62,100110.8,3403.77,457938.5,5495.26,275357.4,3028.93,442826.8,3985.44,296681.4,2076.77,46208.2,3696.66,279890.1,0.3685,0.8708,1.0163,0.0,9797.2,21.8496,4300000
Detroit,2023-02-12,568963.2,10241.34,107611.3,3658.79,477745.1,5732.94,236147.3,2597.62,414253.0,3728.28,250983.2,1756.88,42734.2,3418.74,244361.5,0.4071,0.9828,1.0189,0.0,10083.47,21.9062,4300000
Detroit,2023-02-19,478697.8,8616.56,146020.0,4964.68,372934.7,4475.22,284690.7,3131.6,446357.4,4017.22,252191.7,1765.34,42071.5,3365.72,251449.0,0.4598,1.0912,0.9941,0.0,10430.54,21.3729,4300000
Detroit,2023-02-26,521350.5,9384.31,121739.9,4139.16,526741.4,6320.9,256361.1,2819.97,449830.9,4048.48,252826.5,1769.79,45282.9,3622.63,303378.2,0.5273,1.1186,1.0013,0.0,11556.51,21.5279,4300000
Detroit,2023-03-05,653945.5,11771.02,164367.7,5588.5,398434.8,4781.22,314928.5,3464.21,395008.1,3555.07,304231.2,2129.62,56868.9,4549.51,318893.8,0.6081,0.9546,1.0106,0.0,11960.62,21.727,4300000
Detroit,2023-03-12,580626.2,10451.27,126564.6,4303.2,568151.2,6817.81,357177.0,3928.95,562686.4,5064.18,287928.0,2015.5,55088.4,4407.08,348411.7,0.6981,1.0663,1.0045,0.0,12415.09,21.5961,4300000
Detroit,2023-03-19,665392.1,11977.06,163285.3,5551.7,447600.1,5371.2,281715.1,3098.87,522202.0,4699.82,344396.4,2410.77,62272.5,4981.8,373760.7,0.7904,1.2582,0.9936,0.0,13269.51,21.3635,4300000
Detroit,2023-03-26,839945.9,15119.03,158807.3,5399.45,643621.8,7723.46,401037.8,4411.42,614765.0,5532.89,337837.3,2364.86,50424.5,4033.96,400136.7,0.8758,1.2626,1.0093,0.0,13720.14,21.7007,4300000
Detroit,2023-04-02,850603.6,15310.87,177804.3,6045.35,516953.7,6203.44,375746.9,4133.22,527106.9,4743.96,347811.5,2434.68,70702.7,5656.22,392045.6,0.9446,1.5736,0.9915,0.0,14502.8,21.3179,4300000
Detroit,2023-04-09,738542.1,13293.76,202034.8,6869.18,641034.4,7692.41,386044.7,4246.49,676564.1,6089.08,269006.2,1883.04,73854.5,5908.36,383751.0,0.9878,1.2924,0.9858,0.0,14177.36,21.1954,4300000
Detroit,2023-04-16,846751.4,15241.52,211503.5,7191.12,654940.3,7859.28,339800.5,3737.81,519988.9,4679.9,339206.3,2374.44,62939.9,5035.2,412870.5,0.9997,1.4927,0.9485,1.0,16181.55,20.3917,4300000
Detroit,2023-04-23,876085.2,15769.53,170207.0,5787.04,699452.3,8393.43,364582.9,4010.41,593183.0,5338.65,332886.4,2330.2,58760.2,4700.82,437207.3,0.9785,1.4395,0.9885,0.0,15478.71,21.2529,4300000
Detroit,2023-04-30,722412.6,13003.43,151273.7,5143.31,665602.8,7987.23,346908.8,3816.0,676083.6,6084.75,323160.0,2262.12,62447.5,4995.8,382809.0,0.9272,1.3924,1.0035,0.0,14749.84,21.5756,4300000
Detroit,2023-05-07,666427.9,11995.7,174046.1,5917.57,545299.6,6543.59,326235.5,3588.59,457869.0,4120.82,289348.3,2025.44,54959.9,4396.8,396576.9,0.8527,1.2786,1.0105,0.0,13927.27,21.7266,4300000
Detroit,2023-05-14,641110.2,11539.98,180541.6,6138.41,598294.8,7179.54,348694.2,3835.64,450412.5,4053.71,349041.8,2443.29,51949.5,4155.96,329826.6,0.7643,1.2922,0.9374,1.0,14985.86,20.1532,4300000
Detroit,2023-05-21,605479.1,10898.62,141194.0,4800.6,519101.7,6229.22,331185.8,3643.04,507455.8,4567.1,295439.0,2068.07,46947.2,3755.78,318882.2,0.6718,1.3421,0.9876,0.0,12336.21,21.2338,4300000
Detroit,2023-05-28,690110.6,12421.99,167098.6,5681.35,541634.4,6499.61,325848.2,3584.33,444966.6,4004.7,285190.8,1996.34,55619.1,4449.53,293254.4,0.584,1.0845,0.9579,1.0,12573.88,20.5941,4300000
Detroit,2023-06-04,571224.4,10282.04,130956.5,4452.52,469453.7,5633.44,254937.3,2804.31,465984.0,4193.86,269166.9,1884.17,55445.5,4435.64,304974.0,0.507,1.0163,1.0047,0.0,10939.26,21.6018,4300000
Detroit,2023-06-11,493586.8,8884.56,140527.9,4777.95,495447.2,5945.37,218428.5,2402.71,352750.6,3174.76,264172.9,1849.21,48628.7,3890.29,257299.4,0.4444,0.8326,0.996,0.0,10350.04,21.4139,4300000
Detroit,2023-06-18,446634.6,8039.42,137393.3,4671.37,451782.9,5421.39,250405.1,2754.46,462718.2,4164.46,310010.1,2170.07,40756.3,3260.5,291090.2,0.3974,0.8357,1.0025,0.0,9978.97,21.5537,4300000
Detroit,2023-06-25,558390.6,10051.03,136646.0,4645.96,377477.3,4529.73,217679.4,2394.47,374187.9,3367.69,266895.9,1868.27,41210.9,3296.87,271109.5,0.3655,0.8189,0.9419,1.0,10797.77,20.2499,4300000
Detroit,2023-07-02,448227.3,8068.09,113413.1,3856.05,400433.2,4805.2,235887.1,2594.76,364478.5,3280.31,264398.4,1850.79,42215.7,3377.26,239891.2,0.3475,0.9212,0.9956,0.0,9993.88,21.4049,4300000
Detroit,2023-07-09,424585.1,7642.53,116887.1,3974.16,414781.9,4977.38,253099.2,2784.09,401639.1,3614.75,311360.9,2179.53,36921.7,2953.74,229172.4,0.3426,0.8579,0.9941,0.0,8399.25,21.3733,4300000
Detroit,2023-07-16,565443.8,10177.99,100654.9,3422.27,360334.5,4324.01,206004.6,2266.05,341628.2,3074.65,267529.1,1872.7,39826.0,3186.08,228430.0,0.3504,0.8523,0.9901,0.0,8977.03,21.2871,4300000
Detroit,2023-07-23,587122.4,10568.2,131390.4,4467.27,465786.6,5589.44,287442.5,3161.87,334126.2,3007.14,279871.9,1959.1,37783.0,3022.64,244355.6,0.3712,0.9053,0.9825,0.0,8601.47,21.1239,4300000
Detroit,2023-07-30,531216.6,9561.9,132799.3,4515.18,405822.5,4869.87,228075.0,2508.83,419468.6,3775.22,322281.3,2255.97,36814.4,2945.15,268259.9,0.4056,0.8507,0.9829,0.0,9239.17,21.1332,4300000
Detroit,2023-08-06,632383.0,11382.89,138574.2,4711.52,426137.7,5113.65,280960.6,3090.57,492834.6,4435.51,330264.5,2311.85,40707.6,3256.61,260803.6,0.4528,1.0517,0.9965,0.0,9987.49,21.4242,4300000
Detroit,2023-08-13,506688.1,9120.39,146518.4,4981.63,500841.3,6010.1,257167.5,2828.84,514744.5,4632.7,321442.9,2250.1,40911.5,3272.92,270464.4,0.5103,1.0097,0.9982,0.0,9887.83,21.4624,4300000
Detroit,2023-08-20,695075.8,12511.36,135237.1,4598.06,420312.1,5043.75,276458.2,3041.04,519344.8,4674.1,284535.8,1991.75,51919.2,4153.53,301339.2,0.5732,1.082,0.9332,1.0,11464.89,20.0629,4300000
Detroit,2023-08-27,619871.1,11157.68,172747.5,5873.42,546251.1,6555.01,348035.0,3828.39,411681.3,3705.13,240507.3,1683.55,59210.4,4736.83,307831.1,0.6337,1.17,0.9889,0.0,11308.06,21.2622,4300000
Detroit,2023-09-03,774004.1,13932.07,143932.9,4893.72,579960.7,6959.53,321915.6,3541.07,553948.5,4985.54,241275.7,1688.93,45387.5,3631.0,362963.1,0.6832,1.2821,0.9891,0.0,11928.69,21.2666,4300000
Detroit,2023-09-10,688682.3,12396.28,164339.8,5587.55,533830.9,6405.97,282485.9,3107.34,471149.3,4240.34,243501.4,1704.51,57714.8,4617.19,299096.9,0.7134,1.2827,0.988,0.0,11144.76,21.2412,4300000
Detroit,2023-09-17,657642.6,11837.57,164585.8,5595.92,438435.0,5261.22,310643.5,3417.08,547718.5,4929.47,341912.6,2393.39,58404.4,4672.35,313411.6,0.7189,1.3131,0.9838,0.0,11607.88,21.1526,4300000
Detroit,2023-09-24,588446.3,10592.03,138223.2,4699.59,469972.1,5639.66,301888.1,3320.77,414235.8,3728.12,244998.8,1714.99,45575.3,3646.02,349853.6,0.6989,1.191,0.9834,0.0,11594.46,21.1421,4300000
Detroit,2023-10-01,736992.0,13265.86,131683.3,4477.23,538118.2,6457.42,361420.4,3975.62,516298.0,4646.68,253327.1,1773.29,55250.0,4420.0,281453.1,0.6567,1.3079,0.9545,1.0,12773.82,20.5208,4300000
Detroit,2023-10-08,544740.3,9805.33,159928.2,5437.56,449084.1,5389.01,292394.4,3216.34,504115.7,4537.04,337478.2,2362.35,48927.9,3914.24,288077.1,0.5997,1.0618,0.9429,1.0,11605.5,20.2714,4300000
Detroit,2023-10-15,549956.5,9899.22,123905.2,4212.78,455731.8,5468.78,329042.4,3619.47,492338.0,4431.04,313499.9,2194.5,46883.9,3750.71,298728.6,0.5366,0.928,0.9329,1.0,12131.96,20.058,4300000
Detroit,2023-10-22,640252.8,11524.55,121021.1,4114.72,395338.8,4744.07,231924.1,2551.16,450741.5,4056.67,309075.1,2163.53,39514.6,3161.17,271471.0,0.4754,0.9384,1.0126,0.0,9827.89,21.772,4300000
Detroit,2023-10-29,459676.8,8274.18,140061.5,4762.09,474421.5,5693.06,244648.0,2691.13,479622.2,4316.6,326101.2,2282.71,51453.5,4116.28,243609.3,0.4222,1.0586,0.9916,0.0,9694.82,21.3184,4300000
Detroit,2023-11-05,551027.5,9918.5,127574.2,4337.52,388257.8,4659.09,255263.1,2807.89,398755.1,3588.8,322627.7,2258.39,43563.3,3485.07,240267.8,0.38,0.7894,1.0182,0.0,9380.79,21.892,4300000
Detroit,2023-11-12,470398.9,8467.18,126308.7,4294.5,459255.3,5511.06,268542.6,2953.97,387583.6,3488.25,276781.7,1937.47,49270.8,3941.66,244915.5,0.3491,0.7603,1.0166,0.0,9796.59,21.8572,4300000
Detroit,2023-11-19,443597.4,7984.75,110056.4,3741.92,388147.4,4657.77,279742.1,3077.16,338819.6,3049.38,259800.4,1818.6,48618.2,3889.45,265791.6,0.3284,0.7596,0.9816,0.0,9053.42,21.1054,4300000
Detroit,2023-11-26,517190.3,9309.43,103371.0,3514.61,437433.9,5249.21,261357.0,2874.93,371357.5,3342.22,257941.2,1805.59,34266.9,2741.35,227291.3,0.3154,0.714,1.0083,0.0,8758.76,21.6782,4300000
Detroit,2023-12-03,575942.0,10366.96,94655.8,3218.3,392583.1,4711.0,257530.9,2832.84,432892.0,3896.03,230655.4,1614.59,47839.9,3827.19,221550.2,0.3078,0.8299,0.9882,0.0,9162.97,21.2459,4300000
Detroit,2023-12-10,479543.9,8631.79,129079.5,4388.7,318024.1,3816.29,228431.5,2512.75,358381.4,3225.43,310518.0,2173.63,38016.5,3041.32,231270.0,0.3038,0.7641,0.9838,0.0,9106.29,21.1513,4300000
Detroit,2023-12-17,493889.5,8890.01,98197.7,3338.72,420240.7,5042.89,226336.3,2489.7,422266.0,3800.39,313571.8,2195.0,43099.3,3447.94,214398.2,0.3017,0.8121,0.9953,0.0,9313.5,21.3993,4300000
Detroit,2023-12-24,482328.2,8681.91,133836.2,4550.43,337584.5,4051.01,192289.5,2115.18,317326.1,2855.94,309934.1,2169.54,46336.1,3706.89,235841.9,0.3007,0.8443,0.999,0.0,8505.36,21.4796,4300000
Detroit,2023-12-31,457766.3,8239.79,120076.3,4082.59,435353.1,5224.24,247669.5,2724.36,422128.3,3799.15,241104.8,1687.73,36999.5,2959.96,215645.6,0.3003,0.7159,1.0188,0.0,8416.0,21.9048,4300000
Detroit,2024-01-07,429643.4,7733.58,100432.0,3414.69,427545.8,5130.55,197259.6,2169.86,425281.4,3827.53,279531.1,1956.72,46814.5,3745.16,250568.4,0.3064,0.8024,0.9889,0.0,8884.02,21.2604,4300000
Detroit,2024-01-14,544694.2,9804.5,116689.4,3967.44,441019.9,5292.24,218006.4,2398.07,313893.7,2825.04,305847.1,2140.93,41022.3,3281.78,251359.9,0.3123,0.705,0.9997,0.0,9554.62,21.4931,4300000
Detroit,2024-01-21,416334.0,7494.01,117078.7,3980.68,364003.5,4368.04,210028.0,2310.31,339980.3,3059.82,293816.8,2056.72,45652.2,3652.18,214904.7,0.3223,0.7294,0.9825,0.0,9703.48,21.1246,4300000
Detroit,2024-01-28,510387.0,9186.97,115943.1,3942.07,424208.2,5090.5,257928.9,2837.22,380492.3,3424.43,269499.5,1886.5,40234.2,3218.73,263577.0,0.3387,0.8288,0.9805,0.0,9572.96,21.0812,4300000
Detroit,2024-02-04,579765.3,10435.78,116988.4,3977.61,450106.6,5401.28,283814.0,3121.95,340681.1,3066.13,284405.1,1990.84,35624.2,2849.94,229549.6,0.364,0.7804,1.0111,0.0,8864.52,21.7379,4300000
Detroit,2024-02-11,532892.5,9592.06,140902.9,4790.7,368923.4,4427.08,278522.7,3063.75,441966.0,3977.69,314791.6,2203.54,41997.5,3359.8,261097.5,0.4008,0.8364,0.9872,0.0,8802.65,21.2249,4300000
Detroit,2024-02-18,472610.9,8507.0,145896.5,4960.48,421285.3,5055.42,242917.8,2672.1,439957.7,3959.62,293721.2,2056.05,41994.5,3359.56,266540.5,0.4514,0.9886,1.0195,0.0,10118.96,21.9189,4300000
Detroit,2024-02-25,579671.7,10434.09,134816.4,4583.76,527837.4,6334.05,237306.4,2610.37,489654.1,4406.89,317380.7,2221.66,56855.1,4548.41,313210.7,0.5167,1.051,0.9835,0.0,10739.25,21.1444,4300000
Detroit,2024-03-03,518670.7,9336.07,121860.6,4143.26,507878.2,6094.54,312251.9,3434.77,527293.2,4745.64,266201.5,1863.41,54024.6,4321.96,309729.6,0.5958,1.1729,1.0015,0.0,11411.25,21.5325,4300000
Detroit,2024-03-10,613021.6,11034.39,133512.7,4539.43,449502.0,5394.02,302613.8,3328.75,520533.5,4684.8,272097.5,1904.68,54029.6,4322.36,378307.1,0.6849,1.1419,1.0023,0.0,12233.64,21.5485,4300000
Detroit,2024-03-17,786129.6,14150.33,178439.8,6066.95,603151.7,7237.82,295848.4,3254.33,576893.5,5192.04,311956.3,2183.69,48947.7,3915.82,378718.7,0.7774,1.0905,0.9905,0.0,12258.77,21.2954,4300000
Detroit,2024-03-24,655817.8,11804.72,148426.9,5046.51,583494.4,7001.93,289930.7,3189.24,528105.1,4752.95,278837.1,1951.86,58063.4,4645.07,442718.4,0.8644,1.3783,1.0086,0.0,14019.6,21.6839,4300000
Detroit,2024-03-31,801736.3,14431.25,192332.9,6539.32,532481.9,6389.78,402398.1,4426.38,602944.9,5426.5,299817.9,2098.72,56322.5,4505.8,421336.8,0.9361,1.2785,0.9961,0.0,14119.61,21.4153,4300000
Detroit,2024-04-07,678122.3,12206.2,193280.2,6571.53,643628.1,7723.54,308832.7,3397.16,560891.4,5048.02,335760.2,2350.32,53680.6,4294.45,379507.3,0.9835,1.4155,1.0194,0.0,14878.77,21.9181,4300000
Detroit,2024-04-14,688309.6,12389.57,159857.3,5435.15,579702.1,6956.43,365367.4,4019.04,529374.4,4764.37,299668.5,2097.68,68420.0,5473.6,394203.0,1.0,1.3895,0.9843,0.0,14510.91,21.1623,4300000
Detroit,2024-04-21,897292.5,16151.27,177373.0,6030.68,673802.4,8085.63,429666.5,4726.33,515317.9,4637.86,310779.1,2175.45,74587.6,5967.01,422780.1,0.9835,1.4986,1.0111,0.0,14859.82,21.7382,4300000
Detroit,2024-04-28,840268.1,15124.83,155717.2,5294.38,576524.0,6918.29,309273.6,3402.01,610034.8,5490.31,278721.6,1951.05,64872.0,5189.76,392182.8,0.9361,1.4836,1.0073,0.0,13991.48,21.6576,4300000
Detroit,2024-05-05,760000.1,13680.0,198986.9,6765.55,513636.7,6163.64,293159.2,3224.75,582331.0,5240.98,353997.0,2477.98,56999.6,4559.97,382098.3,0.8644,1.5333,0.9922,0.0,13743.72,21.3316,4300000
Detroit,2024-05-12,760850.9,13695.32,164172.4,5581.86,559733.6,6716.8,373819.4,4112.01,512041.7,4608.38,336727.2,2357.09,64518.7,5161.5,381582.1,0.7774,1.1614,0.9824,0.0,13256.05,21.1213,4300000
Detroit,2024-05-19,626430.8,11275.75,165807.1,5637.44,565271.8,6783.26,293708.1,3230.79,484656.8,4361.91,337190.5,2360.33,53434.6,4274.77,320125.9,0.6849,1.1898,0.9485,1.0,14632.1,20.392,4300000
Detroit,2024-05-26,576564.2,10378.15,125427.6,4264.54,444861.2,5338.33,339820.1,3738.02,457348.0,4116.13,297162.9,2080.14,58135.0,4650.8,299164.6,0.596,1.2585,1.0041,0.0,10925.39,21.5873,4300000
Detroit,2024-06-02,515043.5,9270.78,121689.7,4137.45,491332.2,5895.99,234309.0,2577.4,419460.6,3775.15,266725.1,1867.08,47235.5,3778.84,288724.5,0.5172,0.9806,0.9899,0.0,10189.58,21.2823,4300000
Detroit,2024-06-09,500836.4,9015.05,143540.8,4880.39,414736.9,4976.84,286663.3,3153.3,369171.9,3322.55,306605.1,2146.24,50796.3,4063.7,270671.0,0.4524,0.8701,1.0098,0.0,10697.16,21.7097,4300000
Detroit,2024-06-16,508685.6,9156.34,142621.1,4849.12,377514.2,4530.17,227381.5,2501.2,358329.6,3224.97,244415.1,1710.91,38702.0,3096.16,237781.8,0.4032,0.7948,1.0077,0.0,8946.86,21.6656,4300000
Detroit,2024-06-23,542216.8,9759.9,137894.6,4688.42,454823.3,5457.88,269836.6,2968.2,361648.7,3254.84,252286.7,1766.01,41916.1,3353.28,239195.3,0.3692,0.8132,0.9886,0.0,9642.34,21.256,4300000
Detroit,2024-06-30,481629.3,8669.33,106703.3,3627.91,427234.6,5126.82,248112.6,2729.24,418099.8,3762.9,304324.3,2130.27,35089.8,2807.18,280244.4,0.3493,0.745,0.934,1.0,10343.06,20.0818,4300000
Detroit,2024-07-07,425853.9,7665.37,112965.9,3840.84,457612.8,5491.35,266728.4,2934.01,326398.0,2937.58,307703.5,2153.92,48509.3,3880.74,267750.5,0.3425,0.9455,0.9997,0.0,9483.42,21.4937,4300000
Detroit,2024-07-14,538501.6,9693.03,101628.2,3455.36,368841.2,4426.09,241243.1,2653.67,397264.9,3575.38,316309.0,2214.16,42714.9,3417.2,267733.3,0.3485,0.9089,0.9906,0.0,9450.75,21.2987,4300000
Detroit,2024-07-21,579168.1,10425.03,117300.5,3988.22,461719.2,5540.63,208799.3,2296.79,346988.5,3122.9,251327.0,1759.29,40290.8,3223.26,234716.4,0.3674,0.7624,1.0157,0.0,8954.9,21.8366,4300000
Detroit,2024-07-28,601200.0,10821.6,135816.9,4617.77,472369.5,5668.43,279588.1,3075.47,394735.7,3552.62,263919.5,1847.44,50704.2,4056.33,271408.0,0.3998,0.9006,1.0186,0.0,9882.17,21.8993,4300000
Detroit,2024-08-04,480578.0,8650.4,151092.3,5137.14,443208.0,5318.5,284995.3,3134.95,393575.7,3542.18,257733.6,1804.14,39285.0,3142.8,233217.4,0.4453,1.0507,0.9682,1.0,11010.75,20.8165,4300000
Detroit,2024-08-11,482926.2,8692.67,129521.1,4403.72,521069.3,6252.83,251746.5,2769.21,419385.9,3774.47,258428.0,1809.0,41552.9,3324.23,273266.1,0.5016,1.1163,1.0104,0.0,9655.62,21.7231,4300000
Detroit,2024-08-18,663172.5,11937.1,155971.0,5303.01,473937.1,5687.25,322975.6,3552.73,435902.7,3923.12,239501.2,1676.51,41755.0,3340.4,281683.3,0.5641,1.1064,1.0009,0.0,11015.23,21.5191,4300000
Detroit,2024-08-25,730101.0,13141.82,141539.5,4812.34,553427.4,6641.13,253627.4,2789.9,483325.3,4349.93,252862.7,1770.04,44649.8,3571.98,325659.7,0.6256,1.0412,0.9836,0.0,12094.64,21.1473,4300000
Detroit,2024-09-01,595536.2,10719.65,131605.0,4474.57,519672.7,6236.07,283477.9,3118.26,565414.6,5088.73,260742.3,1825.2,50174.3,4013.94,376050.9,0.6771,1.2778,0.9454,1.0,13879.91,20.3254,4300000
Detroit,2024-09-08,670431.6,12067.77,130582.8,4439.81,450947.0,5411.36,332042.1,3652.46,491011.4,4419.1,280880.6,1966.16,63068.8,5045.51,323630.4,0.7105,1.194,1.004,0.0,12371.15,21.5867,4300000
Detroit,2024-09-15,788716.6,14196.9,163854.5,5571.05,540315.6,6483.79,347396.7,3821.36,508099.7,4572.9,281688.8,1971.82,56573.0,4525.84,312977.8,0.7197,1.3517,0.9863,0.0,11883.57,21.2045,4300000
Detroit,2024-09-22,670186.4,12063.35,152596.8,5188.29,458735.7,5504.83,306121.1,3367.33,554180.5,4987.62,301895.3,2113.27,58391.4,4671.31,315765.3,0.7032,1.0327,1.0005,0.0,12027.41,21.5113,4300000
Detroit,2024-09-29,628420.6,11311.57,151343.0,5145.66,579771.6,6957.26,265716.4,2922.88,448130.5,4033.17,287750.6,2014.25,62470.4,4997.64,324472.8,0.6639,1.0249,0.9904,0.0,12127.5,21.2936,4300000
Detroit,2024-10-06,578878.9,10419.82,168811.7,5739.6,511831.5,6141.98,249297.0,2742.27,442488.7,3982.4,278178.8,1947.25,42997.9,3439.83,313598.5,0.6085,1.2197,1.0127,0.0,11003.23,21.7736,4300000
Detroit,2024-10-13,642404.7,11563.28,117440.6,3992.98,395609.7,4747.32,286062.3,3146.69,409174.3,3682.57,243657.4,1705.6,40711.5,3256.92,292355.0,0.5456,1.0871,0.9331,1.0,12259.74,20.0608,4300000
Detroit,2024-10-20,565584.3,10180.52,128831.5,4380.27,463922.9,5567.07,299507.7,3294.58,481883.0,4336.95,286392.1,2004.74,43397.1,3471.77,278698.9,0.4838,1.0937,1.0116,0.0,10520.4,21.7502,4300000
Detroit,2024-10-27,611164.4,11000.96,105459.1,3585.61,451070.7,5412.85,226807.2,2494.88,443434.8,3990.91,331750.1,2322.25,37116.5,2969.32,260160.7,0.4292,0.8353,1.0192,0.0,9860.72,21.9128,4300000
Detroit,2024-11-03,597364.9,10752.57,107031.3,3639.06,337978.9,4055.75,287178.5,3158.96,379607.4,3416.47,289303.1,2025.12,46405.1,3712.41,237483.1,0.3853,0.9697,0.9869,0.0,9498.51,21.2176,4300000
Detroit,2024-11-10,529244.1,9526.39,102884.5,3498.07,388713.4,4664.56,245435.5,2699.79,327711.8,2949.41,290614.9,2034.3,47187.3,3774.98,214397.8,0.3529,0.8111,0.9598,1.0,9405.36,20.6353,4300000
Detroit,2024-11-17,539786.3,9716.15,134873.5,4585.7,367978.3,4415.74,232719.8,2559.92,383191.4,3448.72,272998.8,1910.99,41061.8,3284.94,246519.1,0.3308,0.8535,1.0163,0.0,9060.97,21.8511,4300000
Detroit,2024-11-24,498342.2,8970.16,105241.3,3578.21,357611.2,4291.33,213669.4,2350.36,403930.6,3635.38,229600.3,1607.2,34365.5,2749.24,220486.9,0.3169,0.8757,0.9929,0.0,9117.89,21.3474,4300000
Detroit,2024-12-01,414344.8,7458.21,108278.5,3681.47,393463.3,4721.56,263159.2,2894.75,334088.4,3006.8,271321.5,1899.25,38338.9,3067.12,245764.5,0.3087,0.7036,0.943,1.0,10159.76,20.275,4300000
Detroit,2024-12-08,498658.4,8975.85,129541.7,4404.42,352428.0,4229.14,242751.7,2670.27,373302.9,3359.73,259904.0,1819.33,37226.2,2978.1,214910.5,0.3042,0.8457,1.0146,0.0,8375.99,21.8135,4300000
Detroit,2024-12-15,567306.2,10211.51,101071.8,3436.44,394325.4,4731.91,236499.6,2601.5,359535.6,3235.82,317679.2,2223.75,34626.2,2770.1,222715.4,0.3019,0.7096,0.9875,0.0,8766.67,21.2312,4300000
Detroit,2024-12-22,518109.7,9325.97,107410.9,3651.97,401314.9,4815.78,211305.7,2324.36,324288.0,2918.59,233703.7,1635.93,41584.8,3326.78,191863.9,0.3008,0.7442,1.0097,0.0,8319.8,21.7085,4300000
Detroit,2024-12-29,562148.3,10118.67,110278.1,3749.46,421863.2,5062.36,269034.0,2959.37,418009.1,3762.08,296420.2,2074.94,35522.1,2841.77,220010.6,0.3003,0.6876,0.9827,0.0,7767.18,21.1283,4300000
Detroit,2025-01-05,575842.9,10365.17,95678.0,3253.05,361602.2,4339.23,272068.3,2992.75,335624.1,3020.62,281937.9,1973.56,37606.1,3008.49,219008.5,0.3053,0.7154,0.9942,0.0,8618.68,21.3755,4300000
Detroit,2025-01-12,542272.7,9760.91,122786.7,4174.75,415372.5,4984.47,255235.3,2807.59,383326.5,3449.94,297102.2,2079.72,43406.5,3472.52,206843.4,0.3103,0.8925,0.983,0.0,8356.29,21.1342,4300000
Detroit,2025-01-19,440052.3,7920.94,102187.3,3474.37,370530.2,4446.36,276273.5,3039.01,357078.9,3213.71,263261.5,1842.83,34359.7,2748.78,219875.6,0.3189,0.8766,1.0117,0.0,8761.22,21.7517,4300000
Detroit,2025-01-26,461284.4,8303.12,104640.5,3557.78,397939.3,4775.27,223237.9,2455.62,370479.8,3334.32,296660.9,2076.63,40192.6,3215.41,216428.4,0.3332,0.7386,0.9918,0.0,8607.36,21.3244,4300000
Detroit,2025-02-02,591174.4,10641.14,102462.4,3483.72,348492.0,4181.9,260835.8,2869.19,345841.4,3112.57,257560.2,1802.92,37629.3,3010.34,238903.8,0.3557,0.8028,1.0063,0.0,8634.93,21.6352,4300000
Detroit,2025-02-09,478938.1,8620.89,113926.7,3873.51,351406.6,4216.88,259189.8,2851.09,468859.2,4219.73,251768.4,1762.38,47143.5,3771.48,259642.9,0.389,0.8606,1.0034,0.0,8400.91,21.5741,4300000
Detroit,2025-02-16,570232.3,10264.18,119905.6,4076.79,404276.4,4851.32,228472.6,2513.2,413324.0,3719.92,314663.2,2202.64,49850.6,3988.04,268675.5,0.4354,0.8238,0.9891,0.0,9377.07,21.2652,4300000
Detroit,2025-02-23,510814.0,9194.65,140723.7,4784.61,378046.6,4536.56,302599.4,3328.59,363402.9,3270.63,300080.8,2100.57,42831.9,3426.55,255512.2,0.4966,0.9626,0.9991,0.0,10609.79,21.4809,4300000
Detroit,2025-03-02,583306.1,10499.51,161731.1,5498.86,513380.1,6160.56,243610.2,2679.71,492158.1,4429.42,309672.4,2167.71,43167.3,3453.39,307010.6,0.572,1.1428,1.0164,0.0,12051.45,21.8518,4300000
Detroit,2025-03-09,567505.4,10215.1,145066.2,4932.25,455346.1,5464.15,338947.3,3728.42,402953.2,3626.58,317280.5,2220.96,57744.3,4619.54,342518.7,0.6587,1.3071,0.9859,0.0,11088.26,21.1974,4300000
Detroit,2025-03-16,735822.7,13244.81,131892.7,4484.35,494238.4,5930.86,357842.7,3936.27,599144.0,5392.3,272823.8,1909.77,56407.8,4512.62,390922.1,0.7511,1.3851,0.9965,0.0,12760.44,21.4248,4300000
Detroit,2025-03-23,737693.6,13278.49,177041.6,6019.42,562718.4,6752.62,304008.4,3344.09,477847.6,4300.63,325222.5,2276.56,61730.0,4938.4,383790.2,0.8407,1.3098,0.9847,0.0,14058.85,21.1712,4300000
Detroit,2025-03-30,858077.0,15445.39,186488.0,6340.59,561283.4,6735.4,297995.8,3277.95,488727.2,4398.54,353402.3,2473.82,62948.6,5035.89,417550.0,0.9177,1.4622,0.9998,0.0,13825.36,21.4954,4300000
Detroit,2025-04-06,715838.8,12885.1,192022.4,6528.76,568528.8,6822.35,410744.5,4518.19,500338.7,4503.05,255870.6,1791.09,62921.2,5033.7,403229.6,0.9729,1.3313,0.9891,0.0,14920.75,21.2661,4300000
Detroit,2025-04-13,734660.1,13223.88,165356.3,5622.11,674222.9,8090.67,350822.6,3859.05,663996.5,5975.97,312542.8,2187.8,59890.4,4791.23,407200.8,0.9986,1.3712,0.9514,1.0,17732.72,20.4554,4300000
Detroit,2025-04-20,702661.0,12647.9,157232.1,5345.89,630069.0,7560.83,342525.6,3767.78,641454.0,5773.09,267502.1,1872.51,55138.4,4411.07,395813.2,0.9915,1.4205,0.9369,1.0,16532.06,20.1437,4300000
Detroit,2025-04-27,708293.2,12749.28,155194.6,5276.62,542841.8,6514.1,314481.4,3459.3,664463.4,5980.17,265677.4,1859.74,62510.1,5000.81,413942.5,0.9525,1.6519,1.0022,0.0,14082.88,21.5471,4300000
Detroit,2025-05-04,619181.9,11145.27,197700.2,6721.81,585838.7,7030.06,352656.3,3879.22,460427.3,4143.85,311730.2,2182.11,61086.8,4886.95,378963.9,0.8869,1.5613,0.9996,0.0,13381.91,21.4905,4300000
Detroit,2025-05-11,679730.6,12235.15,150453.3,5115.41,471146.8,5653.76,277252.2,3049.77,587718.2,5289.46,255724.3,1790.07,63795.1,5103.61,397902.0,0.8032,1.1538,0.9871,0.0,13519.55,21.2217,4300000
Detroit,2025-05-18,736287.1,13253.17,157935.5,5369.81,556356.8,6676.28,271446.4,2985.91,420246.8,3782.22,312376.0,2186.63,57648.4,4611.87,316858.2,0.7114,1.3324,1.0166,0.0,12618.04,21.856,4300000
Detroit,2025-05-25,590471.0,10628.48,148472.6,5048.07,456160.7,5473.93,304629.1,3350.92,489245.9,4403.21,332323.9,2326.27,51681.8,4134.54,332778.6,0.6206,0.9973,0.9936,0.0,11277.18,21.3628,4300000
Detroit,2025-06-01,524488.3,9440.79,160923.4,5471.4,429718.7,5156.62,247282.4,2720.11,504630.8,4541.68,275835.6,1930.85,54967.3,4397.38,342017.1,0.5384,1.1027,0.9821,0.0,11277.92,21.1158,4300000
Detroit,2025-06-08,520851.2,9375.32,120049.6,4081.69,366813.7,4401.76,289110.7,3180.22,415294.9,3737.65,269750.8,1888.26,40711.4,3256.91,296267.1,0.4694,0.9885,1.0051,0.0,10464.41,21.6088,4300000
Detroit,2025-06-15,547079.5,9847.43,119324.4,4057.03,423897.0,5086.76,245750.9,2703.26,418160.6,3763.45,275186.6,1926.31,50820.2,4065.62,281343.5,0.4157,0.9557,0.9835,0.0,9944.83,21.1459,4300000
Detroit,2025-06-22,556986.0,10025.75,125058.0,4251.97,331279.4,3975.35,226661.8,2493.28,443787.7,3994.09,328509.7,2299.57,38604.0,3088.32,245895.2,0.3774,0.7678,0.9904,0.0,8823.72,21.2932,4300000
Detroit,2025-06-29,457980.0,8243.64,129435.3,4400.8,393452.0,4721.42,239330.7,2632.64,332236.0,2990.12,249465.9,1746.26,43802.7,3504.22,231159.3,0.3536,0.8283,0.9339,1.0,9967.88,20.0798,4300000
Detroit,2025-07-06,429101.0,7723.82,137642.9,4679.86,322161.3,3865.94,203436.9,2237.81,402081.9,3618.74,257343.1,1801.4,43598.0,3487.84,251425.9,0.3431,0.7419,0.9954,0.0,9235.68,21.4003,4300000
Detroit,2025-07-13,441058.7,7939.06,122733.0,4172.92,427703.3,5132.44,218505.8,2403.56,406155.6,3655.4,291857.4,2043.0,48391.5,3871.32,252750.0,0.3455,0.9001,1.0042,0.0,9271.04,21.5913,4300000
Detroit,2025-07-20,556992.0,10025.86,125487.4,4266.57,388189.7,4658.28,280080.4,3080.88,424295.4,3818.66,308604.9,2160.23,42671.4,3413.71,254750.1,0.3607,0.9109,0.938,1.0,10089.94,20.1679,4300000
Detroit,2025-07-27,580402.6,10447.25,133912.1,4553.01,383530.0,4602.36,216437.0,2380.81,465819.7,4192.38,254160.4,1779.12,43461.2,3476.89,279323.4,0.3892,0.8409,1.0013,0.0,10652.45,21.5283,4300000
Detroit,2025-08-03,490910.2,8836.38,118465.3,4027.82,380782.7,4569.39,271426.1,2985.69,440774.5,3966.97,313146.3,2192.02,48462.2,3876.98,291893.0,0.4311,0.8411,0.9531,1.0,10976.6,20.4913,4300000
Detroit,2025-08-10,613334.9,11040.03,111509.6,3791.33,420479.7,5045.76,245230.2,2697.53,359172.3,3232.55,264130.0,1848.91,39386.9,3150.95,286042.5,0.4847,0.8554,0.9942,0.0,10566.59,21.376,4300000
Detroit,2025-08-17,635506.2,11439.11,153416.7,5216.17,419741.4,5036.9,235436.0,2589.8,436434.9,3927.91,280299.5,1962.1,56790.2,4543.21,335374.7,0.546,0.9741,1.0197,0.0,11934.13,21.9229,4300000
Detroit,2025-08-24,644643.7,11603.59,146785.1,4990.69,558173.4,6698.08,312376.8,3436.15,465798.7,4192.19,288357.8,2018.5,47245.2,3779.61,352829.3,0.6086,1.204,0.9898,0.0,11812.7,21.2816,4300000
Detroit,2025-08-31,584239.1,10516.3,123868.8,4211.54,555086.5,6661.04,341670.5,3758.38,550621.6,4955.59,278693.8,1950.86,57395.7,4591.65,351288.5,0.6639,1.3081,1.006,0.0,12565.75,21.6286,4300000
Detroit,2025-09-07,676914.7,12184.46,139704.1,4749.94,527239.1,6326.87,318962.2,3508.58,496804.3,4471.24,264165.7,1849.16,48368.5,3869.48,353689.6,0.7032,1.2471,0.9969,0.0,11874.75,21.4341,4300000
Detroit,2025-09-14,586763.3,10561.74,170950.7,5812.32,429480.1,5153.76,336949.4,3706.44,477113.1,4294.02,283182.1,1982.27,55793.0,4463.44,364563.0,0.7197,1.1643,1.0182,0.0,12023.22,21.8924,4300000
Detroit,2025-09-21,608988.3,10961.79,172338.8,5859.52,515985.2,6191.82,287600.5,3163.61,579790.4,5218.11,292968.9,2050.78,56202.6,4496.21,309096.2,0.7105,1.0862,0.9384,1.0,13987.85,20.1761,4300000
Detroit,2025-09-28,721549.7,12987.89,164775.7,5602.37,453984.1,5447.81,328055.5,3608.61,411132.7,3700.19,258097.2,1806.68,49274.1,3941.92,300787.2,0.6771,1.0498,1.015,0.0,12055.47,21.822,4300000
Detroit,2025-10-05,534293.9,9617.29,173170.1,5887.78,504365.1,6052.38,270891.6,2979.81,444177.4,3997.6,320353.8,2242.48,46123.2,3689.86,292535.8,0.6254,0.9838,0.9397,1.0,13356.91,20.203,4300000
Detroit,2025-10-12,558104.0,10045.87,163689.9,5565.46,498561.8,5982.74,292645.0,3219.1,474818.7,4273.37,319453.3,2236.17,50705.1,4056.41,311160.9,0.5638,1.0922,0.9972,0.0,11560.27,21.4407,4300000
Detroit,2025-10-19,535552.3,9639.94,141159.0,4799.41,506837.7,6082.05,239834.9,2638.18,417247.1,3755.22,315486.2,2208.4,54454.1,4356.33,314877.3,0.5009,1.0187,0.9953,0.0,10491.52,21.3991,4300000
Detroit,2025-10-26,640732.8,11533.19,141748.7,4819.46,493406.6,5920.88,216702.5,2383.73,483288.9,4349.6,268275.7,1877.93,49045.1,3923.61,249293.4,0.4438,1.0298,0.993,0.0,9828.46,21.3488,4300000
Detroit,2025-11-02,528060.4,9505.09,136732.2,4648.9,390173.6,4682.08,228959.8,2518.56,467285.2,4205.57,272995.4,1910.97,42407.5,3392.6,260855.2,0.3966,0.815,0.9928,0.0,9595.91,21.3443,4300000
Detroit,2025-11-09,479762.6,8635.73,112544.2,3826.5,446451.4,5357.42,273876.0,3012.64,328627.7,2957.65,272143.1,1905.0,38995.6,3119.65,219843.4,0.361,0.7711,1.0085,0.0,9450.41,21.6836,4300000
Detroit,2025-11-16,556102.7,10009.85,133539.2,4540.33,349528.6,4194.34,229258.8,2521.85,390318.3,3512.86,238572.4,1670.01,48751.1,3900.09,231340.7,0.3362,0.88,0.9447,1.0,10516.58,20.3109,4300000
Detroit,2025-11-23,505175.8,9093.16,98829.0,3360.19,428220.9,5138.65,233408.6,2567.49,399297.2,3593.68,271829.0,1902.8,43593.7,3487.49,214619.4,0.3202,0.7592,1.015,0.0,8766.34,21.8216,4300000
Detroit,2025-11-30,584393.8,10519.09,104080.9,3538.75,356112.0,4273.34,270633.3,2976.97,366345.2,3297.11,293037.6,2051.26,41828.9,3346.32,246956.7,0.3106,0.7031,1.0035,0.0,8926.67,21.5757,4300000
Detroit,2025-12-07,415971.7,7487.49,130552.3,4438.78,358309.8,4299.72,201837.1,2220.21,326872.1,2941.85,312430.9,2187.02,34121.3,2729.7,216066.5,0.3052,0.878,1.0116,0.0,8821.35,21.7501,4300000
Detroit,2025-12-14,405793.6,7304.28,112360.9,3820.27,423003.4,5076.04,240367.5,2644.04,339381.4,3054.43,241767.4,1692.37,40896.9,3271.76,225332.3,0.3024,0.7876,0.9987,0.0,8452.63,21.4728,4300000
Detroit,2025-12-21,500966.7,9017.4,96213.9,3271.27,381236.1,4574.83,255983.2,2815.82,338977.4,3050.8,248080.0,1736.56,41790.0,3343.2,232768.2,0.301,0.7322,1.003,0.0,9239.52,21.5635,4300000
Seattle,2023-01-01,396221.5,7131.99,93550.1,3180.7,276253.5,3315.04,306499.0,3371.49,306169.4,2755.52,282698.9,1978.89,32290.3,2583.23,224325.3,0.3031,0.8419,0.9883,0.0,7200.73,21.2478,4000000
Seattle,2023-01-08,461029.7,8298.53,102400.9,3481.63,315211.7,3782.54,336891.1,3705.8,304708.9,2742.38,238297.2,1668.08,35308.5,2824.68,246611.3,0.3062,0.8429,0.9976,0.0,8441.89,21.4478,4000000
Seattle,2023-01-15,491010.4,8838.19,124260.7,4224.86,287290.1,3447.48,305105.4,3356.16,332475.8,2992.28,239561.1,1676.93,39208.3,3136.66,231461.2,0.3118,0.7183,1.0045,0.0,7609.31,21.5971,4000000
Seattle,2023-01-22,534469.0,9620.44,105787.6,3596.78,331812.8,3981.75,323780.0,3561.58,296277.9,2666.5,256006.9,1792.05,27837.8,2227.02,215850.8,0.3213,0.728,1.0095,0.0,8263.31,21.7048,4000000
Seattle,2023-01-29,402844.6,7251.2,122439.8,4162.95,300060.7,3600.73,316299.7,3479.3,345202.9,3106.83,217864.9,1525.05,34831.4,2786.51,192563.4,0.3367,0.8284,0.9825,0.0,7972.08,21.1238,4000000
Seattle,2023-02-05,472471.3,8504.48,119225.8,4053.68,344662.4,4135.95,299309.9,3292.41,391543.8,3523.89,238402.3,1668.82,33973.4,2717.87,244815.4,0.3603,0.8117,0.9828,0.0,8783.63,21.1293,4000000
Seattle,2023-02-12,554058.3,9973.05,97872.5,3327.66,265109.8,3181.32,288132.1,3169.45,345166.9,3106.5,271169.1,1898.18,41972.3,3357.78,249630.3,0.3943,0.9968,0.9957,0.0,8407.17,21.4074,4000000
Seattle,2023-02-19,493593.6,8884.69,101199.8,3440.79,343825.8,4125.91,384894.6,4233.84,378783.8,3409.05,283367.7,1983.57,42821.1,3425.69,278407.1,0.4406,0.8021,0.9915,0.0,9669.38,21.3179,4000000
Seattle,2023-02-26,477164.0,8588.95,134658.8,4578.4,379819.4,4557.83,293379.9,3227.18,456583.7,4109.25,251511.5,1760.58,38012.2,3040.98,242673.0,0.5,0.9502,0.983,0.0,10015.01,21.1337,4000000
Seattle,2023-03-05,660223.9,11884.03,125661.9,4272.5,379027.8,4548.33,319231.2,3511.54,487714.1,4389.43,308762.5,2161.34,45966.4,3677.31,298423.7,0.5711,1.0475,0.989,0.0,10663.43,21.2627,4000000
Seattle,2023-03-12,627055.9,11287.01,120946.9,4112.19,331944.6,3983.34,350006.1,3850.07,493285.9,4439.57,237165.0,1660.15,38879.0,3110.32,307265.9,0.6503,1.1156,1.0118,0.0,10882.54,21.7545,4000000
Seattle,2023-03-19,729693.9,13134.49,173501.0,5899.04,336388.7,4036.66,450035.5,4950.39,518288.4,4664.6,280387.4,1962.71,41681.5,3334.52,340868.5,0.7315,1.2922,1.0002,0.0,11546.79,21.5049,4000000
Seattle,2023-03-26,653940.0,11770.92,154689.7,5259.45,497096.1,5965.15,463960.4,5103.56,525714.0,4731.43,249333.5,1745.33,41129.7,3290.37,351697.3,0.8067,1.4693,0.9932,0.0,12265.94,21.3527,4000000
Seattle,2023-04-02,653952.7,11771.15,141909.0,4824.9,527416.3,6329.0,511779.9,5629.58,573678.9,5163.11,333668.8,2335.68,46282.8,3702.62,378572.8,0.8672,1.4833,1.0082,0.0,13176.68,21.6769,4000000
Seattle,2023-04-09,668374.4,12030.74,174901.9,5946.67,506544.3,6078.53,387052.7,4257.58,641082.4,5769.74,267412.4,1871.89,56187.9,4495.03,368894.3,0.9053,1.2852,0.9898,0.0,13176.67,21.28,4000000
Seattle,2023-04-16,852655.7,15347.8,173485.1,5898.49,417331.6,5007.98,465912.1,5125.03,513422.8,4620.81,264542.8,1851.8,54824.3,4385.95,411520.0,0.9157,1.3621,1.0026,0.0,13719.54,21.5553,4000000
Seattle,2023-04-23,663699.3,11946.59,167696.8,5701.69,524649.7,6295.8,482486.9,5307.36,490899.1,4418.09,239527.0,1676.69,45201.0,3616.08,353625.3,0.897,1.4993,0.9801,0.0,12879.82,21.0718,4000000
Seattle,2023-04-30,687253.6,12370.56,178149.4,6057.08,502200.1,6026.4,472874.0,5201.61,560055.1,5040.5,315337.0,2207.36,54293.5,4343.48,406519.0,0.8519,1.4679,0.9834,0.0,13398.73,21.1431,4000000
Seattle,2023-05-07,695289.8,12515.22,152430.7,5182.64,380197.9,4562.37,404601.3,4450.61,440351.4,3963.16,237895.1,1665.27,50646.6,4051.73,373013.0,0.7864,1.2059,0.9992,0.0,12142.11,21.4827,4000000
Seattle,2023-05-14,744723.7,13405.03,170048.5,5781.65,371706.1,4460.47,347517.0,3822.69,468633.6,4217.7,312959.3,2190.72,50649.3,4051.95,341708.5,0.7086,1.0859,0.9837,0.0,12297.9,21.1495,4000000
Seattle,2023-05-21,560111.1,10082.0,135793.9,4616.99,393465.0,4721.58,359508.1,3954.59,414150.6,3727.35,291032.1,2037.23,41572.3,3325.79,295537.9,0.6272,1.0755,1.0045,0.0,11055.37,21.596,4000000
Seattle,2023-05-28,620762.7,11173.73,135576.6,4609.6,403267.3,4839.21,371566.1,4087.23,375554.7,3379.99,248448.9,1739.14,35502.1,2840.17,288339.4,0.5499,1.0466,0.9859,0.0,10425.94,21.1978,4000000
Seattle,2023-06-04,500822.7,9014.81,127845.1,4346.73,310041.4,3720.5,322209.5,3544.3,428841.1,3859.57,267421.3,1871.95,33329.1,2666.33,282876.7,0.4822,1.0561,0.986,0.0,9911.31,21.1998,4000000
Seattle,2023-06-11,574039.3,10332.71,127715.6,4342.33,312097.3,3745.17,274927.6,3024.2,409035.2,3681.32,305621.5,2139.35,35903.8,2872.31,246192.7,0.4271,0.9681,1.019,0.0,10061.52,21.9085,4000000
Seattle,2023-06-18,438583.6,7894.51,99395.8,3379.46,350862.8,4210.35,357834.8,3936.18,365657.1,3290.91,246420.3,1724.94,34579.3,2766.34,224720.0,0.3857,1.0087,0.9937,0.0,8783.05,21.364,4000000
Seattle,2023-06-25,433059.7,7795.07,110147.5,3745.02,326947.8,3923.37,295202.9,3247.23,354497.9,3190.48,239031.8,1673.22,29263.8,2341.1,247528.5,0.3576,0.9355,0.9892,0.0,8373.92,21.2669,4000000
Seattle,2023-07-02,546593.0,9838.67,98992.5,3365.75,294352.2,3532.23,277638.5,3054.02,376054.0,3384.49,278873.2,1952.11,30825.5,2466.04,213748.5,0.3418,0.8724,1.0027,0.0,8222.85,21.5579,4000000
Seattle,2023-07-09,400147.5,7202.66,102397.0,3481.5,306354.8,3676.26,275984.2,3035.83,304226.8,2738.04,256582.0,1796.07,28886.6,2310.93,207651.2,0.3375,0.8287,0.9898,0.0,7990.91,21.2801,4000000
Seattle,2023-07-16,446670.0,8040.06,122535.9,4166.22,251720.5,3020.65,314416.4,3458.58,375395.9,3378.56,220456.9,1543.2,36301.3,2904.11,233670.1,0.3443,0.755,1.0046,0.0,8979.32,21.5985,4000000
Seattle,2023-07-23,480605.7,8650.9,127322.9,4328.98,343806.3,4125.68,355437.8,3909.82,337131.5,3034.18,236100.3,1652.7,36770.5,2941.64,241935.6,0.3627,0.946,1.0169,0.0,8127.04,21.8634,4000000
Seattle,2023-07-30,500649.7,9011.69,96872.3,3293.66,306344.3,3676.13,316150.3,3477.65,370645.7,3335.81,238844.6,1671.91,32467.3,2597.38,237219.6,0.3929,0.9138,1.0128,0.0,9249.28,21.7756,4000000
Seattle,2023-08-06,573373.0,10320.71,128123.8,4356.21,271242.6,3254.91,273077.4,3003.85,435862.9,3922.77,267652.0,1873.56,36720.5,2937.64,255741.8,0.4344,0.9875,0.9881,0.0,9335.08,21.2451,4000000
Seattle,2023-08-13,473661.1,8525.9,139669.7,4748.77,350732.8,4208.79,297709.4,3274.8,428852.6,3859.67,247021.7,1729.15,44137.2,3530.98,293036.8,0.4851,1.011,1.0051,0.0,10079.23,21.6092,4000000
Seattle,2023-08-20,661557.7,11908.04,148964.2,5064.78,318706.3,3824.48,321235.6,3533.59,497038.2,4473.34,282014.8,1974.1,39854.4,3188.35,291152.4,0.5404,1.1722,0.9582,1.0,11308.04,20.6005,4000000
Seattle,2023-08-27,527232.3,9490.18,148607.7,5052.66,307300.7,3687.61,390238.6,4292.62,454812.1,4093.31,318345.1,2228.42,36183.3,2894.67,272449.2,0.5937,1.0636,1.0085,0.0,10029.19,21.6834,4000000
Seattle,2023-09-03,669486.7,12050.76,137093.4,4661.18,435786.9,5229.44,411732.2,4529.05,417359.7,3756.24,313401.5,2193.81,46478.0,3718.24,281028.6,0.6372,1.0685,1.0062,0.0,10639.45,21.6337,4000000
Seattle,2023-09-10,637373.9,11472.73,164374.8,5588.74,452737.1,5432.85,335415.2,3689.57,417211.4,3754.9,310056.5,2170.4,41630.0,3330.4,309347.5,0.6638,1.3323,0.9984,0.0,10635.14,21.4663,4000000
Seattle,2023-09-17,697139.0,12548.5,152801.4,5195.25,448576.2,5382.91,400746.6,4408.21,523291.0,4709.62,313448.1,2194.14,39367.3,3149.39,301416.3,0.6687,1.34,0.9998,0.0,10292.44,21.4954,4000000
Seattle,2023-09-24,657136.5,11828.46,129531.3,4404.06,349277.4,4191.33,456483.7,5021.32,409322.1,3683.9,302838.4,2119.87,47316.6,3785.33,287192.6,0.651,1.1357,0.9916,0.0,10756.58,21.3188,4000000
Seattle,2023-10-01,609828.3,10976.91,141043.3,4795.47,394298.4,4731.58,388439.2,4272.83,439905.0,3959.14,307042.3,2149.3,47137.7,3771.02,271778.5,0.6139,1.1372,1.0109,0.0,10078.29,21.7351,4000000
Seattle,2023-10-08,532221.8,9579.99,130179.7,4426.11,359640.3,4315.68,420075.7,4620.83,419322.8,3773.91,280874.0,1966.12,34595.6,2767.65,260332.6,0.5638,0.935,0.9913,0.0,10096.29,21.312,4000000
Seattle,2023-10-15,600402.1,10807.24,122757.8,4173.77,296947.6,3563.37,365388.9,4019.28,354290.9,3188.62,222027.3,1554.19,41082.3,3286.58,256010.9,0.5082,0.981,1.0151,0.0,8885.78,21.8254,4000000
Seattle,2023-10-22,515986.9,9287.76,130604.7,4440.56,345099.2,4141.19,334455.1,3679.01,404340.0,3639.06,308620.2,2160.34,33675.8,2694.06,225948.8,0.4544,1.0441,0.9438,1.0,10752.92,20.2926,4000000
Seattle,2023-10-29,564119.4,10154.15,122929.4,4179.6,339311.6,4071.74,307485.6,3382.34,414333.5,3729.0,229685.6,1607.8,42927.7,3434.22,236229.2,0.4075,0.9434,0.9973,0.0,7771.59,21.4423,4000000
Seattle,2023-11-05,461228.9,8302.12,133635.7,4543.61,265499.5,3185.99,271165.0,2982.81,375895.1,3383.06,285780.3,2000.46,33481.6,2678.53,224496.6,0.3704,0.8681,1.001,0.0,8764.39,21.5221,4000000
Seattle,2023-11-12,404942.2,7288.96,124346.9,4227.79,261959.8,3143.52,254255.1,2796.81,307642.1,2768.78,304061.1,2128.43,30677.3,2454.19,228530.9,0.3433,0.8554,0.9863,0.0,7799.03,21.2064,4000000
Seattle,2023-11-19,524946.0,9449.03,109112.0,3709.81,331263.4,3975.16,286511.5,3151.63,403488.2,3631.39,261108.0,1827.76,30085.8,2406.87,201684.1,0.325,0.8332,0.9834,0.0,8193.04,21.1422,4000000
Seattle,2023-11-26,536609.4,9658.97,121954.4,4146.45,245406.0,2944.87,344244.2,3786.69,375810.2,3382.29,256943.3,1798.6,34692.8,2775.43,211983.1,0.3135,0.8464,0.9963,0.0,8488.66,21.4198,4000000
Seattle,2023-12-03,418128.9,7526.32,115161.9,3915.51,324094.7,3889.14,265154.1,2916.69,314000.5,2826.0,283217.8,1982.52,38969.4,3117.55,222927.3,0.3069,0.8289,0.9811,0.0,7961.97,21.0941,4000000
Seattle,2023-12-10,425437.0,7657.87,92972.8,3161.07,319798.6,3837.58,237968.9,2617.66,341206.9,3070.86,242834.5,1699.84,32799.7,2623.98,210477.9,0.3033,0.6872,0.9975,0.0,7977.65,21.4468,4000000
Seattle,2023-12-17,522609.5,9406.97,115578.8,3929.68,326387.7,3916.65,259926.7,2859.19,327116.1,2944.04,261169.2,1828.18,29523.1,2361.85,205357.0,0.3015,0.7609,0.9856,0.0,8455.7,21.1895,4000000
Seattle,2023-12-24,436761.9,7861.71,88812.8,3019.64,242800.1,2913.6,336734.0,3704.07,336846.2,3031.62,247053.8,1729.38,29992.6,2399.41,224838.0,0.3006,0.8497,0.9996,0.0,8071.01,21.4919,4000000
Seattle,2023-12-31,426850.7,7683.31,114304.8,3886.36,331763.2,3981.16,293235.2,3225.59,387204.0,3484.84,253828.8,1776.8,34573.2,2765.86,193822.7,0.3002,0.7446,1.0133,0.0,8423.3,21.7851,4000000
Seattle,2024-01-07,416802.0,7502.44,96972.2,3297.05,310626.4,3727.52,247271.7,2719.99,318779.0,2869.01,259842.4,1818.9,28742.9,2299.43,219541.9,0.3057,0.8453,1.0178,0.0,7298.51,21.8835,4000000
Seattle,2024-01-14,503313.1,9059.64,97132.5,3302.5,295529.5,3546.35,285283.1,3138.11,339205.6,3052.85,253437.7,1774.06,29437.9,2355.03,223125.9,0.3108,0.7642,0.9686,1.0,9406.52,20.8255,4000000
Seattle,2024-01-21,413322.2,7439.8,101554.9,3452.87,328103.2,3937.24,344622.7,3790.85,319970.6,2879.74,214537.7,1501.76,29020.7,2321.66,198423.6,0.3196,0.9313,0.9962,0.0,8400.11,21.4186,4000000
Seattle,2024-01-28,461140.9,8300.54,94197.6,3202.72,279888.3,3358.66,287500.8,3162.51,349098.7,3141.89,240306.8,1682.15,32075.9,2566.07,209352.1,0.3341,0.7265,0.9904,0.0,7662.06,21.2937,4000000
Seattle,2024-02-04,536630.2,9659.34,120784.2,4106.66,301217.1,3614.61,255918.2,2815.1,300325.7,2702.93,274074.5,1918.52,40928.7,3274.3,254557.3,0.3563,0.8954,1.013,0.0,8558.8,21.7804,4000000
Seattle,2024-02-11,514523.4,9261.42,131079.1,4456.69,364700.0,4376.4,334789.7,3682.69,315712.6,2841.41,255792.5,1790.55,37903.8,3032.3,213103.8,0.3887,0.8569,1.0057,0.0,8728.66,21.6229,4000000
Seattle,2024-02-18,606566.1,10918.19,107326.9,3649.11,362447.3,4349.37,302326.1,3325.59,329368.0,2964.31,216245.7,1513.72,41605.9,3328.47,267312.7,0.4332,1.0347,0.9377,1.0,10946.37,20.1597,4000000
Seattle,2024-02-25,489097.6,8803.76,109758.1,3731.77,368600.7,4423.21,310112.3,3411.24,374653.1,3371.88,229361.6,1605.53,38913.0,3113.04,259187.0,0.4907,1.0818,1.0007,0.0,9357.65,21.5143,4000000
Seattle,2024-03-03,516546.2,9297.83,123955.8,4214.5,341621.0,4099.45,413534.9,4548.88,418785.6,3769.07,292623.1,2048.36,44073.4,3525.87,261941.6,0.5603,1.0272,1.0008,0.0,10511.08,21.5177,4000000
Seattle,2024-03-10,657296.6,11831.34,139170.3,4731.79,348824.4,4185.89,332221.9,3654.44,397082.5,3573.74,300372.0,2102.6,48835.0,3906.8,330347.8,0.6387,1.0571,0.9875,0.0,11383.41,21.2316,4000000
Seattle,2024-03-17,686853.2,12363.36,129907.4,4416.85,371225.2,4454.7,359264.4,3951.91,496016.7,4464.15,251023.6,1757.17,43925.5,3514.04,317994.2,0.7201,1.235,0.9665,1.0,12157.09,20.7794,4000000
Seattle,2024-03-24,788458.1,14192.25,163859.4,5571.22,387804.8,4653.66,489194.4,5381.14,457768.9,4119.92,233127.5,1631.89,57458.4,4596.67,305148.3,0.7967,1.4156,0.9842,0.0,12080.89,21.1606,4000000
Seattle,2024-03-31,608003.9,10944.07,189294.8,6436.02,416228.5,4994.74,463808.6,5101.89,468753.0,4218.78,324456.1,2271.19,44391.0,3551.28,387903.1,0.8598,1.5241,1.0033,0.0,12667.94,21.5702,4000000
Seattle,2024-04-07,854542.1,15381.76,152761.1,5193.88,412158.6,4945.9,471097.7,5182.07,582266.0,5240.39,313296.2,2193.07,62751.9,5020.15,386490.1,0.9014,1.2538,1.019,0.0,13828.86,21.9084,4000000
Seattle,2024-04-14,746075.8,13429.36,183807.9,6249.47,464182.9,5570.19,519351.7,5712.87,529367.9,4764.31,280391.9,1962.74,46933.3,3754.67,367571.4,0.916,1.4777,1.0136,0.0,14039.71,21.7924,4000000
Seattle,2024-04-21,666093.0,11989.67,184759.7,6281.83,407799.2,4893.59,468454.4,5153.0,476493.8,4288.44,250103.3,1750.72,50979.3,4078.35,367174.8,0.9014,1.3817,0.9872,0.0,13024.07,21.2255,4000000
Seattle,2024-04-28,684674.4,12324.14,192236.9,6536.05,429616.5,5155.4,377071.5,4147.79,442622.7,3983.6,266324.3,1864.27,44359.4,3548.76,388915.1,0.8598,1.3819,1.0014,0.0,13372.73,21.5295,4000000
Seattle,2024-05-05,641319.2,11543.75,145181.2,4936.16,451938.7,5423.26,438739.1,4826.13,434888.7,3914.0,290963.7,2036.75,57406.4,4592.51,380016.1,0.7967,1.3259,1.0053,0.0,12380.73,21.6144,4000000
Seattle,2024-05-12,751865.6,13533.58,161874.0,5503.72,341632.3,4099.59,410870.9,4519.58,456931.0,4112.38,261295.7,1829.07,50652.8,4052.23,336974.9,0.7201,1.0518,0.9626,1.0,13342.19,20.6963,4000000
Seattle,2024-05-19,638697.0,11496.55,136013.6,4624.46,367662.3,4411.95,352942.1,3882.36,506379.4,4557.41,307516.1,2152.61,44542.9,3563.44,315806.4,0.6387,1.1539,1.0003,0.0,10399.85,21.506,4000000
Seattle,2024-05-26,676511.5,12177.21,111323.7,3785.01,364384.5,4372.61,329342.6,3622.77,468060.8,4212.55,305428.1,2138.0,41691.7,3335.34,289481.9,0.5605,0.9357,0.9815,0.0,10652.64,21.1021,4000000
Seattle,2024-06-02,602610.2,10846.98,121649.4,4136.08,388789.0,4665.47,351107.4,3862.18,399486.5,3595.38,291022.4,2037.16,34456.0,2756.48,263067.3,0.4911,1.0757,1.0061,0.0,10349.68,21.6305,4000000
Seattle,2024-06-09,445389.2,8017.01,111952.7,3806.39,325139.1,3901.67,285205.6,3137.26,382946.9,3446.52,245841.5,1720.89,36333.5,2906.68,233108.4,0.4341,1.0029,1.0126,0.0,9325.7,21.7704,4000000
Seattle,2024-06-16,504330.6,9077.95,106987.2,3637.57,345287.8,4143.45,262826.2,2891.09,380284.2,3422.56,294083.7,2058.59,38478.6,3078.29,224249.4,0.3908,0.8586,0.9917,0.0,8430.57,21.3208,4000000
Seattle,2024-06-23,486290.2,8753.22,112359.7,3820.23,279545.1,3354.54,355370.4,3909.07,339338.8,3054.05,240979.2,1686.85,35973.3,2877.87,226303.0,0.3609,0.8585,0.9939,0.0,9235.63,21.3692,4000000
Seattle,2024-06-30,550909.6,9916.37,113616.3,3862.95,347412.8,4168.95,306113.7,3367.25,404141.5,3637.27,254541.2,1781.79,30409.1,2432.72,210541.2,0.3434,0.8479,0.9916,0.0,8588.28,21.3186,4000000
Seattle,2024-07-07,501255.9,9022.61,105568.7,3589.34,324957.2,3899.49,267577.3,2943.35,310437.3,2793.94,294963.3,2064.74,37255.3,2980.42,242176.1,0.3374,0.7556,0.9465,1.0,10615.81,20.3489,4000000
Seattle,2024-07-14,450837.6,8115.08,117156.4,3983.32,337459.8,4049.52,340908.2,3749.99,409694.0,3687.25,275341.3,1927.39,35225.5,2818.04,215938.9,0.3426,0.7303,0.9844,0.0,8644.96,21.1656,4000000
Seattle,2024-07-21,539366.9,9708.6,131392.9,4467.36,342429.6,4109.15,331717.0,3648.89,310439.5,2793.96,246182.3,1723.28,33168.1,2653.45,208617.7,0.3594,0.8485,0.9637,1.0,9222.71,20.7188,4000000
Seattle,2024-07-28,497364.1,8952.55,114420.7,3890.3,332716.9,3992.6,310742.1,3418.16,327137.3,2944.24,292287.9,2046.02,34423.0,2753.84,223000.2,0.3879,0.964,1.0075,0.0,9319.43,21.6609,4000000
Seattle,2024-08-04,549674.1,9894.13,115492.7,3926.75,263374.0,3160.49,352497.7,3877.47,366513.2,3298.62,233834.1,1636.84,38632.8,3090.63,230604.4,0.4279,0.941,0.9814,0.0,9607.02,21.1012,4000000
Seattle,2024-08-11,551439.1,9925.9,118148.3,4017.04,342598.2,4111.18,294041.7,3234.46,374602.9,3371.43,231884.2,1623.19,40635.8,3250.87,262855.0,0.4774,1.0733,1.001,0.0,9998.88,21.5208,4000000
Seattle,2024-08-18,504914.0,9088.45,139965.3,4758.82,395559.7,4746.72,333886.3,3672.75,465222.1,4187.0,220659.2,1544.61,47862.2,3828.97,298874.2,0.5324,1.1767,1.0176,0.0,10571.22,21.8792,4000000
Seattle,2024-08-25,582624.9,10487.25,140300.2,4770.21,400524.2,4806.29,317059.5,3487.65,408596.8,3677.37,251181.2,1758.27,35060.5,2804.84,270244.3,0.5865,1.0134,1.0096,0.0,10323.83,21.7068,4000000
Seattle,2024-09-01,555277.4,9994.99,166067.7,5646.3,395465.2,4745.58,440203.8,4842.24,485508.9,4369.58,302568.5,2117.98,50377.9,4030.24,309752.7,0.6319,1.2893,0.993,0.0,10248.14,21.3504,4000000
Seattle,2024-09-08,619780.9,11156.06,125641.1,4271.8,390451.3,4685.42,324015.6,3564.17,511164.3,4600.48,292123.9,2044.87,42753.2,3420.26,294114.3,0.6612,1.0552,0.9575,1.0,12855.54,20.587,4000000
Seattle,2024-09-15,680863.0,12255.53,143670.8,4884.81,435409.5,5224.91,439149.3,4830.64,540277.0,4862.49,235599.6,1649.2,44975.3,3598.02,308354.6,0.6694,1.1005,0.9915,0.0,10749.96,21.3162,4000000
Seattle,2024-09-22,675522.6,12159.41,127396.1,4331.47,390959.7,4691.52,371578.7,4087.37,488751.2,4398.76,316843.6,2217.91,49542.7,3963.41,317552.1,0.6548,1.153,1.0008,0.0,11682.06,21.5179,4000000
Seattle,2024-09-29,512479.4,9224.63,127792.3,4344.94,374652.9,4495.83,365346.0,4018.81,425735.3,3831.62,227987.2,1595.91,46998.7,3759.89,320989.3,0.6202,1.1451,0.9816,0.0,10634.82,21.1044,4000000
Seattle,2024-10-06,571309.5,10283.57,148057.4,5033.95,359968.5,4319.62,402303.1,4425.33,393968.4,3545.72,225974.4,1581.82,46082.9,3686.63,282781.0,0.5714,0.9574,0.9945,0.0,10495.63,21.3824,4000000
Seattle,2024-10-13,578278.3,10409.01,135425.7,4604.47,393933.6,4727.2,393282.0,4326.1,446095.0,4014.85,268051.2,1876.36,34209.6,2736.76,247201.4,0.5162,1.0186,1.0006,0.0,10015.47,21.5123,4000000
Seattle,2024-10-20,437479.2,7874.62,112165.4,3813.63,278606.4,3343.28,343405.2,3777.46,446925.5,4022.33,250901.6,1756.31,34243.1,2739.45,234898.5,0.4617,0.9608,1.0046,0.0,9747.19,21.5996,4000000
Seattle,2024-10-27,455073.3,8191.32,117565.7,3997.23,309801.2,3717.61,333135.7,3664.49,405290.2,3647.61,298978.9,2092.85,41997.3,3359.79,246370.7,0.4137,0.9318,0.9566,1.0,9521.69,20.5665,4000000
Seattle,2024-11-03,422908.8,7612.36,93756.3,3187.72,287386.0,3448.63,297305.2,3270.36,331641.2,2984.77,268676.1,1880.73,32518.1,2601.45,227558.1,0.375,0.9652,1.0067,0.0,9064.97,21.6437,4000000
Seattle,2024-11-10,501788.4,9032.19,119640.5,4067.78,268659.5,3223.91,335715.9,3692.88,372305.0,3350.74,265118.8,1855.83,40021.4,3201.71,226467.8,0.3465,0.9535,0.967,1.0,8994.04,20.7903,4000000
Seattle,2024-11-17,412881.1,7431.86,117643.3,3999.87,288955.1,3467.46,284691.9,3131.61,326964.0,2942.68,290032.3,2030.23,38246.2,3059.7,209938.8,0.3271,0.7747,0.9824,0.0,8032.7,21.1208,4000000
Seattle,2024-11-24,507036.7,9126.66,119272.6,4055.27,298714.4,3584.57,265290.8,2918.2,335742.7,3021.68,290129.5,2030.91,28379.2,2270.34,238312.6,0.3148,0.8476,0.9875,0.0,7911.52,21.2304,4000000
Seattle,2024-12-01,430104.4,7741.88,115156.2,3915.31,243872.4,2926.47,305900.8,3364.91,392987.8,3536.89,237732.9,1664.13,34452.8,2756.23,200177.5,0.3076,0.8941,1.0042,0.0,7832.17,21.5904,4000000
Seattle,2024-12-08,531528.6,9567.52,111015.8,3774.54,318943.5,3827.32,319716.3,3516.88,380939.0,3428.45,260144.2,1821.01,32117.7,2569.41,197960.4,0.3037,0.8316,0.936,1.0,8975.55,20.1234,4000000
Seattle,2024-12-15,390559.4,7030.07,102614.1,3488.88,278374.0,3340.49,284399.2,3128.39,388830.1,3499.47,251207.5,1758.45,28863.9,2309.11,200750.8,0.3017,0.8498,1.0069,0.0,7653.04,21.6483,4000000
Seattle,2024-12-22,499293.3,8987.28,110081.5,3742.77,254413.2,3052.96,289083.3,3179.92,397021.4,3573.19,233353.5,1633.47,36022.7,2881.82,192462.4,0.3007,0.8037,0.9313,1.0,8526.86,20.0229,4000000
Seattle,2024-12-29,515195.5,9273.52,113246.1,3850.37,266767.9,3201.21,327972.6,3607.7,367820.9,3310.39,291851.9,2042.96,37491.7,2999.34,221539.0,0.3003,0.9111,0.9806,0.0,8376.2,21.0829,4000000
Seattle,2025-01-05,404036.5,7272.66,97657.0,3320.34,281620.3,3379.44,328392.0,3612.31,290069.7,2610.63,223276.1,1562.93,33811.3,2704.9,197256.7,0.3047,0.8671,1.0,0.0,8035.15,21.499,4000000
Seattle,2025-01-12,393273.7,7078.93,102880.3,3497.93,287807.9,3453.69,338321.5,3721.54,333910.2,3005.19,258455.0,1809.18,36807.2,2944.58,192278.7,0.309,0.6924,1.0137,0.0,8404.67,21.7944,4000000
Seattle,2025-01-19,471267.6,8482.82,113191.6,3848.52,289317.5,3471.81,321760.3,3539.36,367932.5,3311.39,235698.7,1649.89,38517.8,3081.42,191594.5,0.3166,0.8469,0.9409,1.0,9106.21,20.2283,4000000
Seattle,2025-01-26,455589.7,8200.61,120804.3,4107.35,241175.4,2894.1,331154.3,3642.7,343474.5,3091.27,240960.0,1686.72,36450.4,2916.03,206803.1,0.3293,0.7195,0.9815,0.0,8195.1,21.1016,4000000
Seattle,2025-02-02,471440.1,8485.92,125406.1,4263.81,249642.7,2995.71,290921.8,3200.14,412935.6,3716.42,217973.3,1525.81,30461.5,2436.92,220229.8,0.349,0.872,0.9661,1.0,10198.63,20.772,4000000
Seattle,2025-02-09,482314.9,8681.67,125050.8,4251.73,303984.2,3647.81,351036.1,3861.4,431173.4,3880.56,276528.7,1935.7,31147.3,2491.79,239574.3,0.3783,0.8707,1.0132,0.0,7980.97,21.7833,4000000
Seattle,2025-02-16,581208.3,10461.75,108661.8,3694.5,358799.5,4305.59,301627.7,3317.9,445432.2,4008.89,268469.8,1879.29,34461.1,2756.89,253011.1,0.4192,0.8516,0.9398,1.0,11135.05,20.2051,4000000
Seattle,2025-02-23,471756.0,8491.61,110152.8,3745.2,283516.3,3402.2,344147.3,3785.62,333314.0,2999.83,243032.3,1701.23,37902.4,3032.19,273906.6,0.473,0.8924,0.986,0.0,9578.43,21.1998,4000000
Seattle,2025-03-02,476622.3,8579.2,127744.1,4343.3,360922.6,4331.07,315232.0,3467.55,414830.4,3733.47,256554.6,1795.88,35912.7,2873.02,283538.5,0.5394,1.1276,1.0018,0.0,9338.41,21.5392,4000000
Seattle,2025-03-09,590907.2,10636.33,144657.7,4918.36,429821.7,5157.86,431489.9,4746.39,415597.3,3740.38,284591.0,1992.14,44850.1,3588.01,324130.0,0.6157,1.0584,0.9882,0.0,10867.75,21.2474,4000000
Seattle,2025-03-16,738393.5,13291.08,161014.6,5474.5,469673.5,5636.08,444940.4,4894.34,540084.7,4860.76,315026.9,2205.19,51699.1,4135.93,303767.3,0.6969,1.309,0.9963,0.0,11176.72,21.4204,4000000
Seattle,2025-03-23,624249.0,11236.48,160278.4,5449.46,390418.6,4685.02,501902.0,5520.92,514244.0,4628.2,273411.6,1913.88,41698.1,3335.85,322092.2,0.7758,1.383,0.9875,0.0,12727.99,21.2321,4000000
Seattle,2025-03-30,778444.8,14012.01,142469.2,4843.95,403739.2,4844.87,477351.0,5250.86,579193.2,5212.74,274703.5,1922.92,50270.4,4021.63,365638.8,0.8436,1.3336,0.9562,1.0,14786.35,20.5575,4000000
Seattle,2025-04-06,631652.4,11369.74,189570.2,6445.39,388415.1,4660.98,519245.4,5711.7,561035.9,5049.32,237231.9,1660.62,53950.5,4316.04,363613.4,0.8921,1.1973,1.0143,0.0,13051.67,21.8078,4000000
Seattle,2025-04-13,788250.2,14188.5,155239.3,5278.14,448331.3,5379.98,435924.7,4795.17,614270.0,5528.43,273000.2,1911.0,57694.0,4615.52,367886.5,0.9148,1.3072,0.9904,0.0,12079.97,21.2927,4000000
Seattle,2025-04-20,622647.3,11207.65,174653.7,5938.23,424372.2,5092.47,413099.2,4544.09,618869.4,5569.82,265671.5,1859.7,55757.1,4460.56,416751.5,0.9085,1.2054,0.9863,0.0,13657.73,21.2052,4000000
Seattle,2025-04-27,796714.7,14340.86,146292.4,4973.94,506478.1,6077.74,403199.5,4435.19,542286.6,4880.58,334062.5,2338.44,59988.2,4799.05,367896.9,0.8742,1.5296,1.0022,0.0,13000.32,21.5473,4000000
Seattle,2025-05-04,714546.1,12861.83,155959.9,5302.64,390790.2,4689.48,405664.4,4462.31,446127.4,4015.15,281261.0,1968.83,57096.7,4567.73,344694.7,0.8165,1.3787,1.0006,0.0,12204.72,21.5127,4000000
Seattle,2025-05-11,603278.6,10859.01,132699.2,4511.77,389578.8,4674.95,488694.9,5375.64,471521.0,4243.69,296534.2,2075.74,53040.1,4243.21,379076.8,0.7428,1.1393,1.0157,0.0,12148.42,21.8384,4000000
Seattle,2025-05-18,533712.1,9606.82,157653.2,5360.21,415178.7,4982.14,346120.9,3807.33,461704.8,4155.34,274320.5,1920.24,40876.3,3270.11,349535.3,0.662,0.9999,0.9973,0.0,11426.81,21.442,4000000
Seattle,2025-05-25,667362.3,12012.52,150339.1,5111.53,397589.0,4771.07,392360.6,4315.97,371231.8,3341.09,276205.1,1933.44,39379.9,3150.39,278145.4,0.5821,1.1825,0.9495,1.0,11513.18,20.4152,4000000
Seattle,2025-06-01,638036.1,11484.65,134660.8,4578.47,369285.5,4431.43,338466.0,3723.13,420606.0,3785.45,257450.1,1802.15,47095.6,3767.65,280265.7,0.5098,0.9383,0.9633,1.0,10144.66,20.7108,4000000
Seattle,2025-06-08,562826.7,10130.88,131391.4,4467.31,305648.1,3667.78,381074.1,4191.82,418093.4,3762.84,263623.6,1845.37,37520.6,3001.65,247622.5,0.449,0.9496,0.9511,1.0,11606.09,20.4481,4000000
Seattle,2025-06-15,552704.9,9948.69,120984.6,4113.48,273649.2,3283.79,355819.0,3914.01,434741.2,3912.67,279770.3,1958.39,33846.1,2707.68,263959.9,0.4018,1.0182,0.9898,0.0,9221.3,21.281,4000000
Seattle,2025-06-22,544500.7,9801.01,113709.4,3866.12,288544.4,3462.53,262151.5,2883.67,370414.0,3333.73,218920.2,1532.44,39973.6,3197.89,226044.1,0.3681,0.9556,0.9442,1.0,10273.92,20.3002,4000000
Seattle,2025-06-29,449861.5,8097.51,100107.8,3403.66,347241.1,4166.89,333272.8,3666.0,402543.9,3622.89,294940.4,2064.58,34177.1,2734.17,216618.0,0.3471,0.7256,1.0155,0.0,9144.95,21.8338,4000000
Seattle,2025-07-06,454642.3,8183.56,127051.0,4319.73,325429.2,3905.15,253992.4,2793.92,331584.6,2984.26,291329.0,2039.3,33121.7,2649.74,211177.5,0.3379,0.7308,0.98,0.0,8232.81,21.0703,4000000
Seattle,2025-07-13,514532.4,9261.58,121492.5,4130.74,297486.0,3569.83,314374.1,3458.11,404719.5,3642.48,280048.7,1960.34,34765.4,2781.24,219665.7,0.34,0.7918,0.9665,1.0,9651.9,20.7798,4000000
Seattle,2025-07-20,454380.4,8178.85,110716.6,3764.37,307579.8,3690.96,303613.9,3339.75,382663.1,3443.97,222036.6,1554.26,37752.7,3020.22,238803.1,0.3534,0.8792,1.0097,0.0,9398.61,21.7081,4000000
Seattle,2025-07-27,529999.8,9540.0,100154.7,3405.26,319645.2,3835.74,320442.3,3524.87,314513.7,2830.62,273017.3,1911.12,30192.7,2415.41,249858.9,0.3785,0.7719,0.9999,0.0,9141.15,21.4984,4000000
Seattle,2025-08-03,515913.1,9286.44,102571.0,3487.42,318318.8,3819.83,319093.1,3510.02,358009.0,3222.08,227729.6,1594.11,34804.7,2784.38,260748.1,0.4153,0.975,1.0048,0.0,9176.05,21.6032,4000000
Seattle,2025-08-10,507243.9,9130.39,119334.8,4057.38,286398.9,3436.79,392764.1,4320.41,373152.8,3358.38,295267.4,2066.87,32850.2,2628.02,239033.5,0.4625,0.8466,0.967,1.0,10732.73,20.7908,4000000
Seattle,2025-08-17,492036.0,8856.65,149900.9,5096.63,404752.3,4857.03,337080.9,3707.89,453594.1,4082.35,299993.3,2099.95,36276.4,2902.11,276543.5,0.5165,0.9656,0.9681,1.0,10638.27,20.8138,4000000
Seattle,2025-08-24,492922.8,8872.61,120180.5,4086.14,318396.1,3820.75,383772.1,4221.49,511437.6,4602.94,249684.6,1747.79,49265.7,3941.25,247703.2,0.5716,0.9644,0.9993,0.0,9943.63,21.4857,4000000
Seattle,2025-08-31,529068.3,9523.23,146028.1,4964.95,354596.3,4255.16,342382.2,3766.2,509796.8,4588.17,273686.6,1915.81,41555.1,3324.41,290360.0,0.6203,1.1266,0.9455,1.0,11541.68,20.3286,4000000
Seattle,2025-09-07,556259.3,10012.67,144300.8,4906.23,363032.8,4356.39,354520.2,3899.72,496054.0,4464.49,253949.1,1777.64,50596.8,4047.74,326348.4,0.6548,1.0744,0.9361,1.0,12975.33,20.1255,4000000
Seattle,2025-09-14,700691.2,12612.44,131279.5,4463.5,329001.3,3948.02,443900.9,4882.91,439219.7,3952.98,241201.7,1688.41,42664.2,3413.14,337517.9,0.6694,1.1438,1.0028,0.0,11801.98,21.5606,4000000
Seattle,2025-09-21,542713.6,9768.84,163880.4,5571.93,363293.0,4359.52,345306.9,3798.38,422490.1,3802.41,241607.9,1691.26,52331.4,4186.52,342387.0,0.6612,1.0638,0.9566,1.0,13058.17,20.5667,4000000
Seattle,2025-09-28,643651.1,11585.72,117197.8,3984.73,420570.2,5046.84,446307.4,4909.38,458550.7,4126.96,246523.9,1725.67,50024.1,4001.93,329339.3,0.6318,1.116,1.0128,0.0,11077.78,21.7751,4000000
Seattle,2025-10-05,546035.5,9828.64,115101.0,3913.43,403332.9,4839.99,361818.5,3980.0,490042.5,4410.38,277438.6,1942.07,40535.3,3242.83,310653.3,0.5864,1.1508,0.9361,1.0,11985.92,20.126,4000000
Seattle,2025-10-12,574278.0,10337.0,147246.6,5006.38,329225.7,3950.71,361111.9,3972.23,446772.4,4020.95,221216.3,1548.51,38045.8,3043.67,271058.1,0.5322,1.0995,0.9919,0.0,9874.39,21.3251,4000000
Seattle,2025-10-19,477447.7,8594.06,102926.8,3499.51,328748.9,3944.99,344722.1,3791.94,351657.2,3164.91,297584.3,2083.09,40205.8,3216.47,252701.8,0.4768,1.054,0.981,0.0,9433.59,21.092,4000000
Seattle,2025-10-26,539417.0,9709.51,118591.1,4032.1,375699.6,4508.4,323887.2,3562.76,375028.0,3375.25,249861.1,1749.03,43122.5,3449.8,228477.8,0.4265,0.8898,0.9996,0.0,8933.08,21.4925,4000000
Seattle,2025-11-02,490461.3,8828.3,117435.2,3992.8,278924.0,3347.09,336281.5,3699.1,348387.8,3135.49,300843.1,2105.9,30726.6,2458.13,228015.8,0.385,0.8699,0.9938,0.0,8479.3,21.3667,4000000
Seattle,2025-11-09,556189.3,10011.41,129828.0,4414.15,284810.2,3417.72,328921.6,3618.14,347420.6,3126.78,212467.2,1487.27,31031.4,2482.51,206340.7,0.3537,0.8467,1.0161,0.0,8244.4,21.8464,4000000
Seattle,2025-11-16,547370.0,9852.66,90544.0,3078.5,295540.1,3546.48,257058.4,2827.64,313421.2,2820.79,261784.9,1832.49,31559.1,2524.73,221082.9,0.3318,0.8763,0.9381,1.0,8628.87,20.1688,4000000
Seattle,2025-11-23,538882.8,9699.89,116983.4,3977.44,238432.9,2861.2,319538.1,3514.92,408495.2,3676.46,285902.4,2001.32,38010.9,3040.87,205611.4,0.3177,0.8267,0.9413,1.0,8790.45,20.2386,4000000
Seattle,2025-11-30,430435.8,7747.84,112996.6,3841.89,321429.6,3857.16,264470.5,2909.18,286700.2,2580.3,264989.4,1854.93,29174.9,2333.99,201849.3,0.3093,0.8927,0.9583,1.0,9329.79,20.6042,4000000
Seattle,2025-12-07,521164.0,9380.95,119505.4,4063.18,334875.8,4018.51,299718.7,3296.91,302248.2,2720.23,246047.1,1722.33,30414.9,2433.19,217514.0,0.3046,0.9017,0.9565,1.0,8930.04,20.5658,4000000
Seattle,2025-12-14,407016.2,7326.29,88051.0,2993.73,314911.2,3778.93,308587.3,3394.46,370526.9,3334.74,228872.7,1602.11,35792.5,2863.4,217538.5,0.3021,0.6941,0.9373,1.0,8757.3,20.1518,4000000
Seattle,2025-12-21,393398.0,7081.16,121938.2,4145.9,234814.3,2817.77,331048.3,3641.53,284493.1,2560.44,282800.8,1979.61,34888.4,2791.07,196924.9,0.3009,0.8752,0.9874,0.0,8164.42,21.2301,4000000
Minneapolis,2023-01-01,366687.6,6600.38,83874.7,2851.74,350126.2,4201.51,206195.8,2268.15,330965.8,2978.69,260456.8,1823.2,29484.4,2358.75,192789.9,0.3035,0.9097,0.9866,0.0,6290.73,21.2111,3700000
Minneapolis,2023-01-08,395201.1,7113.62,113396.6,3855.49,340529.5,4086.35,231435.5,2545.79,304279.1,2738.51,257607.8,1803.25,39101.1,3128.09,187652.0,0.3069,0.7882,0.966,1.0,7912.08,20.7682,3700000
Minneapolis,2023-01-15,483798.9,8708.38,81363.0,2766.34,380528.0,4566.34,225380.8,2479.19,351928.8,3167.36,211554.0,1480.88,29429.3,2354.34,189447.9,0.3131,0.7462,1.0122,0.0,7778.48,21.7622,3700000
Minneapolis,2023-01-22,365336.8,6576.06,96961.2,3296.68,315888.4,3790.66,174568.5,1920.25,343013.2,3087.12,207131.3,1449.92,36936.3,2954.9,220310.1,0.3237,0.7307,1.0179,0.0,8396.31,21.8858,3700000
Minneapolis,2023-01-29,456066.9,8209.21,104484.7,3552.48,366741.9,4400.9,180335.1,1983.69,326849.8,2941.65,219110.0,1533.77,38362.2,3068.97,180789.8,0.3409,0.809,0.9914,0.0,7515.87,21.3147,3700000
Minneapolis,2023-02-05,469801.6,8456.43,121662.7,4136.53,319341.2,3832.09,227706.8,2504.77,346200.6,3115.81,250402.3,1752.82,31949.9,2555.99,220388.2,0.3671,0.8333,1.0131,0.0,7505.05,21.781,3700000
Minneapolis,2023-02-12,544456.4,9800.21,114852.7,3904.99,349968.8,4199.63,196671.6,2163.39,324949.8,2924.55,214985.1,1504.9,34704.6,2776.37,205585.5,0.405,0.8923,1.017,0.0,8227.35,21.8654,3700000
Minneapolis,2023-02-19,412577.8,7426.4,114680.8,3899.15,472359.2,5668.31,207133.6,2278.47,300082.2,2700.74,217794.6,1524.56,32951.3,2636.11,253251.4,0.4566,0.854,0.9975,0.0,8717.3,21.447,3700000
Minneapolis,2023-02-26,548186.5,9867.36,114748.7,3901.45,366154.5,4393.85,244581.7,2690.4,382205.7,3439.85,223726.2,1566.08,46927.4,3754.19,242106.8,0.5227,1.1644,0.9846,0.0,9629.46,21.1682,3700000
Minneapolis,2023-03-05,560014.9,10080.27,135630.5,4611.44,383204.1,4598.45,256043.6,2816.48,371055.5,3339.5,268703.9,1880.93,50246.0,4019.68,265513.5,0.6019,1.2359,1.0001,0.0,10094.71,21.5029,3700000
Minneapolis,2023-03-12,504081.8,9073.47,139434.4,4740.77,399938.3,4799.26,240511.2,2645.62,506603.9,4559.44,250648.7,1754.54,43374.5,3469.96,299905.6,0.6901,1.2487,1.0154,0.0,11158.1,21.8304,3700000
Minneapolis,2023-03-19,700627.4,12611.29,117962.5,4010.73,590420.5,7085.05,236635.1,2602.99,459780.1,4138.02,284802.2,1993.62,44243.2,3539.45,327379.7,0.7805,1.3662,1.0076,0.0,11236.97,21.6632,3700000
Minneapolis,2023-03-26,636387.9,11454.98,128138.4,4356.71,540158.8,6481.91,269955.2,2969.51,465792.5,4192.13,268561.4,1879.93,51753.2,4140.26,293234.8,0.8643,1.246,1.0144,0.0,11504.37,21.809,3700000
Minneapolis,2023-04-02,589320.4,10607.77,162161.0,5513.47,558264.7,6699.18,299894.9,3298.84,531103.6,4779.93,216447.0,1515.13,51436.9,4114.95,331900.8,0.9317,1.6302,0.9833,0.0,12265.34,21.1418,3700000
Minneapolis,2023-04-09,644965.6,11609.38,175554.6,5968.86,636222.9,7634.67,275634.2,3031.98,435350.7,3918.16,308509.4,2159.57,50505.2,4040.41,330690.7,0.974,1.258,0.9631,1.0,14736.34,20.7073,3700000
Minneapolis,2023-04-16,786112.9,14150.03,160743.8,5465.29,546356.1,6556.27,278798.0,3066.78,428563.5,3857.07,243910.8,1707.38,45592.0,3647.36,322316.9,0.9857,1.4103,0.9817,0.0,12290.15,21.1061,3700000
Minneapolis,2023-04-23,635593.0,11440.67,153505.3,5219.18,469389.0,5632.67,356830.6,3925.14,506130.0,4555.17,234017.5,1638.12,58857.3,4708.58,326738.9,0.9649,1.6792,0.9485,1.0,14174.52,20.3929,3700000
Minneapolis,2023-04-30,709731.9,12775.18,160854.7,5469.06,456820.4,5481.85,269934.2,2969.28,545971.4,4913.74,255423.1,1787.96,61227.8,4898.22,367842.1,0.9146,1.2551,0.9843,0.0,11570.99,21.163,3700000
Minneapolis,2023-05-07,650084.3,11701.52,137461.7,4673.7,538066.6,6456.8,278015.0,3058.16,422057.2,3798.51,232998.9,1630.99,44727.0,3578.16,291484.8,0.8416,1.3625,0.9819,0.0,11473.17,21.1116,3700000
Minneapolis,2023-05-14,698791.1,12578.24,144445.0,4911.13,443747.3,5324.97,313980.7,3453.79,490441.7,4413.98,242708.0,1698.96,54070.7,4325.66,291184.9,0.755,1.1461,1.0158,0.0,11906.02,21.8405,3700000
Minneapolis,2023-05-21,532108.7,9577.96,126112.3,4287.82,457774.4,5493.29,308868.1,3397.55,425378.6,3828.41,240962.6,1686.74,41946.8,3355.75,332809.2,0.6644,1.3089,0.991,0.0,10811.79,21.3058,3700000
Minneapolis,2023-05-28,561910.7,10114.39,116384.1,3957.06,428588.0,5143.06,223169.6,2454.87,389430.9,3504.88,278299.3,1948.1,44276.2,3542.09,240060.2,0.5783,1.2304,0.9857,0.0,9386.27,21.1932,3700000
Minneapolis,2023-06-04,566306.7,10193.52,103204.6,3508.96,419247.7,5030.97,221760.0,2439.36,412414.4,3711.73,224646.2,1572.52,46834.1,3746.72,239863.3,0.5029,1.0182,0.994,0.0,9468.08,21.3713,3700000
Minneapolis,2023-06-11,547983.0,9863.69,113447.8,3857.22,439166.6,5270.0,245168.1,2696.85,334146.0,3007.31,204575.6,1432.03,45100.5,3608.04,241152.2,0.4415,1.056,1.0104,0.0,8822.33,21.7229,3700000
Minneapolis,2023-06-18,534429.6,9619.73,99838.3,3394.5,322856.6,3874.28,186629.9,2052.93,322095.5,2898.86,198596.8,1390.18,32501.7,2600.13,197913.1,0.3955,0.8779,1.001,0.0,7142.17,21.5213,3700000
Minneapolis,2023-06-25,445416.6,8017.5,85722.9,2914.58,403209.1,4838.51,221177.6,2432.95,278932.2,2510.39,256250.2,1793.75,31757.7,2540.61,215130.2,0.3642,0.7643,1.007,0.0,7910.0,21.6504,3700000
Minneapolis,2023-07-02,438769.4,7897.85,101642.5,3455.85,334095.6,4009.15,171422.1,1885.64,281195.2,2530.76,270413.6,1892.9,38301.2,3064.09,214760.9,0.3466,0.7987,0.9882,0.0,7172.27,21.2465,3700000
Minneapolis,2023-07-09,510373.1,9186.72,109205.3,3712.98,333893.3,4006.72,171951.3,1891.46,288702.6,2598.32,216658.1,1516.61,41519.3,3321.54,213133.8,0.3417,0.7272,1.0193,0.0,8308.99,21.9149,3700000
Minneapolis,2023-07-16,436984.6,7865.72,86134.3,2928.57,331935.2,3983.22,201925.5,2221.18,272721.2,2454.49,252093.7,1764.66,40996.7,3279.73,228250.6,0.3494,0.9488,0.9425,1.0,8198.65,20.2636,3700000
Minneapolis,2023-07-23,453790.4,8168.23,121145.5,4118.95,353348.1,4240.18,218336.1,2401.7,318779.3,2869.01,231151.1,1618.06,36631.3,2930.51,203944.6,0.3698,0.9826,0.9598,1.0,9148.1,20.6362,3700000
Minneapolis,2023-07-30,397907.9,7162.34,105578.7,3589.68,455750.7,5469.01,255237.2,2807.61,367123.4,3304.11,219812.1,1538.68,32948.7,2635.89,216749.6,0.4035,0.9825,1.0,0.0,8093.5,21.4995,3700000
Minneapolis,2023-08-06,443619.9,7985.16,105391.8,3583.32,357828.1,4293.94,202135.2,2223.49,407320.7,3665.89,232932.5,1630.53,43236.5,3458.92,260331.6,0.4497,0.8114,1.0066,0.0,8503.75,21.6428,3700000
Minneapolis,2023-08-13,498373.6,8970.72,130361.8,4432.3,353738.7,4244.86,238394.0,2622.33,392244.8,3530.2,264655.9,1852.59,36181.4,2894.51,244574.3,0.5061,1.0589,1.0188,0.0,10019.21,21.9051,3700000
Minneapolis,2023-08-20,502364.8,9042.57,121092.0,4117.13,484453.6,5813.44,208202.4,2290.23,345195.7,3106.76,261287.2,1829.01,39837.9,3187.03,243632.3,0.5677,1.0038,0.9958,0.0,9205.13,21.4089,3700000
Minneapolis,2023-08-27,608400.8,10951.21,112170.1,3813.78,452285.7,5427.43,241035.3,2651.39,394893.5,3554.04,289115.5,2023.81,39701.8,3176.15,256398.3,0.6271,1.0421,0.9423,1.0,10922.45,20.2585,3700000
Minneapolis,2023-09-03,556909.7,10024.38,128522.9,4369.78,557424.3,6689.09,258391.4,2842.31,428774.1,3858.97,229313.7,1605.2,46926.0,3754.08,267406.3,0.6755,1.0888,1.009,0.0,10370.62,21.6932,3700000
Minneapolis,2023-09-10,639791.1,11516.24,142945.4,4860.14,445801.3,5349.62,235800.5,2593.81,493705.2,4443.35,254447.8,1781.13,46371.4,3709.71,275404.7,0.7051,1.286,0.9995,0.0,10164.27,21.4892,3700000
Minneapolis,2023-09-17,607356.4,10932.41,135955.5,4622.49,471916.8,5663.0,298959.4,3288.55,387400.1,3486.6,213342.9,1493.4,44260.1,3540.81,288822.3,0.7106,1.3077,1.0187,0.0,10978.68,21.9022,3700000
Minneapolis,2023-09-24,528014.8,9504.27,130451.7,4435.36,438281.6,5259.38,311512.6,3426.64,419524.0,3775.72,209801.8,1468.61,52456.7,4196.53,258205.3,0.6909,1.1305,0.9505,1.0,11695.01,20.4363,3700000
Minneapolis,2023-10-01,634412.7,11419.43,112379.7,3820.91,468593.3,5623.12,279488.1,3074.37,442199.8,3979.8,276504.4,1935.53,43701.3,3496.1,247416.7,0.6496,1.2579,0.9873,0.0,9994.24,21.227,3700000
Minneapolis,2023-10-08,574818.2,10346.73,111892.8,3804.35,404315.0,4851.78,239837.3,2638.21,469604.9,4226.44,228142.4,1597.0,42723.0,3417.84,253257.7,0.5937,1.1437,0.9895,0.0,9764.74,21.2736,3700000
Minneapolis,2023-10-15,597754.5,10759.58,139885.8,4756.12,498403.1,5980.84,264241.0,2906.65,419793.4,3778.14,210316.4,1472.21,48482.0,3878.56,276294.9,0.5318,1.1422,0.9907,0.0,9374.52,21.3,3700000
Minneapolis,2023-10-22,408536.8,7353.66,112564.7,3827.2,436812.0,5241.74,190814.2,2098.96,332602.4,2993.42,279199.0,1954.39,36259.1,2900.73,200534.9,0.4719,0.8988,0.9866,0.0,8590.36,21.2126,3700000
Minneapolis,2023-10-29,385410.0,6937.38,115626.1,3931.29,430624.8,5167.5,208088.6,2288.97,396222.1,3566.0,267271.7,1870.9,38311.2,3064.9,244768.1,0.4197,0.9291,0.9865,0.0,8572.78,21.2098,3700000
Minneapolis,2023-11-05,433566.8,7804.2,100008.7,3400.29,406410.6,4876.93,216709.1,2383.8,394938.6,3554.45,261058.1,1827.41,38221.6,3057.73,211760.2,0.3784,0.8223,1.0042,0.0,7833.43,21.5896,3700000
Minneapolis,2023-11-12,392743.4,7069.38,109157.0,3711.34,406629.4,4879.55,173210.2,1905.31,352228.1,3170.05,281853.2,1972.97,36198.4,2895.87,229611.9,0.3482,0.8629,0.9807,0.0,8540.79,21.0843,3700000
Minneapolis,2023-11-19,375217.1,6753.91,92031.8,3129.08,358835.6,4306.03,199651.4,2196.17,322961.7,2906.66,264059.0,1848.41,40513.4,3241.07,189513.7,0.3278,0.7583,0.9986,0.0,7442.12,21.4706,3700000
Minneapolis,2023-11-26,444425.1,7999.65,115077.3,3912.63,365201.5,4382.42,169191.1,1861.1,264656.0,2381.9,257738.9,1804.17,36948.3,2955.86,182247.1,0.3151,0.8474,1.0028,0.0,7536.64,21.5598,3700000
Minneapolis,2023-12-03,425207.3,7653.73,82562.4,2807.12,317841.2,3814.09,220492.0,2425.41,301571.0,2714.14,250532.1,1753.72,28637.0,2290.96,187785.3,0.3077,0.6989,0.998,0.0,7653.81,21.4567,3700000
Minneapolis,2023-12-10,447641.7,8057.55,81386.2,2767.13,346962.4,4163.55,220799.2,2428.79,318686.5,2868.18,236100.7,1652.7,32134.3,2570.75,195979.0,0.3037,0.7641,1.0139,0.0,7162.91,21.7986,3700000
Minneapolis,2023-12-17,428100.9,7705.82,115457.0,3925.54,371307.9,4455.7,217515.9,2392.67,262242.1,2360.18,233080.2,1631.56,31791.9,2543.35,224648.8,0.3017,0.743,0.9818,0.0,7471.58,21.1077,3700000
Minneapolis,2023-12-24,375245.2,6754.41,105428.0,3584.55,306526.8,3678.32,187149.0,2058.64,351494.1,3163.45,276040.1,1932.28,32338.1,2587.05,184899.3,0.3007,0.7021,1.0065,0.0,7046.8,21.6387,3700000
Minneapolis,2023-12-31,448569.1,8074.24,99371.2,3378.62,402923.0,4835.08,166992.1,1836.91,349070.1,3141.63,238729.5,1671.11,32176.3,2574.1,181946.4,0.3003,0.7329,1.012,0.0,7656.37,21.7585,3700000
Minneapolis,2024-01-07,494570.6,8902.27,82076.2,2790.59,384006.3,4608.08,167573.0,1843.3,318594.3,2867.35,213093.8,1491.66,36646.8,2931.75,199048.1,0.3063,0.8793,0.9676,1.0,8285.19,20.8045,3700000
Minneapolis,2024-01-14,495978.2,8927.61,97065.6,3300.23,412916.2,4954.99,192671.6,2119.39,364307.6,3278.77,210929.3,1476.5,31777.2,2542.17,219045.3,0.312,0.8822,0.9992,0.0,7873.89,21.4826,3700000
Minneapolis,2024-01-21,471671.7,8490.09,104713.7,3560.27,316097.6,3793.17,173866.9,1912.54,330163.4,2971.47,215076.6,1505.54,40192.3,3215.39,218281.0,0.3219,0.8297,1.0156,0.0,7922.74,21.8344,3700000
Minneapolis,2024-01-28,492034.6,8856.62,104290.9,3545.89,392137.9,4705.65,179855.4,1978.41,299632.5,2696.69,267947.4,1875.63,33582.1,2686.57,218924.2,0.3379,0.7608,0.9994,0.0,7780.53,21.4861,3700000
Minneapolis,2024-02-04,505841.8,9105.15,99249.7,3374.49,409739.8,4916.88,232158.7,2553.75,292501.8,2632.52,272291.0,1906.04,33831.8,2706.54,200329.5,0.3627,0.763,0.9808,0.0,7455.15,21.0871,3700000
Minneapolis,2024-02-11,508744.7,9157.4,110708.2,3764.08,322445.4,3869.34,247345.9,2720.8,387247.2,3485.23,257351.6,1801.46,37098.4,2967.87,243203.8,0.3988,0.8155,0.9431,1.0,9290.41,20.2767,3700000
Minneapolis,2024-02-18,477578.4,8596.41,115673.7,3932.91,370618.0,4447.42,247183.7,2719.02,319866.2,2878.8,259693.1,1817.85,44105.3,3528.43,218976.2,0.4484,0.9952,1.0124,0.0,8434.76,21.7665,3700000
Minneapolis,2024-02-25,529968.2,9539.43,98313.8,3342.67,375398.1,4504.78,206061.8,2266.68,388862.4,3499.76,240367.2,1682.57,35307.2,2824.57,217757.5,0.5124,1.0812,0.9359,1.0,10293.64,20.1228,3700000
Minneapolis,2024-03-03,512159.7,9218.87,112616.4,3828.96,488084.2,5857.01,275509.1,3030.6,436639.4,3929.75,254732.8,1783.13,37254.2,2980.34,277629.5,0.5899,0.9619,0.991,0.0,9311.41,21.3072,3700000
Minneapolis,2024-03-10,517701.5,9318.63,123138.0,4186.69,440342.5,5284.11,251756.3,2769.32,401670.3,3615.03,251078.0,1757.55,54007.6,4320.61,309691.1,0.6772,1.207,1.0014,0.0,10697.02,21.5291,3700000
Minneapolis,2024-03-17,593946.4,10691.04,120360.3,4092.25,480942.8,5771.31,273707.4,3010.78,390365.9,3513.29,244190.5,1709.33,41652.2,3332.17,331133.2,0.7678,1.1293,1.0009,0.0,10660.68,21.5189,3700000
Minneapolis,2024-03-24,642887.1,11571.97,145162.6,4935.53,482551.9,5790.62,291373.0,3205.1,493427.4,4440.85,234349.2,1640.44,56781.6,4542.53,356664.8,0.8531,1.4542,1.0195,0.0,11921.68,21.9196,3700000
Minneapolis,2024-03-31,555898.5,10006.17,129289.3,4395.84,648858.6,7786.3,359885.0,3958.74,580239.2,5222.15,243971.1,1707.8,44004.9,3520.39,365543.7,0.9234,1.6259,1.0176,0.0,12091.57,21.878,3700000
Minneapolis,2024-04-07,563779.1,10148.02,171739.5,5839.14,637859.4,7654.31,326947.5,3596.42,542365.1,4881.29,257180.3,1800.26,50643.5,4051.48,385647.5,0.9698,1.65,0.9936,0.0,13337.37,21.3616,3700000
Minneapolis,2024-04-14,750720.4,13512.97,153847.5,5230.82,518196.0,6218.35,313262.4,3445.89,578212.9,5203.92,305656.8,2139.6,53106.8,4248.54,405603.8,0.986,1.2989,1.0077,0.0,13456.71,21.6661,3700000
Minneapolis,2024-04-21,646708.2,11640.75,131161.6,4459.5,482275.3,5787.3,322924.0,3552.16,565815.0,5092.34,263715.9,1846.01,47112.3,3768.98,370033.8,0.9698,1.5234,0.9923,0.0,12109.57,21.3341,3700000
Minneapolis,2024-04-28,591849.6,10653.29,163642.2,5563.83,512474.5,6149.69,262421.9,2886.64,553089.5,4977.81,304548.9,2131.84,45812.5,3665.0,356719.2,0.9234,1.4097,1.0092,0.0,12383.86,21.6971,3700000
Minneapolis,2024-05-05,636759.8,11461.68,134970.0,4588.98,533908.4,6406.9,278619.9,3064.82,436143.7,3925.29,214006.7,1498.05,45831.0,3666.48,330277.4,0.8531,1.434,0.9885,0.0,12292.67,21.2519,3700000
Minneapolis,2024-05-12,675289.9,12155.22,162306.4,5518.42,592501.9,7110.02,295498.5,3250.48,383123.2,3448.11,290387.1,2032.71,55790.2,4463.21,301439.8,0.7678,1.2346,1.0006,0.0,11407.22,21.5124,3700000
Minneapolis,2024-05-19,506291.0,9113.24,131222.8,4461.58,428556.5,5142.68,252598.9,2778.59,407307.4,3665.77,249086.0,1743.6,51610.5,4128.84,292951.6,0.6772,1.3162,1.001,0.0,9800.74,21.5221,3700000
Minneapolis,2024-05-26,480380.4,8646.85,129013.7,4386.46,429053.7,5148.64,236632.6,2602.96,405662.8,3650.97,262459.7,1837.22,35688.4,2855.07,276084.9,0.5901,1.1575,0.9365,1.0,12009.16,20.1354,3700000
Minneapolis,2024-06-02,580697.1,10452.55,128278.6,4361.47,464833.5,5578.0,234648.8,2581.14,445057.4,4005.52,240786.5,1685.51,41060.5,3284.84,275813.3,0.5128,0.979,1.0148,0.0,10415.55,21.8188,3700000
Minneapolis,2024-06-09,396660.9,7139.9,122051.0,4149.73,339651.5,4075.82,259078.2,2849.86,300454.3,2704.09,208165.4,1457.16,40257.0,3220.56,255359.0,0.4494,0.8881,0.9819,0.0,8753.61,21.1102,3700000
Minneapolis,2024-06-16,455400.0,8197.2,117740.5,4003.18,358805.6,4305.67,205069.8,2255.77,379102.5,3411.92,243221.2,1702.55,35636.3,2850.91,248863.9,0.4011,0.7737,0.9323,1.0,9902.2,20.0454,3700000
Minneapolis,2024-06-23,409197.6,7365.56,101130.8,3438.45,398713.0,4784.56,207139.6,2278.54,395001.5,3555.01,206523.1,1445.66,29957.7,2396.62,220027.6,0.3678,0.8991,1.0055,0.0,7734.64,21.618,3700000
Minneapolis,2024-06-30,451722.1,8131.0,118085.3,4014.9,434497.0,5213.96,202115.5,2223.27,379456.0,3415.1,225350.9,1577.46,39189.4,3135.15,186038.2,0.3483,0.7904,1.0162,0.0,8020.51,21.8493,3700000
Minneapolis,2024-07-07,435938.0,7846.88,84656.9,2878.33,326630.4,3919.56,215586.6,2371.45,314229.3,2828.06,270386.1,1892.7,31653.3,2532.26,224104.2,0.3416,0.8824,1.0185,0.0,7543.83,21.8968,3700000
Minneapolis,2024-07-14,451220.0,8121.96,105533.1,3588.12,426548.8,5118.59,179411.8,1973.53,271489.1,2443.4,236384.2,1654.69,30534.3,2442.75,209760.6,0.3475,0.8215,0.9817,0.0,8143.86,21.1066,3700000
Minneapolis,2024-07-21,475291.5,8555.25,86246.2,2932.37,360880.6,4330.57,219965.0,2419.61,304122.5,2737.1,264248.6,1849.74,32069.4,2565.55,206113.2,0.3661,0.8151,0.9853,0.0,8532.4,21.1835,3700000
Minneapolis,2024-07-28,502244.7,9040.41,96160.2,3269.45,352912.8,4234.95,228061.4,2508.68,378133.5,3403.2,230736.6,1615.16,37080.0,2966.4,208511.9,0.3978,0.8418,0.9566,1.0,8894.33,20.5662,3700000
Minneapolis,2024-08-04,397048.6,7146.88,111025.2,3774.86,437153.2,5245.84,244490.6,2689.4,331948.5,2987.54,245567.8,1718.97,37145.7,2971.65,221913.8,0.4424,1.0,1.0179,0.0,8275.71,21.8847,3700000
Minneapolis,2024-08-11,423197.5,7617.56,120338.8,4091.52,348304.2,4179.65,237322.9,2610.55,439719.7,3957.48,279918.1,1959.43,47497.7,3799.82,215967.1,0.4976,0.9426,1.0116,0.0,8301.75,21.7494,3700000
Minneapolis,2024-08-18,513776.3,9247.97,125380.9,4262.95,433382.9,5200.59,238351.7,2621.87,448659.3,4037.93,246564.8,1725.95,37569.9,3005.59,243129.5,0.5589,0.9169,0.9807,0.0,9802.02,21.0856,3700000
Minneapolis,2024-08-25,476820.7,8582.77,136714.3,4648.29,396113.5,4753.36,262534.6,2887.88,466524.6,4198.72,267713.2,1873.99,42390.1,3391.2,285561.8,0.619,1.0791,0.9822,0.0,8886.83,21.1169,3700000
Minneapolis,2024-09-01,553548.5,9963.87,116971.4,3977.03,393332.9,4720.0,221148.5,2432.63,470672.4,4236.05,278698.2,1950.89,52927.1,4234.17,276073.6,0.6696,1.02,1.0015,0.0,9579.95,21.5332,3700000
Minneapolis,2024-09-08,488903.9,8800.27,135906.7,4620.83,407643.6,4891.72,279093.9,3070.03,439420.2,3954.78,230745.7,1615.22,52170.4,4173.63,267194.3,0.7023,1.0287,1.0152,0.0,10315.16,21.8277,3700000
Minneapolis,2024-09-15,631987.8,11375.78,115886.2,3940.13,464541.9,5574.5,263843.9,2902.28,388238.4,3494.15,294011.8,2058.08,54506.2,4360.5,298434.1,0.7113,1.3651,0.9354,1.0,11626.84,20.1119,3700000
Minneapolis,2024-09-22,547552.5,9855.94,117484.8,3994.48,492775.0,5913.3,311570.6,3427.28,384038.8,3456.35,234559.5,1641.92,47794.3,3823.55,309940.5,0.6951,1.3661,0.9488,1.0,11946.37,20.3984,3700000
Minneapolis,2024-09-29,659258.1,11866.65,135911.2,4620.98,522098.7,6265.18,240345.9,2643.8,493776.0,4443.98,295312.5,2067.19,48663.1,3893.05,281475.6,0.6566,1.008,0.9316,1.0,11501.44,20.0283,3700000
Minneapolis,2024-10-06,635291.6,11435.25,102713.8,3492.27,522528.2,6270.34,296883.4,3265.72,350116.7,3151.05,235458.8,1648.21,40144.1,3211.53,236092.4,0.6023,1.0773,0.9867,0.0,9872.79,21.2149,3700000
Minneapolis,2024-10-13,561165.4,10100.98,127638.0,4339.69,359576.6,4314.92,279373.7,3073.11,412944.3,3716.5,279581.0,1957.07,48549.2,3883.94,230245.2,0.5407,1.1333,0.9897,0.0,8665.88,21.2786,3700000
Minneapolis,2024-10-20,540746.5,9733.44,100502.9,3417.1,465192.2,5582.31,206475.2,2271.23,409023.1,3681.21,242685.2,1698.8,46002.1,3680.17,229975.6,0.4801,1.1186,1.0074,0.0,9468.79,21.6597,3700000
Minneapolis,2024-10-27,502758.7,9049.66,104413.6,3550.06,423220.2,5078.64,252430.2,2776.73,347255.9,3125.3,262971.8,1840.8,32507.0,2600.56,204833.6,0.4266,0.8086,1.0021,0.0,8504.11,21.5452,3700000
Minneapolis,2024-11-03,387847.2,6981.25,87307.9,2968.47,323873.0,3886.48,215323.2,2368.56,301655.4,2714.9,227372.4,1591.61,31303.5,2504.28,239385.3,0.3836,0.771,0.9826,0.0,8152.69,21.1268,3700000
Minneapolis,2024-11-10,487596.1,8776.73,95798.4,3257.15,313879.6,3766.56,238134.7,2619.48,357713.3,3219.42,259885.0,1819.19,40603.3,3248.26,178480.1,0.3518,0.7723,0.9821,0.0,8033.27,21.1153,3700000
Minneapolis,2024-11-17,421860.0,7593.48,88143.2,2996.87,329107.7,3949.29,221231.2,2433.54,318398.9,2865.59,227872.8,1595.11,28879.9,2310.4,214263.9,0.3302,0.876,0.9836,0.0,7506.48,21.1472,3700000
Minneapolis,2024-11-24,374360.6,6738.49,98574.3,3351.53,351525.9,4218.31,168902.1,1857.92,300258.5,2702.33,262919.6,1840.44,32575.3,2606.02,194461.1,0.3165,0.8139,1.0193,0.0,7693.4,21.914,3700000
Minneapolis,2024-12-01,393053.9,7074.97,97367.4,3310.49,393889.2,4726.67,222254.0,2444.79,304910.9,2744.2,256011.7,1792.08,35897.1,2871.77,201354.4,0.3085,0.7202,0.9912,0.0,7165.51,21.3104,3700000
Minneapolis,2024-12-08,432509.3,7785.17,88849.8,3020.89,336970.0,4043.64,182283.2,2005.11,277120.9,2494.09,208635.5,1460.45,31213.7,2497.09,174585.0,0.3041,0.7761,0.9998,0.0,7816.53,21.4956,3700000
Minneapolis,2024-12-15,364863.5,6567.54,105469.6,3585.97,346647.1,4159.77,187092.4,2058.02,281842.4,2536.58,257434.4,1802.04,39061.3,3124.91,185558.0,0.3019,0.765,0.9529,1.0,8354.16,20.4867,3700000
Minneapolis,2024-12-22,480079.1,8641.42,93354.1,3174.04,332305.7,3987.67,193529.8,2128.83,311873.1,2806.86,235270.3,1646.89,29109.6,2328.77,211232.4,0.3008,0.7525,0.983,0.0,7887.28,21.135,3700000
Minneapolis,2024-12-29,488556.8,8794.02,109466.7,3721.87,335716.8,4028.6,210737.2,2318.11,313932.3,2825.39,216719.4,1517.04,31373.6,2509.89,187633.6,0.3003,0.778,0.9919,0.0,7435.75,21.3259,3700000
Minneapolis,2025-01-05,360700.7,6492.61,99892.1,3396.33,319369.1,3832.43,181799.0,1999.79,280522.7,2524.7,265438.2,1858.07,32116.8,2569.34,214657.8,0.3052,0.6963,1.0103,0.0,7804.9,21.7215,3700000
Minneapolis,2025-01-12,401573.2,7228.32,94952.1,3228.37,392024.8,4704.3,166721.0,1833.93,371905.1,3347.15,229060.7,1603.42,36220.7,2897.65,191788.2,0.3101,0.8216,1.0003,0.0,7724.97,21.5056,3700000
Minneapolis,2025-01-19,372640.2,6707.52,84164.9,2861.61,415745.1,4988.94,219922.9,2419.15,280160.6,2521.45,214448.6,1501.14,32439.1,2595.13,187882.6,0.3185,0.8895,0.9982,0.0,7055.35,21.4606,3700000
Minneapolis,2025-01-26,366353.2,6594.36,99646.6,3387.98,365297.1,4383.57,220436.3,2424.8,280047.2,2520.42,197723.3,1384.06,32947.1,2635.77,202426.1,0.3326,0.8513,1.0037,0.0,7514.32,21.5794,3700000
Minneapolis,2025-02-02,393608.4,7084.95,104341.2,3547.6,341804.0,4101.65,233185.5,2565.04,386189.3,3475.7,267525.3,1872.68,31655.8,2532.47,195829.5,0.3546,0.9355,1.0032,0.0,7784.61,21.5686,3700000
Minneapolis,2025-02-09,376182.6,6771.29,115567.7,3929.3,357385.7,4288.63,191919.6,2111.12,290300.6,2612.71,267481.7,1872.37,38307.3,3064.59,225147.6,0.3872,0.8706,0.9979,0.0,7485.66,21.4545,3700000
Minneapolis,2025-02-16,480812.9,8654.63,125407.8,4263.86,454326.1,5451.91,216229.4,2378.52,340558.8,3065.03,268910.1,1882.37,38632.4,3090.59,199242.9,0.4327,0.9999,0.9937,0.0,8005.84,21.3652,3700000
Minneapolis,2025-02-23,441653.8,7949.77,115812.9,3937.64,387328.8,4647.95,276302.7,3039.33,393708.7,3543.38,223656.4,1565.59,41407.1,3312.56,216083.1,0.4926,0.8922,0.9859,0.0,8334.47,21.1975,3700000
Minneapolis,2025-03-02,501255.9,9022.61,117600.8,3998.43,484837.9,5818.05,292151.1,3213.66,461621.1,4154.59,204050.9,1428.36,41066.5,3285.32,278394.9,0.5666,1.2119,0.9827,0.0,9088.45,21.1282,3700000
Minneapolis,2025-03-09,522683.7,9408.31,148120.5,5036.1,491405.8,5896.87,292194.5,3214.14,452442.6,4071.98,216243.9,1513.71,50059.8,4004.78,281989.1,0.6516,1.1128,1.0127,0.0,9669.1,21.7736,3700000
Minneapolis,2025-03-16,590279.4,10625.03,144477.8,4912.24,408777.8,4905.33,320477.1,3525.25,505052.2,4545.47,235952.2,1651.67,53265.9,4261.27,284234.9,0.7421,1.3257,1.0198,0.0,10736.17,21.9263,3700000
Minneapolis,2025-03-23,572750.9,10309.52,130457.4,4435.55,505452.4,6065.43,250878.9,2759.67,539366.6,4854.3,227708.6,1593.96,51132.5,4090.6,348886.1,0.8298,1.4925,1.0014,0.0,11545.68,21.5293,3700000
Minneapolis,2025-03-30,605192.9,10893.47,139415.9,4740.14,535919.5,6431.03,299785.7,3297.64,406706.3,3660.36,242251.0,1695.76,61230.8,4898.46,340541.4,0.9054,1.5983,1.0093,0.0,11462.52,21.6999,3700000
Minneapolis,2025-04-06,780553.2,14049.96,135670.0,4612.78,555185.1,6662.22,294308.4,3237.39,444544.2,4000.9,293611.8,2055.28,56006.8,4480.54,345241.6,0.9594,1.5613,0.9884,0.0,12186.54,21.2504,3700000
Minneapolis,2025-04-13,750318.2,13505.73,164537.1,5594.26,540086.5,6481.04,334667.6,3681.34,457503.6,4117.53,303363.8,2123.55,57801.0,4624.08,408159.9,0.9847,1.3395,1.0053,0.0,13339.34,21.6132,3700000
Minneapolis,2025-04-20,774903.9,13948.27,131406.4,4467.82,495025.6,5940.31,361266.8,3973.93,470757.0,4236.81,262901.6,1840.31,46597.8,3727.82,353353.1,0.9777,1.4573,0.9857,0.0,12042.05,21.1919,3700000
Minneapolis,2025-04-27,760337.4,13686.07,172423.7,5862.4,504722.9,6056.67,291408.6,3205.5,574315.8,5168.84,252018.2,1764.13,56713.6,4537.09,339919.8,0.9394,1.5433,0.9873,0.0,12025.65,21.2262,3700000
Minneapolis,2025-05-04,678274.8,12208.95,158284.7,5381.68,449454.8,5393.46,336696.5,3703.66,569853.8,5128.68,281955.6,1973.69,51537.4,4122.99,318280.2,0.8751,1.4594,1.0072,0.0,11608.47,21.6556,3700000
Minneapolis,2025-05-11,715187.8,12873.38,126442.6,4299.05,442281.4,5307.38,246187.6,2708.06,541247.5,4871.23,242362.3,1696.54,55338.2,4427.06,350282.6,0.7932,1.2012,0.9943,0.0,11628.09,21.3774,3700000
Minneapolis,2025-05-18,576456.5,10376.22,111050.4,3775.71,526289.5,6315.47,319818.9,3518.01,476820.2,4291.38,249468.1,1746.28,39532.9,3162.63,290443.6,0.7031,1.2146,0.9956,0.0,10972.66,21.4055,3700000
Minneapolis,2025-05-25,473905.5,8530.3,120776.0,4106.38,502589.9,6031.08,272060.0,2992.66,390681.2,3516.13,206512.4,1445.59,40405.6,3232.45,280582.0,0.6142,0.9946,0.9802,0.0,10204.82,21.0742,3700000
Minneapolis,2025-06-01,480103.0,8641.85,128858.9,4381.2,400805.0,4809.66,210056.3,2310.62,401496.3,3613.47,235535.8,1648.75,41504.4,3320.35,242757.0,0.5336,0.8847,0.9835,0.0,9673.95,21.1454,3700000
Minneapolis,2025-06-08,556832.5,10022.98,97521.3,3315.72,432838.1,5194.06,200043.7,2200.48,305037.1,2745.33,271583.2,1901.08,39797.7,3183.82,247380.6,0.466,1.0043,0.9561,1.0,10183.02,20.5572,3700000
Minneapolis,2025-06-15,527031.0,9486.56,121611.5,4134.79,336314.1,4035.77,231869.7,2550.57,341508.4,3073.58,232808.8,1629.66,42994.5,3439.56,211879.9,0.4134,0.9266,1.0172,0.0,7760.63,21.8703,3700000
Minneapolis,2025-06-22,480745.8,8653.42,92647.9,3150.03,385129.8,4621.56,204676.6,2251.44,365100.9,3285.91,277106.8,1939.75,37341.7,2987.33,227232.7,0.3758,0.7483,1.0177,0.0,9233.91,21.88,3700000
Minneapolis,2025-06-29,428071.3,7705.28,104276.2,3545.39,412730.5,4952.77,216324.2,2379.57,331103.9,2979.94,211876.9,1483.14,36510.4,2920.84,203658.3,0.3525,0.7258,0.985,0.0,7615.51,21.1765,3700000
Minneapolis,2025-07-06,412398.2,7423.17,108719.0,3696.44,379485.5,4553.83,201982.9,2221.81,324582.2,2921.24,210475.3,1473.33,34266.7,2741.33,195743.3,0.3423,0.7958,0.9994,0.0,8090.89,21.4862,3700000
Minneapolis,2025-07-13,444971.3,8009.48,88941.9,3024.02,392959.6,4715.52,223506.3,2458.57,362076.1,3258.68,196576.7,1376.04,31761.3,2540.9,205654.6,0.3445,0.9253,1.0027,0.0,7740.36,21.5591,3700000
Minneapolis,2025-07-20,496981.5,8945.67,109193.9,3712.59,427635.1,5131.62,193965.1,2133.62,326856.0,2941.7,216827.7,1517.79,34264.8,2741.18,231308.2,0.3595,0.8198,1.0036,0.0,8773.58,21.5779,3700000
Minneapolis,2025-07-27,433323.3,7799.82,97022.8,3298.77,351950.5,4223.41,254721.3,2801.93,336365.3,3027.29,238678.3,1670.75,32444.4,2595.55,251303.7,0.3874,0.9814,1.0137,0.0,8253.34,21.7949,3700000
Minneapolis,2025-08-03,402043.0,7236.77,116060.6,3946.06,404194.1,4850.33,186822.4,2055.05,404940.0,3644.46,203362.1,1423.53,44616.2,3569.3,236052.1,0.4284,0.7982,0.9628,1.0,10034.51,20.7007,3700000
Minneapolis,2025-08-10,553834.9,9969.03,131878.9,4483.88,427522.9,5130.27,216950.4,2386.45,400182.0,3601.64,278959.2,1952.71,42575.0,3406.0,262595.1,0.481,0.9374,0.9975,0.0,9621.96,21.4454,3700000
Minneapolis,2025-08-17,436482.6,7856.69,118081.8,4014.78,466117.2,5593.41,267026.2,2937.29,354775.8,3192.98,266990.6,1868.93,36392.5,2911.4,274958.2,0.5411,1.1467,1.018,0.0,8921.73,21.8871,3700000
Minneapolis,2025-08-24,460587.5,8290.58,133507.3,4539.25,524357.4,6292.29,230224.4,2532.47,431964.7,3887.68,275418.0,1927.93,43725.8,3498.07,250957.3,0.6024,1.093,1.0037,0.0,10698.75,21.5796,3700000
Minneapolis,2025-08-31,622643.7,11207.59,122497.3,4164.91,516692.5,6200.31,292895.2,3221.85,446890.6,4022.02,266186.5,1863.31,41435.6,3314.85,260959.2,0.6566,1.1538,1.0096,0.0,9339.55,21.7074,3700000
Minneapolis,2025-09-07,613374.3,11040.74,128602.7,4372.49,522952.1,6275.43,310577.3,3416.35,394513.1,3550.62,232296.9,1626.08,41982.5,3358.6,310749.7,0.6952,1.3636,0.99,0.0,10085.62,21.2857,3700000
Minneapolis,2025-09-14,679152.1,12224.74,144237.6,4904.08,464657.6,5575.89,228253.2,2510.79,509499.4,4585.49,218775.7,1531.43,47029.8,3762.38,261024.5,0.7113,1.0474,0.9846,0.0,10412.73,21.1689,3700000
Minneapolis,2025-09-21,545895.1,9826.11,123884.8,4212.08,402502.7,4830.03,308752.3,3396.28,457738.1,4119.64,210665.5,1474.66,38720.2,3097.61,323549.4,0.7023,1.2847,1.0082,0.0,10781.68,21.6757,3700000
Minneapolis,2025-09-28,592645.5,10667.62,107387.4,3651.17,434116.4,5209.4,234186.5,2576.05,413698.6,3723.29,262752.1,1839.26,50104.3,4008.35,321162.9,0.6695,1.1964,1.0169,0.0,10732.78,21.8627,3700000
Minneapolis,2025-10-05,603714.8,10866.87,131787.5,4480.78,491319.6,5895.84,274995.2,3024.95,414420.7,3729.79,218976.1,1532.83,44000.6,3520.05,250321.1,0.6189,1.1088,0.983,0.0,10481.11,21.1342,3700000
Minneapolis,2025-10-12,436864.5,7863.56,113280.2,3851.53,432637.2,5191.65,253540.3,2788.94,387352.2,3486.17,206560.1,1445.92,38106.7,3048.54,244922.1,0.5586,1.1491,1.0042,0.0,8626.11,21.5909,3700000
Minneapolis,2025-10-19,582350.7,10482.31,110408.8,3753.9,435385.9,5224.63,252945.3,2782.4,434340.2,3909.06,257337.4,1801.36,46753.7,3740.3,255261.5,0.4969,0.9472,1.0017,0.0,8819.65,21.5366,3700000
Minneapolis,2025-10-26,406301.8,7313.43,106393.3,3617.37,425452.9,5105.44,206598.4,2272.58,375354.7,3378.19,267725.9,1874.08,36583.7,2926.7,235719.9,0.4409,1.0701,1.0009,0.0,8695.11,21.5195,3700000
Minneapolis,2025-11-02,417708.0,7518.74,92148.1,3133.04,389166.1,4669.99,216014.7,2376.16,287383.5,2586.45,259455.4,1816.19,31167.4,2493.39,189998.3,0.3947,0.9197,0.9485,1.0,8894.11,20.393,3700000
Minneapolis,2025-11-09,498319.0,8969.74,121488.9,4130.62,319941.2,3839.29,235596.2,2591.56,380051.8,3420.47,240806.2,1685.64,41071.8,3285.74,219759.1,0.3598,0.7397,0.9829,0.0,8471.02,21.1321,3700000
Minneapolis,2025-11-16,464363.4,8358.54,87701.2,2981.84,391985.6,4703.83,192794.9,2120.74,337946.7,3041.52,246501.4,1725.51,35516.6,2841.33,205344.2,0.3355,0.7299,1.016,0.0,7707.07,21.8438,3700000
Minneapolis,2025-11-23,498874.3,8979.74,94713.9,3220.27,322411.9,3868.94,175711.9,1932.83,376084.6,3384.76,264381.3,1850.67,37706.5,3016.52,205995.1,0.3198,0.725,0.9928,0.0,7249.19,21.3441,3700000
Minneapolis,2025-11-30,365961.6,6587.31,105831.9,3598.28,413546.4,4962.56,197271.2,2169.98,322487.7,2902.39,229082.1,1603.57,33986.4,2718.91,214705.8,0.3103,0.8424,1.0059,0.0,7559.66,21.626,3700000
Minneapolis,2025-12-07,481402.5,8665.24,110122.6,3744.17,398292.8,4779.51,193078.9,2123.87,333214.2,2998.93,232637.9,1628.47,34095.8,2727.66,202840.0,0.3051,0.7906,0.9902,0.0,7306.71,21.2889,3700000
Minneapolis,2025-12-14,438134.0,7886.41,111777.9,3800.45,396972.7,4763.67,184258.6,2026.84,348832.3,3139.49,247894.2,1735.26,32854.5,2628.36,184610.8,0.3023,0.8049,0.9568,1.0,8625.31,20.5702,3700000
Minneapolis,2025-12-21,435220.2,7833.96,82883.9,2818.05,417228.5,5006.74,186025.0,2046.27,344611.7,3101.51,224885.3,1574.2,36400.8,2912.07,203254.6,0.301,0.6834,0.9628,1.0,8684.91,20.7001,3700000
Tampa,2023-01-01,357977.5,6443.59,73933.7,2513.75,333179.6,3998.15,160165.2,1761.82,316979.9,2852.82,183884.6,1287.19,30507.2,2440.58,147655.4,0.3038,0.7923,1.0016,0.0,5978.36,21.5343,3200000
Tampa,2023-01-08,380724.4,6853.04,76757.8,2609.77,337424.8,4049.1,160569.7,1766.27,321870.0,2896.83,185780.1,1300.46,37901.1,3032.09,170574.1,0.3076,0.8211,1.0006,0.0,6839.01,21.5129,3200000
Tampa,2023-01-15,414793.8,7466.29,87235.4,2966.0,354311.1,4251.73,149444.8,1643.89,297208.9,2674.88,197144.9,1380.01,33296.1,2663.69,186371.5,0.3145,0.7873,0.9884,0.0,5847.82,21.251,3200000
Tampa,2023-01-22,373675.0,6726.15,79198.4,2692.75,355357.8,4264.29,138385.4,1522.24,286170.3,2575.53,202187.5,1415.31,34739.4,2779.15,199143.6,0.3262,0.7052,0.9668,1.0,8036.94,20.7871,3200000
Tampa,2023-01-29,414812.6,7466.63,72952.7,2480.39,367242.9,4406.91,157914.6,1737.06,292606.2,2633.46,205808.8,1440.66,37280.1,2982.41,187593.3,0.345,0.769,0.9445,1.0,7678.02,20.3066,3200000
Tampa,2023-02-05,342835.7,6171.04,79375.9,2698.78,370811.3,4449.74,151676.3,1668.44,242178.9,2179.61,216751.5,1517.26,32547.0,2603.76,191691.5,0.3739,0.787,0.9978,0.0,7028.94,21.4537,3200000
Tampa,2023-02-12,336180.8,6051.25,80236.1,2728.03,396162.3,4753.95,156605.0,1722.66,347444.9,3127.0,238802.0,1671.61,32138.3,2571.07,214567.5,0.4157,0.8487,0.9994,0.0,7555.9,21.4873,3200000
Tampa,2023-02-19,445665.3,8021.97,89370.1,3038.58,424705.2,5096.46,182958.0,2012.54,280896.5,2528.07,196748.9,1377.24,32686.6,2614.93,205383.1,0.4726,0.9891,0.9448,1.0,8523.29,20.3131,3200000
Tampa,2023-02-26,469121.7,8444.19,91289.2,3103.83,537818.6,6453.82,198065.7,2178.72,348967.8,3140.71,198529.7,1389.71,35817.4,2865.39,250358.5,0.5454,1.1092,1.0119,0.0,8490.55,21.7556,3200000
Tampa,2023-03-05,438683.3,7896.3,96704.8,3287.96,576759.9,6921.12,210835.5,2319.19,303153.9,2728.38,201391.0,1409.74,41468.6,3317.49,239466.8,0.6327,1.1174,0.9955,0.0,8642.49,21.4032,3200000
Tampa,2023-03-12,414676.3,7464.17,103898.7,3532.56,514980.0,6179.76,258648.1,2845.13,389179.3,3502.61,195435.1,1368.05,36728.0,2938.24,287944.3,0.7299,1.3955,1.0064,0.0,9797.3,21.6376,3200000
Tampa,2023-03-19,539629.4,9713.33,132313.4,4498.66,609785.3,7317.42,218059.6,2398.66,420155.4,3781.4,197631.5,1383.42,46223.4,3697.87,302355.4,0.8296,1.3228,1.0049,0.0,10684.02,21.6058,3200000
Tampa,2023-03-26,647490.6,11654.83,109759.5,3731.82,519214.4,6230.57,212466.1,2337.13,451807.4,4066.27,202018.8,1414.13,49664.0,3973.12,315426.5,0.9219,1.3202,1.0077,0.0,11547.4,21.6661,3200000
Tampa,2023-04-02,524212.0,9435.82,146683.5,4987.24,673955.1,8087.46,214867.8,2363.55,364581.0,3281.23,238749.4,1671.25,54851.9,4388.15,309923.5,0.9961,1.5812,0.9907,0.0,11069.13,21.2997,3200000
Tampa,2023-04-09,675134.9,12152.43,123811.4,4209.59,596851.9,7162.22,269376.5,2963.14,514422.2,4629.8,253903.9,1777.33,57768.0,4621.44,355613.9,1.0428,1.4978,0.9902,0.0,11705.51,21.2892,3200000
Tampa,2023-04-16,665705.7,11982.7,118698.2,4035.74,686603.1,8239.24,299331.8,3292.65,477937.4,4301.44,200484.2,1403.39,54141.0,4331.28,314532.1,1.0556,1.7707,0.9917,0.0,12106.94,21.3218,3200000
Tampa,2023-04-23,547489.0,9854.8,140697.4,4783.71,602257.8,7227.09,238842.3,2627.27,492733.7,4434.6,213324.2,1493.27,50544.9,4043.59,366078.0,1.0327,1.6922,0.9869,0.0,11501.87,21.2192,3200000
Tampa,2023-04-30,526107.6,9469.94,144097.4,4899.31,587704.0,7052.45,285219.5,3137.41,411424.1,3702.82,246598.0,1726.19,56507.4,4520.59,350556.2,0.9773,1.4465,1.0128,0.0,11781.39,21.7757,3200000
Tampa,2023-05-07,614117.3,11054.11,131174.8,4459.94,501100.3,6013.2,231352.9,2544.88,355438.9,3198.95,191164.5,1338.15,54502.0,4360.16,308185.9,0.8969,1.3989,1.0103,0.0,10169.38,21.721,3200000
Tampa,2023-05-14,600259.9,10804.68,106082.7,3606.81,567435.4,6809.23,250577.4,2756.35,331031.9,2979.29,251404.2,1759.83,45982.6,3678.61,266627.2,0.8014,1.4915,0.9854,0.0,10147.19,21.1859,3200000
Tampa,2023-05-21,453901.0,8170.22,95578.5,3249.67,568665.9,6823.99,235376.1,2589.14,331573.0,2984.16,228763.8,1601.35,45314.4,3625.15,256721.4,0.7016,1.1951,0.9881,0.0,9775.63,21.244,3200000
Tampa,2023-05-28,533061.2,9595.1,123250.7,4190.52,481332.7,5775.99,172103.6,1893.14,321310.9,2891.8,203809.6,1426.67,46684.9,3734.79,242556.7,0.6067,1.1108,1.0005,0.0,8779.29,21.5098,3200000
Tampa,2023-06-04,433549.2,7803.89,86432.7,2938.71,465382.9,5584.59,178181.8,1960.0,319763.2,2877.87,217618.2,1523.33,41437.8,3315.03,249110.7,0.5236,0.9655,1.0071,0.0,9201.06,21.6523,3200000
Tampa,2023-06-11,472497.5,8504.96,84088.4,2859.01,429941.9,5159.3,164843.6,1813.28,286382.5,2577.44,223142.1,1561.99,31391.8,2511.34,186297.9,0.456,1.0482,1.0139,0.0,7983.81,21.7994,3200000
Tampa,2023-06-18,358965.0,6461.37,101337.3,3445.47,450791.5,5409.5,155936.3,1715.3,250171.6,2251.54,186198.2,1303.39,38366.0,3069.28,219935.6,0.4052,1.0178,0.9545,1.0,9102.08,20.5223,3200000
Tampa,2023-06-25,368415.1,6631.47,101423.6,3448.4,406121.0,4873.45,145079.1,1595.87,289150.2,2602.35,197060.7,1379.42,32101.0,2568.08,196699.8,0.3707,0.7791,1.0006,0.0,6930.42,21.512,3200000
Tampa,2023-07-02,363435.5,6541.84,99618.1,3387.02,452433.0,5429.2,190966.6,2100.63,313087.5,2817.79,233422.4,1633.96,31763.4,2541.07,187717.1,0.3513,0.8226,0.9861,0.0,7142.91,21.2019,3200000
Tampa,2023-07-09,446599.7,8038.79,72380.1,2460.92,441731.3,5300.78,178719.9,1965.92,327455.4,2947.1,214671.6,1502.7,31380.2,2510.41,186593.6,0.346,0.8195,0.9599,1.0,8056.84,20.6379,3200000
Tampa,2023-07-16,323720.1,5826.96,97253.1,3306.6,371317.8,4455.81,178443.3,1962.88,281888.7,2537.0,213446.7,1494.13,35854.4,2868.35,167535.4,0.3544,0.7383,0.9868,0.0,6977.78,21.2164,3200000
Tampa,2023-07-23,424225.1,7636.05,91305.3,3104.38,442041.8,5304.5,165984.3,1825.83,286327.1,2576.94,186013.0,1302.09,32032.6,2562.61,169239.2,0.3769,0.7488,0.9954,0.0,6791.41,21.4004,3200000
Tampa,2023-07-30,390670.4,7032.07,76550.5,2602.72,369458.2,4433.5,163988.4,1803.87,328889.3,2960.0,213119.2,1491.83,40345.8,3227.67,179352.3,0.414,0.9355,1.0035,0.0,7318.27,21.5742,3200000
Tampa,2023-08-06,372335.0,6702.03,101274.0,3443.32,440562.4,5286.75,218220.8,2400.43,276767.2,2490.9,208097.3,1456.68,42730.9,3418.47,219399.7,0.465,0.9389,1.0147,0.0,7406.07,21.8154,3200000
Tampa,2023-08-13,405802.0,7304.44,86455.5,2939.49,418956.8,5027.48,207026.5,2277.29,332204.8,2989.84,179287.0,1255.01,39707.4,3176.59,215625.5,0.5272,1.0912,0.999,0.0,8078.67,21.4784,3200000
Tampa,2023-08-20,535511.7,9639.21,118952.1,4044.37,546946.8,6563.36,240934.2,2650.28,330527.7,2974.75,217521.4,1522.65,37654.7,3012.37,216317.0,0.595,0.9925,0.9933,0.0,8267.95,21.355,3200000
Tampa,2023-08-27,468211.7,8427.81,117299.7,3988.19,480126.3,5761.52,215017.2,2365.19,415790.8,3742.12,232246.7,1625.73,39375.7,3150.05,235023.9,0.6604,1.2261,0.9996,0.0,8469.48,21.4909,3200000
Tampa,2023-09-03,494344.6,8898.2,102696.4,3491.68,551541.9,6618.5,198978.5,2188.76,342845.7,3085.61,190817.8,1335.72,42404.4,3392.35,269364.4,0.7138,1.3414,1.0097,0.0,9153.86,21.7091,3200000
Tampa,2023-09-10,544357.5,9798.44,134123.4,4560.2,453808.4,5445.7,255645.4,2812.1,403100.7,3627.91,181639.6,1271.48,41838.7,3347.1,255203.4,0.7464,1.2073,0.9842,0.0,9643.1,21.1608,3200000
Tampa,2023-09-17,506687.5,9120.37,126007.2,4284.24,498478.5,5981.74,220206.4,2422.27,419725.1,3777.53,238968.9,1672.78,37990.6,3039.25,227415.2,0.7525,1.411,1.0011,0.0,9758.16,21.5231,3200000
Tampa,2023-09-24,562257.7,10120.64,99181.1,3372.16,568476.6,6821.72,230248.2,2532.73,404300.6,3638.71,219654.9,1537.58,46389.8,3711.18,266015.8,0.7308,1.2981,0.9646,1.0,10274.49,20.7391,3200000
Tampa,2023-10-01,435594.6,7840.7,114940.0,3907.96,512772.5,6153.27,179191.7,1971.11,369062.8,3321.57,199423.9,1395.97,37717.0,3017.36,215895.4,0.6853,1.1138,0.9938,0.0,8694.49,21.3658,3200000
Tampa,2023-10-08,528608.7,9514.96,115624.9,3931.25,593355.2,7120.26,217559.8,2393.16,328014.1,2952.13,237894.9,1665.26,36685.5,2934.84,232951.5,0.6237,1.1421,0.9598,1.0,9119.76,20.6349,3200000
Tampa,2023-10-15,481704.2,8670.68,92537.6,3146.28,495702.1,5948.42,171843.6,1890.28,391356.6,3522.21,211364.1,1479.55,41125.8,3290.07,243645.6,0.5555,0.9445,0.9854,0.0,8004.59,21.1855,3200000
Tampa,2023-10-22,368787.2,6638.17,107092.8,3641.15,510290.8,6123.49,175066.6,1925.73,288278.6,2594.51,225304.3,1577.13,39993.0,3199.44,195808.2,0.4895,1.0616,0.9942,0.0,7985.32,21.3748,3200000
Tampa,2023-10-29,345493.7,6218.89,77311.5,2628.59,479842.3,5758.11,194828.0,2143.11,273936.4,2465.43,227955.9,1595.69,32087.3,2566.99,188869.6,0.432,0.9509,0.9973,0.0,6616.63,21.4411,3200000
Tampa,2023-11-05,395270.6,7114.87,95932.9,3261.72,391227.5,4694.73,185742.5,2043.17,294990.8,2654.92,190646.3,1334.52,28676.3,2294.1,185080.7,0.3864,0.8166,0.9827,0.0,6304.59,21.1281,3200000
Tampa,2023-11-12,444362.8,7998.53,100408.0,3413.87,384026.7,4608.32,162172.9,1783.9,256036.8,2304.33,230140.4,1610.98,31755.1,2540.41,204096.1,0.3531,0.7263,0.9907,0.0,7293.29,21.3,3200000
Tampa,2023-11-19,343153.4,6176.76,91717.7,3118.4,416829.6,5001.95,187136.0,2058.5,275757.5,2481.82,220233.0,1541.63,34751.3,2780.1,152665.1,0.3307,0.8174,0.9885,0.0,6885.11,21.2517,3200000
Tampa,2023-11-26,349964.2,6299.35,89180.6,3032.14,443320.6,5319.85,188597.4,2074.57,270801.1,2437.21,225005.7,1575.04,33512.1,2680.97,176243.8,0.3166,0.8093,0.9963,0.0,6698.72,21.4205,3200000
Tampa,2023-12-03,370001.8,6660.03,72604.9,2468.57,384616.5,4615.4,142549.8,1568.05,226822.7,2041.4,190254.4,1331.78,37218.3,2977.46,152682.7,0.3085,0.7885,1.0065,0.0,6285.92,21.6397,3200000
Tampa,2023-12-10,424621.9,7643.19,83496.7,2838.89,462045.2,5544.54,178138.0,1959.52,253434.7,2280.91,198926.9,1392.49,31927.9,2554.23,171610.2,0.3041,0.8076,0.9383,1.0,8380.23,20.1742,3200000
Tampa,2023-12-17,374674.3,6744.14,78762.7,2677.93,341353.6,4096.24,177026.8,1947.29,253395.4,2280.56,208074.0,1456.52,32092.6,2567.4,178459.9,0.3018,0.9051,0.9599,1.0,7253.6,20.6389,3200000
Tampa,2023-12-24,392221.4,7059.99,88118.6,2996.03,407807.5,4893.69,169855.6,1868.41,259070.7,2331.64,171751.4,1202.26,29278.2,2342.26,174595.4,0.3008,0.6967,1.012,0.0,6463.63,21.7572,3200000
Tampa,2023-12-31,333590.0,6004.62,96510.4,3281.35,400501.1,4806.01,167411.8,1841.53,227633.9,2048.7,225028.5,1575.2,37851.9,3028.15,180272.0,0.3003,0.685,0.9328,1.0,7362.27,20.0562,3200000
Tampa,2024-01-07,347146.4,6248.64,77478.0,2634.25,459614.2,5515.37,143659.7,1580.26,274915.7,2474.24,232302.5,1626.12,38216.1,3057.29,194553.7,0.3069,0.8743,0.9501,1.0,7744.07,20.4282,3200000
Tampa,2024-01-14,395666.9,7122.0,87062.5,2960.13,386844.5,4642.13,155348.9,1708.84,313405.7,2820.65,193070.4,1351.49,28655.0,2292.4,154967.5,0.3133,0.7857,0.9812,0.0,6438.98,21.0962,3200000
Tampa,2024-01-21,332094.6,5977.7,78393.5,2665.38,381625.9,4579.51,196719.9,2163.92,325588.3,2930.29,239149.5,1674.05,34522.4,2761.79,198976.3,0.3241,0.7617,1.019,0.0,7206.07,21.9088,3200000
Tampa,2024-01-28,386540.5,6957.73,86580.3,2943.73,460877.7,5530.53,170560.0,1876.16,299484.3,2695.36,223768.0,1566.38,27607.6,2208.61,167609.2,0.3418,0.8262,1.0052,0.0,7199.91,21.6109,3200000
Tampa,2024-02-04,414859.6,7467.47,76370.4,2596.59,445470.0,5345.64,158196.6,1740.16,288920.5,2600.28,192009.0,1344.06,33191.8,2655.35,162154.5,0.3691,0.8283,0.9956,0.0,6407.23,21.4061,3200000
Tampa,2024-02-11,435749.9,7843.5,84099.1,2859.37,475534.9,5706.42,193913.0,2133.04,314741.2,2832.67,204529.8,1431.71,31784.0,2542.72,197152.8,0.4089,0.8104,1.0125,0.0,7304.67,21.7689,3200000
Tampa,2024-02-18,453611.2,8165.0,111698.6,3797.75,489640.2,5875.68,183167.9,2014.85,272594.8,2453.35,226368.8,1584.58,32889.2,2631.14,210115.6,0.4635,1.0372,0.9585,1.0,8862.02,20.608,3200000
Tampa,2024-02-25,501759.6,9031.67,85891.2,2920.3,444917.7,5339.01,164391.3,1808.3,359474.2,3235.27,233747.9,1636.24,34985.3,2798.82,244746.7,0.5341,1.1136,0.9527,1.0,9389.31,20.4838,3200000
Tampa,2024-03-03,485100.8,8731.81,90638.4,3081.71,437941.2,5255.29,202724.1,2229.97,345509.9,3109.59,241789.5,1692.53,39247.2,3139.78,256718.2,0.6195,0.9847,0.9836,0.0,8544.9,21.1479,3200000
Tampa,2024-03-10,411786.2,7412.15,99927.0,3397.52,564795.1,6777.54,199399.7,2193.4,349349.8,3144.15,211931.0,1483.52,36542.3,2923.38,264789.0,0.7157,1.2458,0.9914,0.0,9630.91,21.3149,3200000
Tampa,2024-03-17,445108.9,8011.96,107551.8,3656.76,535394.9,6424.74,276252.8,3038.78,357944.0,3221.5,196337.3,1374.36,51718.4,4137.47,273076.7,0.8155,1.5096,0.9918,0.0,9903.69,21.3231,3200000
Tampa,2024-03-24,454231.1,8176.16,110677.2,3763.03,506046.3,6072.56,225423.7,2479.66,343847.5,3094.63,205390.6,1437.73,46569.6,3725.57,279176.7,0.9095,1.3583,1.0121,0.0,10523.24,21.7595,3200000
Tampa,2024-03-31,535417.7,9637.52,119613.0,4066.84,684974.6,8219.7,271448.8,2985.94,421629.0,3794.66,231105.6,1617.74,52395.4,4191.63,292950.8,0.987,1.5701,0.9971,0.0,11234.42,21.4371,3200000
Tampa,2024-04-07,530501.8,9549.03,113620.1,3863.08,721656.7,8659.88,239049.3,2629.54,486591.8,4379.33,202473.3,1417.31,49473.7,3957.9,291398.1,1.0381,1.7166,1.0132,0.0,10594.12,21.784,3200000
Tampa,2024-04-14,560140.5,10082.53,133568.0,4541.31,678167.4,8138.01,228319.4,2511.51,516272.3,4646.45,190612.1,1334.28,45004.7,3600.38,327246.5,1.056,1.69,0.9812,0.0,11632.54,21.0965,3200000
Tampa,2024-04-21,542378.8,9762.82,127292.2,4327.94,690619.9,8287.44,238025.0,2618.28,401377.3,3612.4,232962.1,1630.73,56230.8,4498.46,344421.8,1.0381,1.3124,0.9808,0.0,11311.1,21.0872,3200000
Tampa,2024-04-28,615366.1,11076.59,109110.2,3709.75,639785.4,7677.43,233161.0,2564.77,423193.8,3808.74,244240.9,1709.69,44721.8,3577.74,299335.8,0.987,1.289,0.9686,1.0,12030.98,20.8258,3200000
Tampa,2024-05-05,551195.7,9921.52,147662.0,5020.51,611117.7,7333.41,280241.7,3082.66,468872.6,4219.85,200356.8,1402.5,46025.0,3682.0,308494.1,0.9095,1.4036,1.0096,0.0,10089.46,21.7064,3200000
Tampa,2024-05-12,567307.9,10211.54,115418.0,3924.21,472662.5,5671.95,194312.6,2137.44,339706.9,3057.36,226219.7,1583.54,41771.2,3341.7,274796.4,0.8156,1.5115,0.9912,0.0,9925.68,21.3112,3200000
Tampa,2024-05-19,509776.1,9175.97,123361.6,4194.29,449812.0,5397.74,241238.9,2653.63,386291.3,3476.62,196136.6,1372.96,49354.9,3948.39,267899.5,0.7157,1.1148,1.0032,0.0,9709.68,21.5694,3200000
Tampa,2024-05-26,510038.6,9180.7,109767.5,3732.1,440494.6,5285.94,214654.3,2361.2,303852.2,2734.67,231594.5,1621.16,44715.8,3577.26,257821.7,0.6197,1.2455,0.9971,0.0,9383.86,21.4386,3200000
Tampa,2024-06-02,486154.1,8750.77,114906.9,3906.83,494016.3,5928.2,186686.7,2053.55,302022.3,2718.2,207729.8,1454.11,39661.0,3172.88,225961.3,0.5345,1.0873,0.998,0.0,8761.79,21.4565,3200000
Tampa,2024-06-09,403511.6,7263.21,93554.6,3180.86,413135.5,4957.63,171691.7,1888.61,267361.9,2406.26,192305.8,1346.14,32596.3,2607.7,207494.8,0.4646,0.9958,0.996,0.0,7331.29,21.4145,3200000
Tampa,2024-06-16,438439.6,7891.91,98429.5,3346.6,478645.4,5743.74,199432.0,2193.75,331562.3,2984.06,243982.0,1707.87,31157.3,2492.58,197742.7,0.4114,0.7935,0.9478,1.0,8705.03,20.3771,3200000
Tampa,2024-06-23,426510.5,7677.19,92854.1,3157.04,438709.3,5264.51,178724.4,1965.97,275633.6,2480.7,216494.8,1515.46,33021.5,2641.72,176363.2,0.3747,0.8857,0.9898,0.0,7289.19,21.2803,3200000
Tampa,2024-06-30,365190.2,6573.42,77077.0,2620.62,404317.3,4851.81,177241.7,1949.66,251378.3,2262.4,173075.6,1211.53,30699.1,2455.93,198481.3,0.3532,0.9027,0.9991,0.0,7292.84,21.4798,3200000
Tampa,2024-07-07,400561.5,7210.11,72745.4,2473.34,360722.0,4328.66,154034.5,1694.38,286430.7,2577.88,210709.2,1474.96,34954.5,2796.36,176236.4,0.3459,0.8862,1.0072,0.0,6150.12,21.654,3200000
Tampa,2024-07-14,434212.7,7815.83,96110.1,3267.74,439884.1,5278.61,187800.9,2065.81,272237.1,2450.13,211307.0,1479.15,30365.3,2429.22,192430.8,0.3523,0.9368,0.9969,0.0,8133.29,21.4329,3200000
Tampa,2024-07-21,351985.2,6335.73,79003.4,2686.12,373777.4,4485.33,202731.2,2230.04,334282.3,3008.54,209084.8,1463.59,38614.3,3089.15,164467.7,0.3728,0.8128,0.9812,0.0,6534.29,21.0952,3200000
Tampa,2024-07-28,404822.0,7286.8,102571.8,3487.44,426619.3,5119.43,176409.7,1940.51,311987.2,2807.89,220060.9,1540.43,34277.0,2742.16,199197.1,0.4078,0.8708,0.9593,1.0,7937.65,20.6251,3200000
Tampa,2024-08-04,342764.9,6169.77,85586.2,2909.93,502446.0,6029.35,169524.8,1864.77,291122.9,2620.11,182877.6,1280.14,37494.3,2999.55,193868.1,0.4569,1.0863,0.9442,1.0,8224.34,20.2994,3200000
Tampa,2024-08-11,474345.1,8538.21,99531.5,3384.07,386941.6,4643.3,191079.4,2101.87,346884.3,3121.96,204996.3,1434.97,43366.2,3469.29,196184.6,0.5178,0.9227,1.0076,0.0,7599.17,21.6642,3200000
Tampa,2024-08-18,515441.8,9277.95,87065.1,2960.22,479797.1,5757.57,167724.7,1844.97,354960.9,3194.65,195501.7,1368.51,34498.5,2759.88,229625.0,0.5853,1.0016,0.9321,1.0,9899.56,20.0404,3200000
Tampa,2024-08-25,432590.7,7786.63,119204.4,4052.95,527400.3,6328.8,197716.4,2174.88,310927.0,2798.34,182513.1,1277.59,48628.8,3890.3,259296.7,0.6516,1.1402,0.9919,0.0,8712.14,21.326,3200000
Tampa,2024-09-01,452819.8,8150.76,126406.3,4297.81,440600.0,5287.2,254929.2,2804.22,429509.8,3865.59,182255.0,1275.79,37670.6,3013.65,280465.5,0.7073,1.1453,1.0087,0.0,9488.13,21.6876,3200000
Tampa,2024-09-08,520773.0,9373.91,95483.1,3246.43,516795.6,6201.55,249279.0,2742.07,412044.5,3708.4,208429.6,1459.01,47310.7,3784.86,240497.0,0.7433,1.4149,1.0153,0.0,9566.4,21.8289,3200000
Tampa,2024-09-15,429266.6,7726.8,106255.4,3612.68,518774.5,6225.29,233689.7,2570.59,354203.9,3187.84,226875.6,1588.13,46427.5,3714.2,270207.0,0.7533,1.1624,1.0074,0.0,9108.63,21.6601,3200000
Tampa,2024-09-22,547603.1,9856.86,102276.5,3477.4,546227.1,6554.73,210240.4,2312.64,306976.9,2762.79,233492.1,1634.44,50515.4,4041.23,258388.6,0.7355,1.2963,1.0046,0.0,8967.45,21.5984,3200000
Tampa,2024-09-29,452674.4,8148.14,122891.8,4178.32,615474.4,7385.69,199574.1,2195.32,374828.1,3373.45,208284.5,1457.99,41742.5,3339.4,264211.9,0.693,1.1832,1.0125,0.0,9708.52,21.7696,3200000
Tampa,2024-10-06,492932.7,8872.79,127373.4,4330.69,564603.3,6775.24,225811.7,2483.93,299309.2,2693.78,229925.6,1609.48,43956.0,3516.48,228155.4,0.6331,1.1785,0.9952,0.0,8373.71,21.396,3200000
Tampa,2024-10-13,410372.9,7386.71,95998.4,3263.94,542380.8,6508.57,191165.8,2102.82,332632.3,2993.69,215465.3,1508.26,44060.0,3524.8,224495.0,0.5653,1.0712,1.0171,0.0,8437.52,21.8669,3200000
Tampa,2024-10-20,472893.0,8512.07,91365.9,3106.44,409255.7,4911.07,219905.4,2418.96,351746.9,3165.72,217676.3,1523.73,33870.1,2709.61,177231.0,0.4985,1.0696,0.949,1.0,8496.76,20.4042,3200000
Tampa,2024-10-27,378142.6,6806.57,98424.1,3346.42,418139.1,5017.67,171111.2,1882.22,344790.4,3103.11,197822.6,1384.76,33883.4,2710.67,199109.5,0.4395,0.9635,0.9945,0.0,7480.07,21.3815,3200000
Tampa,2024-11-03,353324.8,6359.85,100887.2,3430.17,350874.8,4210.5,188479.7,2073.28,281197.0,2530.77,180985.3,1266.9,38930.9,3114.47,182513.6,0.3921,0.8066,1.0012,0.0,6935.27,21.5253,3200000
Tampa,2024-11-10,406620.9,7319.18,103303.2,3512.31,466761.5,5601.14,168716.3,1855.88,294142.0,2647.28,216383.5,1514.68,39897.8,3191.82,174724.6,0.3571,0.8052,0.9808,0.0,6991.56,21.0872,3200000
Tampa,2024-11-17,355377.2,6396.79,96497.4,3280.91,465485.2,5585.82,152886.0,1681.75,255017.9,2295.16,222975.4,1560.83,34402.4,2752.19,158833.7,0.3333,0.8827,0.981,0.0,6400.54,21.0923,3200000
Tampa,2024-11-24,307399.5,5533.19,85429.0,2904.58,444249.5,5330.99,185319.5,2038.51,305220.9,2746.99,214057.3,1498.4,28087.3,2246.99,157113.7,0.3182,0.9371,0.9459,1.0,7363.33,20.3359,3200000
Tampa,2024-12-01,330608.1,5950.95,80197.9,2726.73,359840.9,4318.09,138858.2,1527.44,272431.7,2451.89,205609.1,1439.26,31655.7,2532.46,152831.6,0.3094,0.713,0.9995,0.0,6469.1,21.4891,3200000
Tampa,2024-12-08,375884.2,6765.92,95115.1,3233.91,449423.1,5393.08,174607.4,1920.68,296427.2,2667.84,205228.7,1436.6,36436.1,2914.89,160147.4,0.3045,0.7613,1.0175,0.0,6165.98,21.8752,3200000
Tampa,2024-12-15,374504.9,6741.09,76149.7,2589.09,408039.7,4896.48,185489.8,2040.39,285711.7,2571.41,181273.4,1268.91,26928.2,2154.26,156741.4,0.3021,0.8258,1.0107,0.0,6704.12,21.73,3200000
Tampa,2024-12-22,331720.5,5970.97,77234.1,2625.96,377778.9,4533.35,176034.6,1936.38,264023.6,2376.21,215327.2,1507.29,30084.3,2406.75,155999.2,0.3009,0.8366,0.9821,0.0,6790.7,21.1158,3200000
Tampa,2024-12-29,350650.7,6311.71,86344.7,2935.72,428375.0,5140.5,190406.8,2094.47,322720.4,2904.48,230380.2,1612.66,31248.5,2499.88,178456.6,0.3004,0.8572,0.9868,0.0,6739.42,21.2167,3200000
Tampa,2025-01-05,344578.8,6202.42,81176.0,2759.99,363666.2,4363.99,157399.8,1731.4,277603.6,2498.43,198702.9,1390.92,28043.8,2243.51,181710.9,0.3057,0.8274,0.984,0.0,6156.31,21.1564,3200000
Tampa,2025-01-12,371599.4,6688.79,88252.4,3000.58,366227.6,4394.73,163972.8,1803.7,320263.9,2882.38,228909.2,1602.36,28632.5,2290.6,191542.2,0.3111,0.761,1.0195,0.0,6769.34,21.9188,3200000
Tampa,2025-01-19,428853.6,7719.36,88430.0,3006.62,384988.7,4619.86,186849.6,2055.35,278029.0,2502.26,189777.0,1328.44,33164.3,2653.14,168703.0,0.3204,0.9039,0.9426,1.0,8079.46,20.2648,3200000
Tampa,2025-01-26,369334.0,6648.01,100020.6,3400.7,476684.4,5720.21,153410.4,1687.51,291596.1,2624.36,237380.1,1661.66,34713.8,2777.1,161696.8,0.3359,0.719,0.9624,1.0,7434.03,20.6906,3200000
Tampa,2025-02-02,420231.7,7564.17,81941.6,2786.02,394915.0,4738.98,145378.9,1599.17,279216.2,2512.95,178739.7,1251.18,34059.3,2724.74,192983.9,0.3601,0.7729,0.9984,0.0,6808.72,21.4662,3200000
Tampa,2025-02-09,449001.3,8082.02,107733.3,3662.93,500136.3,6001.64,208472.4,2293.2,287646.2,2588.82,236821.0,1657.75,35890.0,2871.2,179126.3,0.3961,0.9278,1.0119,0.0,7366.83,21.7566,3200000
Tampa,2025-02-16,340859.2,6135.47,100552.3,3418.78,506110.2,6073.32,197255.3,2169.81,350087.8,3150.79,247367.6,1731.57,41848.7,3347.89,194919.1,0.4463,0.9313,0.9956,0.0,7831.51,21.4057,3200000
Tampa,2025-02-23,415210.5,7473.79,100225.7,3407.68,420871.8,5050.46,181509.1,1996.6,319843.5,2878.59,222899.2,1560.29,44869.0,3589.52,183617.8,0.5123,1.0056,1.0142,0.0,7781.46,21.8048,3200000
Tampa,2025-03-02,401412.5,7225.43,110890.0,3770.26,507266.7,6087.2,205828.9,2264.12,401623.3,3614.61,205041.6,1435.29,36716.4,2937.32,233915.5,0.5937,1.1549,0.9928,0.0,8012.33,21.345,3200000
Tampa,2025-03-09,440812.5,7934.62,124461.1,4231.68,602327.1,7227.92,190703.0,2097.73,344272.3,3098.45,215649.9,1509.55,39987.7,3199.02,242182.4,0.6874,1.041,1.0185,0.0,8920.42,21.898,3200000
Tampa,2025-03-16,523683.7,9426.31,119813.1,4073.65,522196.3,6266.36,231986.5,2551.85,377114.1,3394.03,190839.8,1335.88,45522.3,3641.78,284601.3,0.7872,1.1535,0.9843,0.0,10467.87,21.1631,3200000
Tampa,2025-03-23,630669.9,11352.06,108667.8,3694.71,677283.6,8127.4,231123.0,2542.35,370851.0,3337.66,261199.6,1828.4,55141.7,4411.33,256395.3,0.8839,1.5669,0.9936,0.0,10220.01,21.3626,3200000
Tampa,2025-03-30,519949.7,9359.1,138070.2,4694.39,661369.1,7936.43,256848.6,2825.33,364963.0,3284.67,198150.4,1387.05,42901.0,3432.08,320769.5,0.9672,1.3053,0.9881,0.0,10760.01,21.2432,3200000
Tampa,2025-04-06,632701.4,11388.63,139938.0,4757.89,594590.3,7135.08,271006.9,2981.08,465543.0,4189.89,213496.3,1494.47,52708.6,4216.69,315635.6,1.0267,1.6345,0.9985,0.0,11390.32,21.4683,3200000
Tampa,2025-04-13,584186.9,10515.36,130777.5,4446.43,619203.0,7430.44,264036.1,2904.4,504460.2,4540.14,204010.6,1428.07,60218.9,4817.51,351962.3,1.0545,1.4963,0.9804,0.0,12336.75,21.0795,3200000
Tampa,2025-04-20,582066.7,10477.2,140954.3,4792.45,535674.1,6428.09,304805.0,3352.85,461377.1,4152.39,248187.2,1737.31,54533.7,4362.69,327549.5,1.0468,1.46,1.0125,0.0,11208.76,21.7688,3200000
Tampa,2025-04-27,534158.5,9614.85,121044.0,4115.5,604484.6,7253.81,271194.3,2983.14,452836.8,4075.53,250811.4,1755.68,54185.3,4334.83,298306.5,1.0047,1.2995,1.0028,0.0,10824.47,21.5606,3200000
Tampa,2025-05-04,586656.8,10559.82,112557.6,3826.96,563214.1,6758.57,249608.0,2745.69,343681.3,3093.13,250610.4,1754.27,52155.4,4172.43,288395.3,0.9338,1.4628,0.9876,0.0,10201.74,21.2332,3200000
Tampa,2025-05-11,570417.3,10267.51,125398.8,4263.56,476270.6,5715.25,203432.7,2237.76,405200.1,3646.8,260628.4,1824.4,46549.3,3723.94,290578.7,0.8435,1.2602,1.0066,0.0,9795.43,21.6425,3200000
Tampa,2025-05-18,496698.6,8940.58,99833.7,3394.35,538698.4,6464.38,205078.6,2255.86,430954.1,3878.59,255929.7,1791.51,51715.9,4137.27,242643.6,0.7443,1.2047,0.948,1.0,10919.63,20.3824,3200000
Tampa,2025-05-25,477786.0,8600.15,100658.5,3422.39,491411.1,5896.93,227938.8,2507.33,359330.8,3233.98,195670.7,1369.69,34893.5,2791.48,258418.5,0.6463,0.9848,0.989,0.0,8559.06,21.2626,3200000
Tampa,2025-06-01,371852.5,6693.35,117840.1,4006.56,394686.7,4736.24,199066.9,2189.74,377303.5,3395.73,193856.5,1357.0,35952.0,2876.16,201014.2,0.5574,0.9476,1.017,0.0,7791.67,21.8647,3200000
Tampa,2025-06-08,351168.7,6321.04,104840.4,3564.57,479631.2,5755.57,174950.2,1924.45,270277.0,2432.49,180340.9,1262.39,41405.1,3312.41,203290.8,0.4829,0.9104,1.0076,0.0,7699.49,21.6629,3200000
Tampa,2025-06-15,431106.6,7759.92,83950.3,2854.31,448484.1,5381.81,214135.1,2355.49,273461.6,2461.15,215891.8,1511.24,30419.2,2433.54,202197.3,0.4249,0.81,1.0074,0.0,7138.24,21.6598,3200000
Tampa,2025-06-22,416085.1,7489.53,96881.2,3293.96,412033.3,4944.4,170613.7,1876.75,341148.0,3070.33,191878.0,1343.15,38621.8,3089.74,214768.8,0.3836,0.7732,1.0034,0.0,6732.11,21.5732,3200000
Tampa,2025-06-29,328289.0,5909.2,77011.8,2618.4,347004.7,4164.06,202754.1,2230.3,266568.1,2399.11,224855.8,1573.99,32217.8,2577.43,172105.4,0.3579,0.811,0.9398,1.0,8374.27,20.2051,3200000
Tampa,2025-07-06,378528.7,6813.52,98017.5,3332.59,480354.9,5764.26,181679.0,1998.47,260560.1,2345.04,222165.9,1555.16,34757.1,2780.56,185916.0,0.3466,0.9264,0.9831,0.0,6461.81,21.1368,3200000
Tampa,2025-07-13,411687.3,7410.37,75105.6,2553.59,370589.3,4447.07,177757.2,1955.33,332292.7,2990.63,220739.6,1545.18,31755.6,2540.45,197981.9,0.3491,0.8608,1.0126,0.0,7125.34,21.7709,3200000
Tampa,2025-07-20,452418.5,8143.53,77059.8,2620.03,440965.7,5291.59,150810.3,1658.91,288256.8,2594.31,210204.4,1471.43,38965.8,3117.26,178571.8,0.3655,0.9463,1.0126,0.0,7639.29,21.7703,3200000
Tampa,2025-07-27,331916.8,5974.5,80704.3,2743.95,492525.4,5910.31,156127.0,1717.4,283416.8,2550.75,188550.6,1319.85,32661.9,2612.95,197096.0,0.3963,0.842,0.9971,0.0,6751.61,21.4377,3200000
Tampa,2025-08-03,398124.5,7166.24,95321.6,3240.93,419526.9,5034.32,165034.2,1815.38,292708.3,2634.37,209347.6,1465.43,40585.5,3246.84,186827.1,0.4415,0.9725,0.986,0.0,7186.92,21.1991,3200000
Tampa,2025-08-10,476359.4,8574.47,101379.1,3446.89,534819.5,6417.83,224038.0,2464.42,372336.6,3351.03,183704.4,1285.93,41956.9,3356.55,210377.3,0.4994,1.0535,0.9848,0.0,7834.32,21.1731,3200000
Tampa,2025-08-17,520661.6,9371.91,88641.2,3013.8,492897.4,5914.77,197434.0,2171.77,375470.1,3379.23,189875.1,1329.13,44738.8,3579.11,252578.0,0.5657,1.1798,1.0044,0.0,8461.67,21.5945,3200000
Tampa,2025-08-24,520170.8,9363.07,124186.0,4222.32,494847.8,5938.17,226181.3,2487.99,402826.0,3625.43,223400.9,1563.81,43121.1,3449.69,215932.1,0.6333,1.1172,0.9958,0.0,9207.17,21.4101,3200000
Tampa,2025-08-31,428946.5,7721.04,112723.6,3832.6,433681.7,5204.18,192834.8,2121.18,423541.8,3811.88,209125.3,1463.88,49722.5,3977.8,223672.0,0.693,1.0142,0.9994,0.0,8798.34,21.4867,3200000
Tampa,2025-09-07,489398.1,8809.17,110405.2,3753.78,463797.5,5565.57,236229.7,2598.53,349150.2,3142.35,229960.3,1609.72,50853.4,4068.27,281867.3,0.7355,1.236,0.9668,1.0,10667.24,20.7853,3200000
Tampa,2025-09-14,569629.9,10253.34,110663.7,3762.56,630903.7,7570.84,247372.9,2721.1,310744.6,2796.7,213056.9,1491.4,45866.3,3669.31,273896.0,0.7533,1.2749,0.9942,0.0,9838.69,21.3751,3200000
Tampa,2025-09-21,485802.1,8744.44,104147.1,3541.0,589722.9,7076.67,223350.2,2456.85,346793.3,3121.14,216017.4,1512.12,45307.0,3624.56,228971.5,0.7433,1.2921,1.0135,0.0,9661.72,21.7905,3200000
Tampa,2025-09-28,569508.3,10251.15,112969.3,3840.96,485683.1,5828.2,206180.9,2267.99,359683.0,3237.15,221462.4,1550.24,50172.0,4013.76,265791.1,0.7073,1.3279,1.0004,0.0,9262.49,21.5093,3200000
Tampa,2025-10-05,532845.2,9591.21,102372.4,3480.66,453277.3,5439.33,232197.5,2554.17,302236.5,2720.13,190022.8,1330.16,46469.4,3717.56,244819.4,0.6515,1.1336,0.9882,0.0,8669.19,21.2458,3200000
Tampa,2025-10-12,519759.3,9355.67,95706.8,3254.03,537463.0,6449.56,199038.5,2189.42,370570.3,3335.13,177741.8,1244.19,44073.2,3525.86,250534.4,0.5849,1.2282,0.9856,0.0,8551.2,21.1906,3200000
Tampa,2025-10-19,458678.5,8256.21,100568.3,3419.32,408899.4,4906.79,165613.7,1821.75,323727.0,2913.54,185550.5,1298.85,34113.4,2729.07,216944.7,0.517,1.0786,0.9802,0.0,8906.39,21.0734,3200000
Tampa,2025-10-26,396355.7,7134.4,102034.0,3469.15,425609.0,5107.31,159434.5,1753.78,362412.9,3261.72,239460.4,1676.22,40612.4,3248.99,202411.4,0.4553,0.9934,0.9521,1.0,8473.71,20.471,3200000
Tampa,2025-11-02,379067.8,6823.22,78978.7,2685.28,367004.9,4404.06,188857.1,2077.43,251674.7,2265.07,180015.4,1260.11,31112.7,2489.02,185336.1,0.4044,0.9363,0.9999,0.0,6923.45,21.4978,3200000
Tampa,2025-11-09,337502.6,6075.05,78402.6,2665.69,372845.4,4474.14,194377.1,2138.15,242404.2,2181.64,238860.1,1672.02,29159.9,2332.79,203575.9,0.3659,0.7634,1.0109,0.0,7091.69,21.7348,3200000
Tampa,2025-11-16,333776.5,6007.98,96621.3,3285.12,416602.5,4999.23,166248.9,1828.74,240719.9,2166.48,240698.4,1684.89,27886.0,2230.88,169255.3,0.3391,0.9445,0.9828,0.0,6316.49,21.13,3200000
Tampa,2025-11-23,411766.8,7411.8,92062.8,3130.13,369772.8,4437.27,189238.1,2081.62,244757.8,2202.82,198449.0,1389.14,29823.9,2385.92,189524.0,0.3218,0.8863,1.0002,0.0,7055.28,21.5051,3200000
Tampa,2025-11-30,376566.0,6778.19,97056.9,3299.93,329793.7,3957.52,188151.5,2069.67,268611.0,2417.5,177267.5,1240.87,32151.7,2572.14,149667.2,0.3114,0.7935,1.0032,0.0,5880.97,21.5686,3200000
Tampa,2025-12-07,359001.3,6462.02,83259.6,2830.83,440863.5,5290.36,140022.4,1540.25,312506.5,2812.56,179429.5,1256.01,28446.0,2275.68,151874.1,0.3056,0.7696,0.952,1.0,7200.95,20.4672,3200000
Tampa,2025-12-14,348673.7,6276.13,92686.0,3151.32,420840.2,5050.08,136248.6,1498.73,247954.3,2231.59,207397.0,1451.78,35469.9,2837.59,166957.7,0.3026,0.8069,0.9806,0.0,6811.74,21.0834,3200000
Tampa,2025-12-21,409279.2,7367.03,95407.3,3243.85,455515.1,5466.18,160528.6,1765.82,240900.1,2168.1,169890.2,1189.23,37231.8,2978.54,171431.3,0.3011,0.8183,1.0194,0.0,7204.63,21.9178,3200000
Denver,2023-01-01,394392.9,7099.07,67906.2,2308.81,291605.1,3499.26,185819.2,2044.01,303518.0,2731.66,176373.2,1234.61,23461.8,1876.95,176952.3,0.3033,0.8917,1.0036,0.0,5813.26,21.5765,3000000
Denver,2023-01-08,305845.9,5505.23,69541.6,2364.41,315550.4,3786.6,144216.1,1586.38,229474.4,2065.27,192112.7,1344.79,26749.6,2139.97,155412.4,0.3067,0.7681,0.9818,0.0,6143.66,21.1092,3000000
Denver,2023-01-15,392421.1,7063.58,93120.7,3166.1,314678.7,3776.14,163822.9,1802.05,306130.4,2755.17,193790.7,1356.53,22734.9,1818.79,151550.1,0.3126,0.9212,1.0155,0.0,5929.12,21.8339,3000000
Denver,2023-01-22,340763.4,6133.74,78880.4,2681.93,266157.0,3193.88,173152.1,1904.67,296608.7,2669.48,194559.1,1361.91,27545.1,2203.61,164402.5,0.3228,0.879,1.0088,0.0,6400.49,21.689,3000000
Denver,2023-01-29,338325.7,6089.86,94171.7,3201.84,244518.3,2934.22,168197.5,1850.17,236838.7,2131.55,220987.3,1546.91,31780.0,2542.4,168646.3,0.3392,0.7757,1.0018,0.0,5925.4,21.5394,3000000
Denver,2023-02-05,365812.0,6584.62,75059.3,2552.02,318537.3,3822.45,157109.0,1728.2,316331.9,2846.99,190865.1,1336.06,33054.5,2644.36,171533.9,0.3644,0.7507,0.9407,1.0,7649.48,20.2259,3000000
Denver,2023-02-12,327972.4,5903.5,71829.6,2442.21,327068.8,3924.83,167948.8,1847.44,270897.8,2438.08,183111.3,1281.78,30580.7,2446.45,206358.5,0.4007,1.018,1.0098,0.0,7128.22,21.7099,3000000
Denver,2023-02-19,364378.0,6558.8,99765.9,3392.04,282641.8,3391.7,220367.8,2424.05,268325.6,2414.93,176160.7,1233.12,35013.1,2801.05,177076.1,0.4502,0.9683,0.9406,1.0,7564.66,20.2219,3000000
Denver,2023-02-26,405991.7,7307.85,86089.1,2927.03,337932.9,4055.19,237739.5,2615.13,310999.1,2798.99,178252.4,1247.77,31059.1,2484.73,221047.6,0.5136,0.8975,0.993,0.0,7761.81,21.3498,3000000
Denver,2023-03-05,365116.1,6572.09,86350.8,2935.93,327577.9,3930.93,196364.9,2160.01,324112.6,2917.01,214179.6,1499.26,28584.8,2286.78,204346.7,0.5896,0.9675,0.9475,1.0,9173.19,20.3718,3000000
Denver,2023-03-12,428747.5,7717.46,100289.0,3409.83,334646.1,4015.75,243328.7,2676.62,393707.3,3543.37,185697.1,1299.88,35603.2,2848.25,207581.6,0.6742,1.043,0.9816,0.0,8340.82,21.1044,3000000
Denver,2023-03-19,538564.5,9694.16,125521.3,4267.72,369254.7,4431.06,225877.1,2484.65,340831.4,3067.48,186790.6,1307.53,35957.2,2876.57,229091.9,0.7609,1.2003,0.9887,0.0,9044.42,21.2578,3000000
Denver,2023-03-26,502319.8,9041.76,125374.5,4262.73,473845.5,5686.15,249520.6,2744.73,375995.4,3383.96,195744.8,1370.21,36431.7,2914.53,290913.5,0.8413,1.2882,0.9868,0.0,8958.92,21.2161,3000000
Denver,2023-04-02,537937.0,9682.87,144296.1,4906.07,477669.3,5732.03,306873.0,3375.6,400877.6,3607.9,245054.1,1715.38,40450.3,3236.02,267920.2,0.9059,1.5583,1.0198,0.0,10009.67,21.9249,3000000
Denver,2023-04-09,650351.5,11706.33,143782.4,4888.6,494234.5,5930.81,237560.5,2613.17,382171.6,3439.54,200699.7,1404.9,39609.1,3168.73,268119.4,0.9465,1.4236,1.0155,0.0,9469.46,21.8326,3000000
Denver,2023-04-16,574532.2,10341.58,110881.2,3769.96,489790.3,5877.48,262681.4,2889.5,368790.5,3319.11,233206.4,1632.45,49397.3,3951.79,280159.6,0.9577,1.5582,1.0017,0.0,10313.74,21.5364,3000000
Denver,2023-04-23,522683.0,9408.29,119107.0,4049.64,481486.8,5777.84,248123.6,2729.36,381382.5,3432.44,221191.9,1548.34,48415.9,3873.27,284040.2,0.9378,1.535,0.9561,1.0,11374.17,20.5551,3000000
Denver,2023-04-30,567861.9,10221.51,125110.4,4253.75,510896.3,6130.76,249342.7,2742.77,455578.0,4100.2,249504.8,1746.53,41636.4,3330.91,320047.7,0.8895,1.4319,1.0144,0.0,10494.67,21.809,3000000
Denver,2023-05-07,470783.2,8474.1,127621.2,4339.12,409777.1,4917.32,287509.0,3162.6,328534.0,2956.81,192085.3,1344.6,40005.9,3200.47,248262.0,0.8195,1.2146,1.0108,0.0,9040.77,21.7312,3000000
Denver,2023-05-14,500698.1,9012.57,108573.9,3691.51,403182.3,4838.19,242570.1,2668.27,308010.4,2772.09,179335.0,1255.34,38870.5,3109.64,235098.9,0.7364,1.3572,0.9436,1.0,10417.32,20.2871,3000000
Denver,2023-05-21,405491.0,7298.84,87555.1,2976.87,326505.4,3918.06,219315.3,2412.47,303929.3,2735.36,216512.6,1515.59,41179.3,3294.35,221341.2,0.6495,1.0376,1.0198,0.0,8305.87,21.9258,3000000
Denver,2023-05-28,492957.7,8873.24,87754.1,2983.64,397531.0,4770.37,205485.1,2260.34,343353.7,3090.18,165885.2,1161.2,28266.6,2261.33,203989.7,0.5669,1.0358,1.0149,0.0,7869.97,21.8211,3000000
Denver,2023-06-04,440683.7,7932.31,99663.4,3388.56,280291.1,3363.49,231094.7,2542.04,297169.7,2674.53,198919.8,1392.44,28785.9,2302.87,194698.0,0.4946,1.0588,1.0034,0.0,7350.63,21.5736,3000000
Denver,2023-06-11,320940.2,5776.92,95530.0,3248.02,266011.4,3192.14,207834.8,2286.18,285578.7,2570.21,174227.8,1219.59,29152.3,2332.18,200593.5,0.4358,1.0048,0.9888,0.0,6621.53,21.2582,3000000
Denver,2023-06-18,369485.8,6650.74,76111.2,2587.78,323059.4,3876.71,158796.3,1746.76,296092.3,2664.83,187177.4,1310.24,33823.5,2705.88,175481.1,0.3916,0.9427,1.0091,0.0,6948.1,21.695,3000000
Denver,2023-06-25,426551.8,7677.93,89259.7,3034.83,347474.2,4169.69,200491.4,2205.41,249203.7,2242.83,171726.4,1202.08,30267.2,2421.38,163023.4,0.3616,0.8652,0.9827,0.0,6621.12,21.1271,3000000
Denver,2023-07-02,396981.3,7145.66,73316.7,2492.77,298835.8,3586.03,188807.0,2076.88,234914.3,2114.23,201903.7,1413.33,27636.9,2210.95,161187.4,0.3447,0.7497,1.0004,0.0,6596.67,21.5087,3000000
Denver,2023-07-09,325753.5,5863.56,73286.9,2491.76,292149.6,3505.79,176715.3,1943.87,238315.1,2144.84,171323.1,1199.26,24787.4,1982.99,183213.2,0.34,0.8604,0.9942,0.0,6301.06,21.3752,3000000
Denver,2023-07-16,391220.4,7041.97,86411.8,2938.0,258053.3,3096.64,167026.3,1837.29,224570.6,2021.14,209696.1,1467.87,30055.0,2404.4,165630.2,0.3473,0.9455,1.0078,0.0,6744.1,21.6681,3000000
Denver,2023-07-23,389756.4,7015.61,77276.0,2627.38,279482.3,3353.79,170280.8,1873.09,228366.4,2055.3,224490.7,1571.43,26531.2,2122.49,171361.7,0.367,0.8099,0.9534,1.0,7455.51,20.4985,3000000
Denver,2023-07-30,339597.7,6112.76,97926.8,3329.51,347506.4,4170.08,158703.9,1745.74,238440.1,2145.96,186045.5,1302.32,28556.9,2284.55,193044.3,0.3992,0.9766,1.0038,0.0,6920.55,21.5811,3000000
Denver,2023-08-06,334084.4,6013.52,87590.1,2978.06,369118.9,4429.43,168996.1,1858.96,241010.2,2169.09,165698.7,1159.89,34144.0,2731.52,211588.1,0.4436,0.9068,1.0094,0.0,7554.08,21.7016,3000000
Denver,2023-08-13,410295.2,7385.31,84946.0,2888.16,380233.5,4562.8,237533.1,2612.86,255902.0,2303.12,186463.3,1305.24,28045.4,2243.63,191171.8,0.4977,1.0671,0.9977,0.0,7174.08,21.4502,3000000
Denver,2023-08-20,401285.6,7223.14,110624.6,3761.24,308199.0,3698.39,176549.6,1942.05,329220.4,2962.98,180560.2,1263.92,33659.2,2692.74,187489.1,0.5568,1.1521,0.9881,0.0,7527.88,21.2441,3000000
Denver,2023-08-27,474677.2,8544.19,89693.8,3049.59,396455.1,4757.46,206926.1,2276.19,312643.6,2813.79,181549.8,1270.85,28704.5,2296.36,217600.7,0.6137,1.0723,1.0092,0.0,7469.25,21.6968,3000000
Denver,2023-09-03,531783.1,9572.09,104800.8,3563.23,433620.5,5203.45,242650.7,2669.16,383612.6,3452.51,234452.1,1641.16,35939.2,2875.14,223565.6,0.6602,1.0518,0.9903,0.0,8269.09,21.292,3000000
Denver,2023-09-10,487813.7,8780.65,115870.1,3939.58,422788.6,5073.46,192548.8,2118.04,348140.3,3133.26,181860.0,1273.02,38951.8,3116.14,242797.7,0.6886,1.3439,0.9987,0.0,8849.31,21.4717,3000000
Denver,2023-09-17,479338.7,8628.1,97527.1,3315.92,404962.0,4859.54,263878.3,2902.66,394321.2,3548.89,173455.7,1214.19,42242.1,3379.37,224935.6,0.6938,1.1792,1.0077,0.0,7553.04,21.6655,3000000
Denver,2023-09-24,539326.7,9707.88,98276.7,3341.41,391040.6,4692.49,199673.0,2196.4,371223.8,3341.01,220978.2,1546.85,39556.3,3164.51,211049.5,0.6749,1.1743,0.9971,0.0,8240.46,21.4376,3000000
Denver,2023-10-01,508169.2,9147.05,93436.7,3176.85,337250.7,4047.01,222026.8,2442.3,292788.2,2635.09,237126.7,1659.89,37988.5,3039.08,220745.1,0.6353,1.235,1.0016,0.0,7544.24,21.5341,3000000
Denver,2023-10-08,433965.7,7811.38,86960.9,2956.67,340715.2,4088.58,185207.0,2037.28,303435.9,2730.92,177688.0,1243.82,34336.6,2746.93,233048.0,0.5817,1.0771,0.9983,0.0,7556.97,21.4631,3000000
Denver,2023-10-15,394136.6,7094.46,89209.4,3033.12,381862.5,4582.35,184377.5,2028.15,309166.0,2782.49,199096.4,1393.68,29125.2,2330.02,187774.5,0.5224,1.1294,0.9805,0.0,7410.8,21.0814,3000000
Denver,2023-10-22,399475.7,7190.56,85525.6,2907.87,339630.6,4075.57,170114.1,1871.26,275818.8,2482.37,177970.0,1245.79,32455.9,2596.47,175250.5,0.4649,1.0051,0.9874,0.0,6362.77,21.2298,3000000
Denver,2023-10-29,359029.8,6462.54,100246.4,3408.38,262274.2,3147.29,177784.9,1955.63,308893.8,2780.04,203527.8,1424.69,33865.0,2709.2,175963.2,0.4149,1.0403,0.9985,0.0,6000.96,21.4671,3000000
Denver,2023-11-05,364967.7,6569.42,71129.7,2418.41,259310.7,3111.73,205697.5,2262.67,258600.0,2327.4,170046.8,1190.33,24438.6,1955.09,176979.9,0.3752,0.9751,1.0085,0.0,6054.03,21.6826,3000000
Denver,2023-11-12,345986.4,6227.76,79695.8,2709.66,255110.2,3061.32,162354.7,1785.9,297705.9,2679.35,166396.8,1164.78,25742.6,2059.4,176106.0,0.3462,0.8031,1.0002,0.0,6223.28,21.5047,3000000
Denver,2023-11-19,348782.6,6278.09,79914.7,2717.1,319109.2,3829.31,168215.1,1850.37,271363.0,2442.27,227011.6,1589.08,26252.6,2100.21,171502.4,0.3267,0.7393,0.9819,0.0,6227.04,21.1114,3000000
Denver,2023-11-26,382465.0,6884.37,88533.4,3010.14,236923.9,2843.09,156545.8,1722.0,266762.7,2400.86,226989.4,1588.93,25387.3,2030.99,142865.5,0.3145,0.8268,1.0054,0.0,5725.18,21.6153,3000000
Denver,2023-12-03,394672.5,7104.1,87529.6,2976.0,292155.6,3505.87,162458.7,1787.05,303322.4,2729.9,192830.8,1349.82,22750.0,1820.0,168586.4,0.3074,0.9226,0.9433,1.0,7055.68,20.2805,3000000
Denver,2023-12-10,291896.0,5254.13,70568.3,2399.32,231500.0,2778.0,159642.0,1756.06,274174.6,2467.57,192009.6,1344.07,27945.9,2235.67,170455.3,0.3035,0.9048,0.9956,0.0,5864.49,21.4064,3000000
Denver,2023-12-17,357827.4,6440.89,86242.0,2932.23,328057.1,3936.69,165848.9,1824.34,253004.1,2277.04,178249.2,1247.74,29628.6,2370.29,166826.9,0.3016,0.9118,0.9945,0.0,5954.12,21.3815,3000000
Denver,2023-12-24,315534.2,5679.62,80364.3,2732.39,243663.4,2923.96,195639.4,2152.03,218046.4,1962.42,188483.1,1319.38,26575.7,2126.06,153092.7,0.3007,0.7971,1.0198,0.0,6588.19,21.9258,3000000
Denver,2023-12-31,325310.2,5855.58,74545.4,2534.54,317050.8,3804.61,199472.6,2194.2,266416.1,2397.74,221228.4,1548.6,29318.4,2345.47,174031.7,0.3003,0.6943,0.9404,1.0,7160.82,20.2193,3000000
Denver,2024-01-07,389149.1,7004.68,80734.5,2744.97,322357.1,3868.29,186651.8,2053.17,277202.0,2494.82,224543.6,1571.81,22344.1,1787.53,165849.7,0.306,0.8485,0.9675,1.0,6835.02,20.8008,3000000
Denver,2024-01-14,325016.9,5850.3,66961.5,2276.69,283063.0,3396.76,142164.1,1563.8,235791.8,2122.13,204979.5,1434.86,26267.6,2101.41,177335.0,0.3115,0.7025,0.9568,1.0,7381.83,20.5709,3000000
Denver,2024-01-21,402359.3,7242.47,76120.1,2588.08,250732.9,3008.8,167349.4,1840.84,219756.0,1977.8,163539.1,1144.77,26191.0,2095.28,160191.1,0.321,0.8663,0.9916,0.0,5738.09,21.3197,3000000
Denver,2024-01-28,409117.2,7364.11,75491.3,2566.7,287823.0,3453.88,188480.2,2073.28,264457.8,2380.12,162454.9,1137.18,31395.8,2511.67,167739.1,0.3364,0.7648,0.9915,0.0,6540.26,21.3179,3000000
Denver,2024-02-04,337094.5,6067.7,74527.6,2533.94,304728.9,3656.75,201237.1,2213.61,314514.0,2830.63,224775.7,1573.43,31075.2,2486.02,163269.2,0.3601,0.9609,0.965,1.0,7186.8,20.7479,3000000
Denver,2024-02-11,311733.3,5611.2,84898.0,2886.53,340109.6,4081.32,177332.5,1950.66,303803.1,2734.23,214492.4,1501.45,23888.9,1911.11,171997.7,0.3947,0.7798,0.9921,0.0,6521.42,21.3308,3000000
Denver,2024-02-18,390673.6,7032.12,94008.2,3196.28,300741.0,3608.89,180286.3,1983.15,290151.4,2611.36,196689.9,1376.83,26561.9,2124.95,189251.6,0.4423,0.9028,1.0,0.0,6960.15,21.5005,3000000
Denver,2024-02-25,451731.0,8131.16,100735.4,3425.0,354006.6,4248.08,203165.6,2234.82,277586.6,2498.28,224310.2,1570.17,33723.3,2697.86,192718.2,0.5037,1.0798,0.9845,0.0,7140.5,21.1676,3000000
Denver,2024-03-03,373989.1,6731.8,104967.8,3568.9,296286.9,3555.44,222614.1,2448.76,341845.4,3076.61,205187.3,1436.31,35197.7,2815.82,233762.1,0.5781,0.9712,1.0068,0.0,8459.89,21.6463,3000000
Denver,2024-03-10,521206.1,9381.71,91380.7,3106.94,389282.2,4671.39,248106.6,2729.17,388548.9,3496.94,186333.8,1304.34,38949.5,3115.96,236661.4,0.6618,1.3182,0.9976,0.0,8333.83,21.4492,3000000
Denver,2024-03-17,525751.9,9463.53,130834.6,4448.38,403403.6,4840.84,266051.9,2926.57,308293.6,2774.64,183917.9,1287.43,37517.2,3001.37,216287.7,0.7487,1.1245,1.0055,0.0,8937.99,21.6181,3000000
Denver,2024-03-24,529976.9,9539.58,125266.9,4259.08,464316.7,5571.8,258828.0,2847.11,447348.7,4026.14,189783.4,1328.48,40039.4,3203.15,273721.1,0.8305,1.457,0.955,1.0,10644.07,20.5329,3000000
Denver,2024-03-31,534932.8,9628.79,115376.6,3922.81,471906.6,5662.88,232348.7,2555.84,470978.5,4238.81,206329.1,1444.3,47777.7,3822.22,280538.5,0.8979,1.5159,0.9478,1.0,11353.11,20.3784,3000000
Denver,2024-04-07,606659.1,10919.86,114681.7,3899.18,429164.2,5149.97,282800.1,3110.8,436323.0,3926.91,208630.4,1460.41,45671.3,3653.7,310694.1,0.9424,1.4845,1.0132,0.0,10282.27,21.7832,3000000
Denver,2024-04-14,632601.5,11386.83,143160.6,4867.46,414634.6,4975.62,258948.2,2848.43,366380.6,3297.43,208231.3,1457.62,40804.9,3264.39,317932.2,0.958,1.64,0.9918,0.0,10388.52,21.3243,3000000
Denver,2024-04-21,494743.6,8905.39,114543.8,3894.49,520046.5,6240.56,232968.6,2562.65,394435.9,3549.92,214512.3,1501.59,36697.3,2935.78,289891.3,0.9424,1.4627,0.9892,0.0,10721.46,21.2683,3000000
Denver,2024-04-28,491992.0,8855.86,137463.5,4673.76,409401.5,4912.82,231533.8,2546.87,381880.3,3436.92,224173.2,1569.21,48893.4,3911.47,296875.4,0.8979,1.4907,1.0023,0.0,10650.49,21.5484,3000000
Denver,2024-05-05,559527.5,10071.5,108915.0,3703.11,463478.9,5561.75,283125.4,3114.38,425141.1,3826.27,231439.5,1620.08,35232.1,2818.57,293685.7,0.8305,1.1862,1.0001,0.0,9544.72,21.5014,3000000
Denver,2024-05-12,573462.4,10322.32,93129.4,3166.4,468251.3,5619.02,263946.6,2903.41,344765.1,3102.89,170863.8,1196.05,39581.3,3166.5,265748.4,0.7487,1.3384,0.9972,0.0,9160.22,21.4404,3000000
Denver,2024-05-19,406170.7,7311.07,110021.6,3740.73,344088.9,4129.07,255315.2,2808.47,363590.3,3272.31,237952.8,1665.67,34233.7,2738.69,218087.1,0.6618,1.1282,0.9363,1.0,9531.98,20.1309,3000000
Denver,2024-05-26,441675.8,7950.16,102944.0,3500.1,393553.8,4722.65,177907.7,1956.98,343531.5,3091.78,217519.2,1522.63,27795.0,2223.6,207379.4,0.5782,1.0198,0.9808,0.0,7464.78,21.0867,3000000
Denver,2024-06-02,421575.1,7588.35,102689.5,3491.44,321585.2,3859.02,182377.9,2006.16,314086.3,2826.78,175702.9,1229.92,31958.9,2556.71,192989.8,0.5041,0.9472,1.0017,0.0,7728.22,21.5366,3000000
Denver,2024-06-09,419074.3,7543.34,76741.5,2609.21,306690.8,3680.29,217393.8,2391.33,303156.3,2728.41,171590.2,1201.13,29313.6,2345.09,199229.7,0.4433,0.8085,1.0023,0.0,7872.26,21.5496,3000000
Denver,2024-06-16,405239.8,7294.32,100095.3,3403.24,347287.0,4167.44,198824.7,2187.07,231479.9,2083.32,171558.1,1200.91,28590.0,2287.2,172825.2,0.397,0.9509,0.9802,0.0,6846.57,21.0742,3000000
Denver,2024-06-23,324910.6,5848.39,79338.2,2697.5,245642.3,2947.71,181216.2,1993.38,290657.4,2615.92,173175.8,1212.23,24603.4,1968.27,171086.8,0.365,0.8567,0.9862,0.0,6395.3,21.2041,3000000
Denver,2024-06-30,372754.2,6709.58,86366.8,2936.47,266473.3,3197.68,169173.5,1860.91,307245.2,2765.21,218217.4,1527.52,30705.1,2456.41,170001.6,0.3463,0.7253,0.9805,0.0,6672.84,21.0798,3000000
Denver,2024-07-07,394149.1,7094.68,82333.3,2799.33,311069.7,3732.84,199860.7,2198.47,261121.5,2350.09,169330.5,1185.31,31416.8,2513.34,182774.8,0.3399,0.7827,0.9328,1.0,7534.87,20.0544,3000000
Denver,2024-07-14,366965.7,6605.38,87761.6,2983.89,321566.8,3858.8,170951.0,1880.46,304384.5,2739.46,186178.4,1303.25,26733.8,2138.71,182517.7,0.3456,0.7479,0.936,1.0,7087.67,20.1244,3000000
Denver,2024-07-21,402147.3,7238.65,74577.1,2535.62,296941.4,3563.3,157804.6,1735.85,265421.1,2388.79,205161.5,1436.13,24495.7,1959.66,169354.8,0.3634,0.9582,0.9622,1.0,7104.41,20.6878,3000000
Denver,2024-07-28,321871.2,5793.68,76787.4,2610.77,263255.8,3159.07,177497.8,1952.48,243988.7,2195.9,217815.9,1524.71,27223.8,2177.91,176091.4,0.3939,0.9936,0.9857,0.0,6293.79,21.1934,3000000
Denver,2024-08-04,418162.6,7526.93,86439.9,2938.96,322814.5,3873.77,164828.6,1813.11,297005.4,2673.05,221831.0,1552.82,25305.9,2024.47,176476.8,0.4366,0.9144,0.9979,0.0,6615.75,21.454,3000000
Denver,2024-08-11,468184.2,8427.31,88000.8,2992.03,306053.7,3672.64,169861.6,1868.48,334358.0,3009.22,201928.4,1413.5,28341.9,2267.35,168204.9,0.4895,0.8646,1.0152,0.0,6695.01,21.827,3000000
Denver,2024-08-18,493044.0,8874.79,100294.8,3410.02,372201.9,4466.42,206959.2,2276.55,294424.4,2649.82,199879.9,1399.16,36795.4,2943.63,216374.2,0.5483,1.1158,0.9347,1.0,8764.47,20.0953,3000000
Denver,2024-08-25,400262.4,7204.72,86162.6,2929.53,396283.8,4755.41,202685.8,2229.54,282080.4,2538.72,233762.0,1636.33,32620.8,2609.66,210718.8,0.606,1.2014,1.0116,0.0,7949.47,21.7496,3000000
Denver,2024-09-01,397151.4,7148.72,115190.1,3916.46,388565.2,4662.78,225524.5,2480.77,288978.0,2600.8,215984.3,1511.89,29407.7,2352.61,193169.6,0.6545,1.0253,0.9936,0.0,7774.53,21.3617,3000000
Denver,2024-09-08,539051.5,9702.93,126421.5,4298.33,421766.0,5061.19,225521.7,2480.74,348490.3,3136.41,202223.2,1415.56,35498.4,2839.87,205548.2,0.6859,1.2986,0.9945,0.0,7689.31,21.3813,3000000
Denver,2024-09-15,426234.0,7672.21,100175.0,3405.95,416075.2,4992.9,265316.2,2918.48,402973.7,3626.76,176915.3,1238.41,31749.2,2539.93,244979.0,0.6946,1.0904,0.9849,0.0,8650.94,21.1748,3000000
Denver,2024-09-22,526589.6,9478.61,117814.9,4005.71,434672.6,5216.07,222253.8,2444.79,327891.9,2951.03,180862.4,1266.04,31944.8,2555.58,229282.5,0.679,1.054,0.9982,0.0,7809.72,21.462,3000000
Denver,2024-09-29,472443.2,8503.98,102073.0,3470.48,382712.9,4592.55,231895.0,2550.84,280118.4,2521.07,178955.1,1252.69,39761.5,3180.92,198605.6,0.642,1.1599,0.9974,0.0,8010.16,21.4435,3000000
Denver,2024-10-06,400703.2,7212.66,109373.6,3718.7,399334.9,4792.02,220670.6,2427.38,314172.8,2827.56,182244.5,1275.71,31255.1,2500.41,210262.9,0.5899,1.0955,1.0128,0.0,8021.3,21.7746,3000000
Denver,2024-10-13,481931.0,8674.76,110333.8,3751.35,385764.8,4629.18,186734.3,2054.08,313485.0,2821.37,170729.2,1195.1,37975.1,3038.01,227221.4,0.5309,0.9429,0.9377,1.0,9018.81,20.1609,3000000
Denver,2024-10-20,334011.9,6012.21,95832.3,3258.3,311258.2,3735.1,164755.8,1812.31,271935.0,2447.42,227288.8,1591.02,29237.5,2339.0,201971.9,0.4728,0.932,0.9889,0.0,7270.69,21.2617,3000000
Denver,2024-10-27,338538.3,6093.69,97897.0,3328.5,308748.7,3704.98,206248.9,2268.74,328888.5,2960.0,193417.6,1353.92,26978.5,2158.28,161098.2,0.4214,0.9098,0.9804,0.0,5743.46,21.0792,3000000
Denver,2024-11-03,422327.7,7601.9,86421.9,2938.34,247566.3,2970.8,177402.3,1951.43,296774.5,2670.97,192048.2,1344.34,32645.2,2611.61,177127.3,0.3802,0.7865,1.0185,0.0,6664.55,21.8984,3000000
Denver,2024-11-10,322771.0,5809.88,68285.9,2321.72,331132.0,3973.58,179990.0,1979.89,295575.9,2660.18,175701.5,1229.91,29646.4,2371.71,169031.1,0.3497,0.9651,0.9472,1.0,7097.43,20.3642,3000000
Denver,2024-11-17,400120.4,7202.17,91001.9,3094.06,283628.3,3403.54,170807.2,1878.88,263867.5,2374.81,208013.8,1456.1,24016.8,1921.35,149179.4,0.329,0.827,1.019,0.0,6088.09,21.9087,3000000
Denver,2024-11-24,341993.0,6155.87,79149.3,2691.08,321654.1,3859.85,160326.2,1763.59,235190.7,2116.72,220344.5,1542.41,22899.5,1831.96,168001.6,0.3159,0.732,0.9833,0.0,6382.29,21.1408,3000000
Denver,2024-12-01,324557.5,5842.04,88681.5,3015.17,252672.6,3032.07,177605.6,1953.66,286979.4,2582.81,187606.7,1313.25,26383.3,2110.67,174448.1,0.3082,0.8847,0.9969,0.0,6332.14,21.4338,3000000
Denver,2024-12-08,322826.9,5810.88,74740.7,2541.19,290396.5,3484.76,196572.3,2162.29,247814.3,2230.33,225490.9,1578.44,28628.3,2290.26,165909.0,0.3039,0.7189,0.988,0.0,6270.87,21.2427,3000000
Denver,2024-12-15,358982.3,6461.68,88639.7,3013.75,319947.5,3839.37,187214.1,2059.35,246831.0,2221.48,173180.7,1212.26,23673.9,1893.91,147583.0,0.3018,0.7353,1.0182,0.0,5814.1,21.891,3000000
Denver,2024-12-22,329646.8,5933.64,76517.7,2601.6,255209.2,3062.51,147131.1,1618.44,216922.7,1952.3,181420.6,1269.94,28666.4,2293.31,147639.9,0.3008,0.7105,0.9678,1.0,7158.75,20.808,3000000
Denver,2024-12-29,299813.7,5396.65,87043.0,2959.46,294119.0,3529.43,153669.1,1690.36,214287.2,1928.58,172211.4,1205.48,21941.1,1755.29,149741.2,0.3003,0.8586,1.0058,0.0,5393.87,21.6244,3000000
Denver,2025-01-05,331951.0,5975.12,90160.0,3065.44,290326.9,3483.92,199519.4,2194.71,294722.8,2652.51,190782.1,1335.47,24976.9,1998.15,172676.6,0.305,0.8935,0.9488,1.0,6843.63,20.3986,3000000
Denver,2025-01-12,328903.7,5920.27,68399.5,2325.58,279703.0,3356.44,193756.7,2131.32,292590.3,2633.31,165713.3,1159.99,31069.6,2485.56,152475.3,0.3096,0.8893,0.9976,0.0,5974.41,21.4474,3000000
Denver,2025-01-19,362502.9,6525.05,87314.1,2968.68,285926.6,3431.12,195633.9,2151.97,293390.0,2640.51,209723.1,1468.06,27119.2,2169.54,173137.4,0.3178,0.8856,0.9956,0.0,5763.01,21.4048,3000000
Denver,2025-01-26,413515.5,7443.28,91847.5,3122.81,280479.7,3365.76,176237.9,1938.62,221240.1,1991.16,159072.7,1113.51,23986.9,1918.95,175092.9,0.3312,0.7067,0.9454,1.0,7440.06,20.3253,3000000
Denver,2025-02-02,329722.6,5935.01,96031.5,3265.07,249135.5,2989.63,185233.2,2037.57,266022.9,2394.21,227154.9,1590.08,32742.0,2619.36,165299.9,0.3524,0.8784,1.0109,0.0,5970.05,21.7352,3000000
Denver,2025-02-09,373147.2,6716.65,98307.6,3342.46,304857.1,3658.29,171341.1,1884.75,303156.0,2728.4,215713.4,1509.99,33239.3,2659.14,183394.3,0.3836,0.8051,1.0011,0.0,6651.87,21.5234,3000000
Denver,2025-02-16,441216.5,7941.9,83216.9,2829.37,302960.4,3635.53,158579.2,1744.37,304545.6,2740.91,225092.8,1575.65,24689.5,1975.16,159891.2,0.4273,1.0172,1.0195,0.0,6610.27,21.919,3000000
Denver,2025-02-23,352233.4,6340.2,89640.9,3047.79,383754.2,4605.05,224583.6,2470.42,327776.6,2949.99,217742.3,1524.2,29510.2,2360.82,191516.1,0.4848,0.8509,1.0114,0.0,7104.35,21.7443,3000000
Denver,2025-03-02,453460.0,8162.28,91294.0,3103.99,298629.6,3583.55,243863.0,2682.49,345281.4,3107.53,198974.6,1392.82,32660.1,2612.81,194698.1,0.5557,0.9065,0.9955,0.0,7205.0,21.4027,3000000
Denver,2025-03-09,479736.0,8635.25,96227.0,3271.72,402440.8,4829.29,220606.4,2426.67,393977.4,3545.8,171197.4,1198.38,39420.3,3153.63,221139.1,0.6372,1.1596,0.9868,0.0,8762.34,21.217,3000000
Denver,2025-03-16,534462.2,9620.32,124609.4,4236.72,356773.3,4281.28,248393.8,2732.33,419487.7,3775.39,208971.4,1462.8,32699.9,2615.99,245943.6,0.724,1.0696,0.9915,0.0,9104.73,21.3167,3000000
Denver,2025-03-23,483354.4,8700.38,114366.1,3888.45,430163.9,5161.97,212831.6,2341.15,353637.7,3182.74,243758.0,1706.31,42932.6,3434.61,234361.3,0.8082,1.1413,0.9411,1.0,10541.61,20.2329,3000000
Denver,2025-03-30,444357.2,7998.43,108650.8,3694.13,496475.4,5957.7,279226.7,3071.49,401844.7,3616.6,224169.6,1569.19,44335.9,3546.88,291424.0,0.8807,1.4159,1.0083,0.0,9706.21,21.6787,3000000
Denver,2025-04-06,574978.8,10349.62,141082.6,4796.81,398860.1,4786.32,262420.0,2886.62,412371.1,3711.34,207971.0,1455.8,35879.9,2870.39,307689.5,0.9325,1.5395,0.9676,1.0,11554.04,20.8041,3000000
Denver,2025-04-13,539959.3,9719.27,127438.8,4332.92,532988.0,6395.86,290248.7,3192.74,347883.3,3130.95,239532.0,1676.72,37543.2,3003.45,288886.0,0.9567,1.5853,0.9963,0.0,9698.93,21.4199,3000000
Denver,2025-04-20,593605.2,10684.89,151346.1,5145.77,441507.9,5298.09,233437.5,2567.81,342351.3,3081.16,240379.9,1682.66,39448.1,3155.85,272713.7,0.95,1.3535,1.0042,0.0,9931.67,21.5909,3000000
Denver,2025-04-27,562830.2,10130.94,105826.0,3598.08,432018.0,5184.22,257972.6,2837.7,364916.1,3284.24,201185.8,1408.3,40736.2,3258.89,283828.0,0.9133,1.4117,1.0179,0.0,10565.17,21.8859,3000000
Denver,2025-05-04,568613.0,10235.03,113215.8,3849.34,361203.7,4334.44,228847.6,2517.32,456442.3,4107.98,237712.1,1663.98,34865.6,2789.25,293085.4,0.8517,1.4245,0.9333,1.0,10789.18,20.0662,3000000
Denver,2025-05-11,584214.8,10515.87,108187.5,3678.38,352589.9,4231.08,217127.7,2388.4,330985.4,2978.87,228733.9,1601.14,44303.0,3544.24,252540.4,0.773,1.3765,0.9879,0.0,8826.66,21.2397,3000000
Denver,2025-05-18,447429.5,8053.73,108359.1,3684.21,322887.6,3874.65,264805.2,2912.86,378837.2,3409.54,195786.9,1370.51,33380.3,2670.42,240685.6,0.6867,1.2767,1.0004,0.0,9061.94,21.5088,3000000
Denver,2025-05-25,415922.1,7486.6,96445.3,3279.14,345532.5,4146.39,244854.3,2693.4,298458.9,2686.13,176623.6,1236.37,31253.0,2500.24,237282.0,0.6014,1.0164,1.0025,0.0,8536.72,21.5528,3000000
Denver,2025-06-01,442297.4,7961.35,102516.4,3485.56,304702.6,3656.43,201118.2,2212.3,297887.3,2680.99,227508.6,1592.56,32515.1,2601.21,177852.7,0.5241,0.9891,0.9949,0.0,6906.43,21.3909,3000000
Denver,2025-06-08,435477.7,7838.6,100651.3,3422.15,347205.8,4166.47,195451.2,2149.96,274511.6,2470.6,170855.6,1195.99,35550.0,2844.0,176040.3,0.4592,1.0223,0.9971,0.0,6874.95,21.437,3000000
Denver,2025-06-15,376572.8,6778.31,83250.1,2830.5,266319.4,3195.83,162587.6,1788.46,286416.8,2577.75,224683.4,1572.78,30520.2,2441.61,194213.0,0.4087,0.8346,0.9846,0.0,6753.18,21.1694,3000000
Denver,2025-06-22,400063.2,7201.14,79748.9,2711.46,331924.9,3983.1,185389.2,2039.28,301134.2,2710.21,220118.5,1540.83,23817.0,1905.36,191379.6,0.3728,0.8431,1.0148,0.0,6895.3,21.819,3000000
Denver,2025-06-29,420740.6,7573.33,84185.5,2862.31,294388.4,3532.66,148490.1,1633.39,300559.0,2705.03,200073.8,1400.52,27243.1,2179.45,193096.1,0.3504,0.8516,1.0178,0.0,7477.91,21.8822,3000000
Denver,2025-07-06,417787.1,7520.17,95805.2,3257.38,243879.9,2926.56,167254.5,1839.8,247467.2,2227.2,175502.0,1228.51,28959.7,2316.77,171318.9,0.3405,0.9367,0.9972,0.0,6374.75,21.4394,3000000
Denver,2025-07-13,373837.6,6729.08,89957.8,3058.56,317821.1,3813.85,185843.6,2044.28,306699.8,2760.3,172590.1,1208.13,31404.7,2512.38,166707.5,0.3427,0.8295,1.0116,0.0,6542.48,21.7485,3000000
Denver,2025-07-20,353760.5,6367.69,86618.1,2945.01,329269.9,3951.24,153563.7,1689.2,231671.5,2085.04,189885.2,1329.2,25362.8,2029.02,185630.7,0.357,0.8172,1.0089,0.0,6258.35,21.6909,3000000
Denver,2025-07-27,360707.0,6492.73,85323.0,2900.98,336720.7,4040.65,156005.3,1716.06,254874.9,2293.87,211582.6,1481.08,28266.4,2261.31,190163.6,0.3839,0.9458,1.0038,0.0,7117.26,21.5823,3000000
Denver,2025-08-03,326938.8,5884.9,93917.7,3193.2,366374.2,4396.49,201470.4,2216.17,318966.5,2870.7,181721.9,1272.05,31480.8,2518.47,174532.7,0.4232,1.0351,0.9338,1.0,8135.74,20.0766,3000000
Denver,2025-08-10,386279.5,6953.03,101371.3,3446.62,286186.2,3434.23,202542.9,2227.97,254385.1,2289.47,168031.2,1176.22,32949.6,2635.97,186169.2,0.4736,1.0549,0.9823,0.0,7558.31,21.1205,3000000
Denver,2025-08-17,462683.0,8328.29,80261.6,2728.89,342954.6,4115.45,177497.2,1952.47,293632.7,2642.69,230751.0,1615.26,32307.4,2584.59,188356.3,0.5313,0.9423,1.0115,0.0,7811.54,21.7467,3000000
Denver,2025-08-24,425677.2,7662.19,103338.6,3513.51,328040.1,3936.48,228625.2,2514.88,307913.4,2771.22,189417.2,1325.92,33068.0,2645.44,246722.7,0.5901,1.0399,1.01,0.0,8265.92,21.7148,3000000
Denver,2025-08-31,449544.3,8091.8,116974.7,3977.14,382364.3,4588.37,216839.2,2385.23,344912.3,3104.21,237588.6,1663.12,34556.6,2764.53,229701.3,0.6421,1.2437,1.0144,0.0,8005.97,21.8087,3000000
Denver,2025-09-07,419564.9,7552.17,108943.0,3704.06,325508.8,3906.11,255945.4,2815.4,400391.1,3603.52,226624.4,1586.37,40200.1,3216.01,217699.6,0.679,1.2725,1.0169,0.0,8187.28,21.8642,3000000
Denver,2025-09-14,549964.2,9899.36,95870.7,3259.6,448970.1,5387.64,273351.1,3006.86,381369.1,3432.32,174901.7,1224.31,37996.5,3039.72,250422.6,0.6946,1.2683,1.0161,0.0,8613.35,21.8468,3000000
Denver,2025-09-21,432519.4,7785.35,126967.8,4316.91,380971.8,4571.66,192472.8,2117.2,398386.1,3585.47,228262.9,1597.84,32195.3,2575.63,239730.7,0.6858,1.3127,1.0047,0.0,8901.65,21.6016,3000000
Denver,2025-09-28,404197.6,7275.56,95260.5,3238.86,306472.6,3677.67,255198.7,2807.19,334641.4,3011.77,215504.1,1508.53,38546.0,3083.68,244761.3,0.6545,1.0514,0.9951,0.0,8742.57,21.3955,3000000
Denver,2025-10-05,509592.3,9172.66,91568.5,3113.33,382656.6,4591.88,226300.3,2489.3,342488.3,3082.39,222293.1,1556.05,37175.6,2974.05,236566.0,0.6059,1.2209,1.0088,0.0,7725.95,21.6895,3000000
Denver,2025-10-12,483786.1,8708.15,112117.5,3811.99,389452.6,4673.43,246273.2,2709.01,333439.4,3000.95,230952.9,1616.67,37410.0,2992.8,212920.6,0.548,1.1665,1.0063,0.0,7473.84,21.6363,3000000
Denver,2025-10-19,341092.3,6139.66,83858.1,2851.17,345614.3,4147.37,195744.5,2153.19,301542.8,2713.89,223067.9,1561.48,33266.6,2661.33,182034.0,0.4889,1.0574,0.9903,0.0,7904.96,21.2919,3000000
Denver,2025-10-26,360740.3,6493.32,76064.4,2586.19,287637.8,3451.65,185505.3,2040.56,317996.9,2861.97,213355.2,1493.49,26246.8,2099.74,162527.8,0.4351,0.9528,1.0052,0.0,6541.52,21.6118,3000000
Denver,2025-11-02,356574.9,6418.35,94526.6,3213.9,305485.6,3665.83,181250.3,1993.75,239974.4,2159.77,164083.3,1148.58,31870.6,2549.65,164458.1,0.3908,0.9907,0.9465,1.0,7167.13,20.3499,3000000
Denver,2025-11-09,311749.5,5611.49,93279.9,3171.51,332892.8,3994.71,202858.0,2231.44,280886.5,2527.98,169821.0,1188.75,26232.5,2098.6,163951.4,0.3573,0.9627,0.9892,0.0,5686.59,21.2686,3000000
Denver,2025-11-16,327290.9,5891.24,81234.2,2761.96,326511.5,3918.14,188858.4,2077.44,240769.8,2166.93,178442.2,1249.1,23918.2,1913.46,183153.5,0.334,0.7237,1.0092,0.0,6692.11,21.6977,3000000
Denver,2025-11-23,376663.9,6779.95,66544.7,2262.52,235087.3,2821.05,151423.1,1665.65,270882.4,2437.94,216902.8,1518.32,24193.5,1935.48,161613.0,0.319,0.7594,0.9816,0.0,6222.23,21.1038,3000000
Denver,2025-11-30,295544.5,5319.8,76598.4,2604.34,232941.2,2795.29,152052.8,1672.58,252470.7,2272.24,197860.7,1385.02,25820.5,2065.64,170273.9,0.3099,0.7071,0.9948,0.0,6077.47,21.3885,3000000
Denver,2025-12-07,287340.2,5172.12,72485.1,2464.49,326438.4,3917.26,167881.9,1846.7,293343.3,2640.09,199390.8,1395.74,30129.9,2410.39,162896.3,0.3049,0.7595,1.0073,0.0,5950.4,21.6564,3000000
Denver,2025-12-14,315947.2,5687.05,87474.5,2974.13,329657.6,3955.89,183773.6,2021.51,216683.6,1950.15,177642.5,1243.5,24529.7,1962.38,154600.3,0.3023,0.8217,0.9505,1.0,6939.77,20.4349,3000000
Denver,2025-12-21,283160.8,5096.89,65340.7,2221.58,314786.5,3777.44,167118.0,1838.3,227042.5,2043.38,192501.4,1347.51,26101.7,2088.14,143656.3,0.301,0.6936,1.0184,0.0,5770.28,21.8949,3000000
Charlotte,2023-01-01,357066.6,6427.2,90086.3,3062.94,415937.3,4991.25,147466.1,1622.13,285786.0,2572.07,157888.3,1105.22,26187.6,2095.01,165214.4,0.3039,0.7148,1.0132,0.0,5852.36,21.7844,2900000
Charlotte,2023-01-08,307841.0,5541.14,73840.7,2510.58,435366.1,5224.39,120662.6,1327.29,239033.9,2151.3,214870.2,1504.09,34960.7,2796.85,142811.8,0.3078,0.7498,0.9921,0.0,6096.88,21.3304,2900000
Charlotte,2023-01-15,350678.6,6312.21,91474.5,3110.13,398553.6,4782.64,158222.8,1740.45,289956.6,2609.61,199699.7,1397.9,29816.1,2385.29,151969.8,0.3148,0.7983,0.935,1.0,7152.13,20.1026,2900000
Charlotte,2023-01-22,333110.5,5995.99,78066.4,2654.26,322647.2,3871.77,127024.8,1397.27,209527.5,1885.75,200967.5,1406.77,27865.2,2229.22,171958.3,0.3266,0.758,0.9842,0.0,6029.36,21.1613,2900000
Charlotte,2023-01-29,294542.9,5301.77,74831.5,2544.27,354230.4,4250.77,166523.3,1831.76,293358.8,2640.23,169394.2,1185.76,29888.0,2391.04,178986.0,0.3459,0.8597,0.99,0.0,6116.91,21.2846,2900000
Charlotte,2023-02-05,316680.3,5700.24,93070.7,3164.4,386295.9,4635.55,147262.1,1619.88,220407.6,1983.67,190969.7,1336.79,31305.1,2504.41,188425.0,0.3753,0.7452,1.0165,0.0,6243.24,21.8554,2900000
Charlotte,2023-02-12,406385.4,7314.94,90236.9,3068.06,443158.2,5317.9,158213.5,1740.35,237554.1,2137.99,219781.3,1538.47,35360.8,2828.86,180439.3,0.4179,1.053,0.9611,1.0,7230.1,20.6638,2900000
Charlotte,2023-02-19,339192.1,6105.46,74217.6,2523.4,415257.4,4983.09,175617.6,1931.79,308070.9,2772.64,167101.6,1169.71,32940.5,2635.24,205708.9,0.4758,1.1178,1.0131,0.0,7091.69,21.7822,2900000
Charlotte,2023-02-26,420445.5,7568.02,86473.9,2940.11,510215.7,6122.59,165784.2,1823.63,279464.6,2515.18,198148.2,1387.04,29900.8,2392.07,232912.7,0.55,0.9457,1.0057,0.0,8140.0,21.6236,2900000
Charlotte,2023-03-05,369655.4,6653.8,103702.8,3525.9,464850.4,5578.2,185542.4,2040.97,330934.6,2978.41,209116.0,1463.81,37569.2,3005.53,223602.0,0.6389,0.9863,0.9333,1.0,9756.37,20.0654,2900000
Charlotte,2023-03-12,438224.9,7888.05,110422.8,3754.38,532519.7,6390.24,205185.3,2257.04,382242.8,3440.19,168867.3,1182.07,39127.2,3130.18,235314.3,0.7379,1.065,0.9944,0.0,8828.6,21.3793,2900000
Charlotte,2023-03-19,432553.7,7785.97,126376.6,4296.81,489044.2,5868.53,183831.1,2022.14,401883.5,3616.95,214041.5,1498.29,41866.9,3349.35,269660.1,0.8394,1.34,1.0005,0.0,9330.53,21.5111,2900000
Charlotte,2023-03-26,466693.0,8400.47,105488.7,3586.62,565353.6,6784.24,240835.1,2649.19,315381.7,2838.44,197504.2,1382.53,41239.7,3299.18,268285.6,0.9334,1.2446,0.9935,0.0,10523.44,21.3605,2900000
Charlotte,2023-04-02,478970.0,8621.46,119297.6,4056.12,520987.4,6251.85,203079.0,2233.87,428906.5,3860.16,194185.5,1359.3,55785.5,4462.84,269773.9,1.009,1.3269,1.0137,0.0,10217.89,21.7941,2900000
Charlotte,2023-04-09,488768.5,8797.83,112571.5,3827.43,668646.7,8023.76,201561.3,2217.17,439965.6,3959.69,179357.3,1255.5,46561.1,3724.89,308130.4,1.0566,1.3721,1.0,0.0,11249.25,21.4991,2900000
Charlotte,2023-04-16,555429.5,9997.73,124232.9,4223.92,622348.9,7468.19,225162.3,2476.78,428392.8,3855.53,245035.7,1715.25,56831.4,4546.51,328258.0,1.0696,1.4665,0.9921,0.0,10627.21,21.3307,2900000
Charlotte,2023-04-23,570163.1,10262.94,116311.9,3954.61,501463.3,6017.56,216637.9,2383.02,453039.4,4077.35,189929.9,1329.51,45403.2,3632.25,316922.4,1.0463,1.6028,0.9434,1.0,12163.25,20.2827,2900000
Charlotte,2023-04-30,584287.3,10517.17,127810.1,4345.54,580772.3,6969.27,224232.9,2466.56,322397.4,2901.58,183828.6,1286.8,48284.2,3862.74,304147.5,0.9899,1.6604,1.0074,0.0,10524.61,21.6599,2900000
Charlotte,2023-05-07,447650.9,8057.72,126129.7,4288.41,602582.7,7230.99,199725.1,2196.98,341146.6,3070.32,181813.7,1272.7,39521.2,3161.69,276839.5,0.9079,1.3905,1.0189,0.0,9958.6,21.9068,2900000
Charlotte,2023-05-14,468180.5,8427.25,100166.8,3405.67,592208.9,7106.51,195038.7,2145.43,290218.1,2611.96,181618.9,1271.33,43434.5,3474.76,278590.4,0.8107,1.4831,0.9921,0.0,10087.8,21.3298,2900000
Charlotte,2023-05-21,410630.4,7391.35,90616.4,3080.96,590998.3,7091.98,171227.8,1883.51,306648.3,2759.83,188291.1,1318.04,39961.6,3196.93,238262.8,0.709,1.1,0.9545,1.0,9385.14,20.5213,2900000
Charlotte,2023-05-28,447468.3,8054.43,100819.6,3427.87,395710.1,4748.52,198593.1,2184.52,346142.5,3115.28,215591.1,1509.14,43965.8,3517.26,239639.9,0.6124,0.993,0.9601,1.0,9258.75,20.6426,2900000
Charlotte,2023-06-04,350893.1,6316.08,105936.1,3601.83,394475.3,4733.7,163394.3,1797.34,265179.7,2386.62,206851.5,1447.96,32893.1,2631.45,192654.5,0.5277,1.1542,0.9917,0.0,7400.51,21.3218,2900000
Charlotte,2023-06-11,370420.7,6667.57,83159.6,2827.43,425320.5,5103.85,162832.5,1791.16,307972.8,2771.76,168166.6,1177.17,35878.7,2870.3,193518.7,0.4589,1.0369,1.0113,0.0,6813.92,21.7424,2900000
Charlotte,2023-06-18,320180.6,5763.25,72132.5,2452.5,454771.0,5457.25,174632.5,1920.96,271421.6,2442.79,172361.7,1206.53,38305.0,3064.4,166060.4,0.4072,0.7862,1.0029,0.0,6799.23,21.5622,2900000
Charlotte,2023-06-25,342079.0,6157.42,92591.7,3148.12,365412.8,4384.95,157306.4,1730.37,249186.9,2242.68,159099.8,1113.7,30221.8,2417.74,169512.9,0.372,0.8183,1.0193,0.0,5991.13,21.9152,2900000
Charlotte,2023-07-02,403615.8,7265.08,94006.5,3196.22,384292.0,4611.5,129211.8,1421.33,226525.2,2038.73,157765.5,1104.36,34145.0,2731.6,178948.2,0.3523,0.7914,0.9963,0.0,6807.69,21.4206,2900000
Charlotte,2023-07-09,385249.5,6934.49,75059.1,2552.01,414014.3,4968.17,122412.5,1346.54,293826.6,2644.44,167772.8,1174.41,26163.0,2093.04,176991.5,0.3468,0.8941,1.0198,0.0,6520.63,21.9259,2900000
Charlotte,2023-07-16,307449.6,5534.09,93461.7,3177.7,365601.2,4387.21,151670.1,1668.37,251805.4,2266.25,173077.9,1211.55,27754.7,2220.38,143930.0,0.3554,0.8663,0.9959,0.0,6522.84,21.412,2900000
Charlotte,2023-07-23,304557.1,5482.03,90068.7,3062.34,360148.9,4321.79,144802.5,1592.83,283162.1,2548.46,194952.7,1364.67,30538.8,2443.1,151772.2,0.3784,0.7683,0.9673,1.0,7401.07,20.7966,2900000
Charlotte,2023-07-30,415248.8,7474.48,76425.0,2598.45,353165.0,4237.98,175177.2,1926.95,223844.8,2014.6,199805.2,1398.64,34287.1,2742.96,183848.5,0.4161,1.0522,1.0002,0.0,6910.78,21.5032,2900000
Charlotte,2023-08-06,314521.7,5661.39,96190.8,3270.49,386985.4,4643.82,189931.2,2089.24,281591.1,2534.32,192503.9,1347.53,34173.3,2733.86,186633.4,0.468,0.8608,0.9954,0.0,7237.85,21.4001,2900000
Charlotte,2023-08-13,388839.3,6999.11,81109.6,2757.72,520251.3,6243.02,171663.5,1888.3,318131.0,2863.18,225439.4,1578.08,34536.4,2762.91,211159.7,0.5314,1.1552,0.9433,1.0,8355.44,20.2808,2900000
Charlotte,2023-08-20,485400.7,8737.21,100749.0,3425.47,463877.4,5566.53,173943.3,1913.38,302657.3,2723.92,163687.6,1145.81,34715.6,2777.25,193692.6,0.6005,1.1263,1.0117,0.0,7753.75,21.7519,2900000
Charlotte,2023-08-27,402605.4,7246.9,90042.4,3061.44,580258.8,6963.11,216423.1,2380.65,379205.6,3412.85,225602.5,1579.22,32656.8,2612.55,219005.2,0.6671,1.2478,0.9915,0.0,8283.57,21.3163,2900000
Charlotte,2023-09-03,433502.6,7803.05,87182.8,2964.22,451701.7,5420.42,167622.7,1843.85,300803.1,2707.23,187288.3,1311.02,45498.2,3639.86,222498.8,0.7215,1.2052,0.9612,1.0,9587.04,20.6667,2900000
Charlotte,2023-09-10,491950.0,8855.1,116344.8,3955.72,489605.8,5875.27,180547.9,1986.03,399242.4,3593.18,186707.7,1306.95,48014.3,3841.14,216194.2,0.7547,1.3949,1.0112,0.0,8227.39,21.7402,2900000
Charlotte,2023-09-17,430289.8,7745.22,110452.1,3755.37,519308.5,6231.7,168743.7,1856.18,342656.7,3083.91,220961.6,1546.73,43508.0,3480.64,220196.2,0.7608,1.1891,0.9916,0.0,8435.51,21.3193,2900000
Charlotte,2023-09-24,461795.1,8312.31,116813.0,3971.64,517027.3,6204.33,164728.0,1812.01,383635.2,3452.72,229976.8,1609.84,39998.9,3199.91,226034.7,0.7387,1.3074,0.9323,1.0,9031.44,20.045,2900000
Charlotte,2023-10-01,372655.1,6707.79,101578.7,3453.68,419990.7,5039.89,164524.7,1809.77,313611.6,2822.5,218917.2,1532.42,46004.4,3680.35,231725.7,0.6924,1.2096,0.9984,0.0,8311.33,21.4654,2900000
Charlotte,2023-10-08,450347.7,8106.26,94563.6,3215.16,550234.3,6602.81,197060.1,2167.66,297170.2,2674.53,207437.7,1452.06,32585.0,2606.8,188720.3,0.6297,1.2206,1.0187,0.0,7519.63,21.9013,2900000
Charlotte,2023-10-15,359919.9,6478.56,85430.5,2904.64,476598.9,5719.19,197501.3,2172.51,312312.6,2810.81,215738.1,1510.17,30762.6,2461.01,198577.4,0.5602,0.9192,0.9523,1.0,8170.13,20.4749,2900000
Charlotte,2023-10-22,339050.1,6102.9,86213.3,2931.25,432284.8,5187.42,188555.7,2074.11,286418.1,2577.76,165815.3,1160.71,40466.1,3237.29,173335.9,0.493,0.8967,1.0042,0.0,6529.71,21.5897,2900000
Charlotte,2023-10-29,319198.2,5745.57,98046.9,3333.59,426119.7,5113.44,176886.8,1945.75,298980.7,2690.83,197261.8,1380.83,29770.4,2381.63,191047.7,0.4344,0.992,1.0168,0.0,6656.96,21.8609,2900000
Charlotte,2023-11-05,307966.8,5543.4,92886.8,3158.15,476694.8,5720.34,177728.8,1955.02,236743.7,2130.69,205640.6,1439.48,35142.2,2811.37,170035.4,0.3879,0.9378,1.0127,0.0,6411.77,21.7736,2900000
Charlotte,2023-11-12,317007.7,5706.14,91575.9,3113.58,442555.4,5310.67,126423.8,1390.66,281151.7,2530.37,161119.3,1127.84,35253.4,2820.27,152148.7,0.3541,0.8281,0.9968,0.0,6073.44,21.4317,2900000
Charlotte,2023-11-19,362447.0,6524.05,81863.2,2783.35,328541.4,3942.5,166205.6,1828.26,245205.2,2206.85,188392.6,1318.75,33051.5,2644.12,141013.6,0.3312,0.94,0.9902,0.0,6169.08,21.2892,2900000
Charlotte,2023-11-26,338744.8,6097.41,83579.4,2841.7,435516.1,5226.19,152910.8,1682.02,291248.8,2621.24,157488.7,1102.42,26384.1,2110.73,158074.1,0.3169,0.8089,0.9841,0.0,5779.45,21.1582,2900000
Charlotte,2023-12-03,365240.0,6574.32,78627.8,2673.35,422873.8,5074.49,125183.3,1377.02,236968.6,2132.72,189911.2,1329.38,34226.6,2738.13,162920.5,0.3086,0.8764,0.9473,1.0,6696.48,20.3671,2900000
Charlotte,2023-12-10,372136.0,6698.45,72395.5,2461.45,412021.2,4944.25,146973.2,1616.71,261933.9,2357.4,156842.5,1097.9,31528.7,2522.3,140255.4,0.3041,0.8602,0.953,1.0,6561.16,20.49,2900000
Charlotte,2023-12-17,381753.6,6871.57,82840.5,2816.58,445616.7,5347.4,129609.1,1425.7,242015.4,2178.14,170015.6,1190.11,26544.7,2123.57,150854.7,0.3019,0.9018,0.9977,0.0,5739.94,21.4502,2900000
Charlotte,2023-12-24,280535.0,5049.63,76062.8,2586.13,424332.0,5091.98,142574.4,1568.32,261101.8,2349.92,192086.6,1344.61,27549.7,2203.98,144108.6,0.3008,0.7009,0.9818,0.0,6321.59,21.1082,2900000
Charlotte,2023-12-31,312418.6,5623.53,75746.4,2575.38,444148.5,5329.78,143320.9,1576.53,282470.7,2542.24,194276.5,1359.94,28629.9,2290.39,144331.1,0.3003,0.7523,1.0132,0.0,6409.87,21.7832,2900000
Charlotte,2024-01-07,379059.1,6823.06,74526.0,2533.89,413412.0,4960.94,161933.7,1781.27,254363.9,2289.27,165671.1,1159.7,26599.4,2127.95,149756.3,0.3071,0.7974,1.0025,0.0,5927.19,21.5529,2900000
Charlotte,2024-01-14,364500.2,6561.0,81438.0,2768.89,448563.3,5382.76,159025.3,1749.28,251602.8,2264.42,180175.3,1261.23,32930.6,2634.44,142163.5,0.3135,0.845,1.0136,0.0,5930.01,21.7917,2900000
Charlotte,2024-01-21,369172.2,6645.1,71704.3,2437.95,375628.3,4507.54,140171.6,1541.89,283594.8,2552.35,208264.6,1457.85,33953.8,2716.3,157538.5,0.3246,0.9124,1.011,0.0,5944.2,21.7358,2900000
Charlotte,2024-01-28,363335.4,6540.04,90093.1,3063.16,341337.7,4096.05,127150.7,1398.66,255175.4,2296.58,169135.1,1183.95,33809.7,2704.77,148842.9,0.3426,0.8729,0.9849,0.0,6021.99,21.1759,2900000
Charlotte,2024-02-04,355855.7,6405.4,73862.0,2511.31,440398.4,5284.78,144658.9,1591.25,238947.3,2150.53,172863.1,1210.04,32351.6,2588.13,178067.4,0.3704,0.8988,0.9448,1.0,7025.41,20.3141,2900000
Charlotte,2024-02-11,422268.6,7600.83,84630.2,2877.43,425409.7,5104.92,144860.7,1593.47,310504.7,2794.54,190644.7,1334.51,27076.9,2166.15,193481.5,0.4109,0.7749,0.9896,0.0,6561.35,21.2761,2900000
Charlotte,2024-02-18,433177.1,7797.19,74371.2,2528.62,436424.6,5237.09,154768.7,1702.46,282311.4,2540.8,200292.4,1402.05,39951.9,3196.15,199121.7,0.4665,1.0728,1.0167,0.0,6913.57,21.8599,2900000
Charlotte,2024-02-25,448676.3,8076.17,91630.2,3115.43,489227.1,5870.73,169914.6,1869.06,282346.0,2541.11,215792.1,1510.54,35511.1,2840.89,200153.7,0.5384,1.0434,1.0018,0.0,7278.93,21.5388,2900000
Charlotte,2024-03-03,424476.9,7640.59,91708.9,3118.1,522184.3,6266.21,161099.6,1772.1,349655.1,3146.9,171508.2,1200.56,35082.5,2806.6,230664.3,0.6254,1.129,0.9812,0.0,7884.35,21.095,2900000
Charlotte,2024-03-10,510358.1,9186.45,91870.5,3123.6,564044.4,6768.53,175799.4,1933.79,328799.8,2959.2,167351.1,1171.46,34161.0,2732.88,213081.3,0.7234,1.2482,0.9895,0.0,8400.45,21.2752,2900000
Charlotte,2024-03-17,522113.7,9398.05,102194.0,3474.59,590776.2,7089.31,191014.1,2101.16,382457.2,3442.11,166908.2,1168.36,43410.8,3472.86,228816.0,0.8251,1.4158,0.9604,1.0,10086.07,20.6493,2900000
Charlotte,2024-03-24,544326.4,9797.88,111328.4,3785.17,524595.8,6295.15,222841.7,2451.26,378228.7,3404.06,176968.3,1238.78,42124.6,3369.97,276976.1,0.9208,1.2083,0.9903,0.0,8977.52,21.2912,2900000
Charlotte,2024-03-31,542618.1,9767.13,133911.8,4553.0,590816.2,7089.79,239676.3,2636.44,425541.4,3829.87,240210.6,1681.47,50899.7,4071.98,280165.4,0.9997,1.5763,1.0072,0.0,10036.59,21.6553,2900000
Charlotte,2024-04-07,590504.9,10629.09,117121.9,3982.15,689232.3,8270.79,199371.8,2193.09,430553.1,3874.98,180965.2,1266.76,54809.7,4384.77,327611.5,1.0518,1.5874,0.9865,0.0,10410.12,21.2087,2900000
Charlotte,2024-04-14,629159.7,11324.87,143825.0,4890.05,543930.9,6527.17,202567.6,2228.24,380128.9,3421.16,227069.5,1589.49,45908.4,3672.67,344569.4,1.07,1.7311,1.003,0.0,10228.74,21.5635,2900000
Charlotte,2024-04-21,606089.4,10909.61,120896.5,4110.48,568101.1,6817.21,226002.4,2486.03,356115.1,3205.04,232335.4,1626.35,48281.4,3862.51,291897.2,1.0518,1.4873,1.0131,0.0,10519.55,21.7812,2900000
Charlotte,2024-04-28,495928.7,8926.72,116552.7,3962.79,557648.5,6691.78,225584.3,2481.43,391586.9,3524.28,212061.4,1484.43,51131.3,4090.51,274292.6,0.9997,1.6388,1.0092,0.0,9739.07,21.6974,2900000
Charlotte,2024-05-05,452406.7,8143.32,121986.5,4147.54,552500.9,6630.01,208360.3,2291.96,307526.3,2767.74,170419.1,1192.93,39501.8,3160.14,279313.4,0.9208,1.6134,0.9983,0.0,10015.56,21.4626,2900000
Charlotte,2024-05-12,430141.0,7742.54,107812.1,3665.61,560609.2,6727.31,184653.5,2031.19,343887.4,3094.99,204478.9,1431.35,42651.7,3412.13,264610.9,0.8251,1.3588,1.0183,0.0,9234.65,21.8928,2900000
Charlotte,2024-05-19,475689.8,8562.42,115858.0,3939.17,447132.1,5365.58,159701.6,1756.72,366710.5,3300.39,208990.2,1462.93,42789.0,3423.12,240402.1,0.7234,1.277,0.934,1.0,10014.31,20.0816,2900000
Charlotte,2024-05-26,462373.7,8322.73,88391.0,3005.29,445899.1,5350.79,203703.9,2240.74,279196.7,2512.77,220531.7,1543.72,43998.1,3519.84,239462.0,0.6256,1.1936,0.9971,0.0,8457.7,21.4374,2900000
Charlotte,2024-06-02,399424.0,7189.63,104918.8,3567.24,401158.1,4813.9,177513.6,1952.65,319072.8,2871.66,182835.0,1279.85,30166.7,2413.34,202221.8,0.5389,0.9871,1.0174,0.0,7332.85,21.8742,2900000
Charlotte,2024-06-09,381231.8,6862.17,87463.7,2973.76,442500.9,5310.01,133862.9,1472.49,331717.3,2985.46,157128.9,1099.9,38432.9,3074.63,191622.0,0.4677,0.8921,1.0035,0.0,7650.66,21.576,2900000
Charlotte,2024-06-16,348575.1,6274.35,91988.9,3127.62,398189.4,4778.27,134736.6,1482.1,313120.2,2818.08,176803.4,1237.62,33955.8,2716.46,179705.4,0.4135,0.9103,0.9492,1.0,8192.78,20.4081,2900000
Charlotte,2024-06-23,301398.4,5425.17,79966.9,2718.87,345656.5,4147.88,149241.1,1641.65,272652.9,2453.88,179483.7,1256.39,28426.3,2274.11,177969.3,0.3761,0.9915,0.9979,0.0,6771.79,21.4556,2900000
Charlotte,2024-06-30,384666.9,6924.0,67849.5,2306.88,346002.6,4152.03,164162.7,1805.79,260159.9,2341.44,219896.2,1539.27,27501.5,2200.12,184795.3,0.3542,0.862,0.9845,0.0,6276.69,21.1677,2900000
Charlotte,2024-07-07,300253.5,5404.56,81632.1,2775.49,326789.2,3921.47,160232.4,1762.56,262686.5,2364.18,210298.0,1472.09,33966.8,2717.34,172570.7,0.3467,0.7556,1.0078,0.0,5783.91,21.6676,2900000
Charlotte,2024-07-14,396211.9,7131.81,93581.9,3181.79,366930.5,4403.17,156338.6,1719.73,289596.9,2606.37,168386.0,1178.7,33308.0,2664.64,165627.5,0.3533,0.9787,0.9477,1.0,7213.29,20.376,2900000
Charlotte,2024-07-21,355180.7,6393.25,71462.7,2429.73,410968.2,4931.62,165997.2,1825.97,264155.8,2377.4,194636.9,1362.46,29800.5,2384.04,197428.2,0.3742,0.8342,0.9365,1.0,7879.69,20.1345,2900000
Charlotte,2024-07-28,360574.4,6490.34,86683.2,2947.23,380793.3,4569.52,138171.3,1519.88,262245.5,2360.21,207845.8,1454.92,36985.2,2958.81,169053.9,0.4098,0.9312,0.9889,0.0,6938.05,21.2609,2900000
Charlotte,2024-08-04,315350.7,5676.31,71527.3,2431.93,373769.0,4485.23,159092.3,1750.02,262457.9,2362.12,180331.4,1262.32,36092.5,2887.4,191142.6,0.4598,1.0543,1.0009,0.0,6392.38,21.5185,2900000
Charlotte,2024-08-11,397416.3,7153.49,96939.3,3295.94,373231.9,4478.78,164860.9,1813.47,274123.3,2467.11,223990.8,1567.94,33802.8,2704.23,213992.9,0.5218,1.175,0.9578,1.0,8209.28,20.5917,2900000
Charlotte,2024-08-18,458399.9,8251.2,107562.5,3657.13,550441.8,6605.3,154309.6,1697.41,357860.8,3220.75,201704.9,1411.93,42459.5,3396.76,230084.9,0.5906,1.2274,0.9682,1.0,9122.89,20.817,2900000
Charlotte,2024-08-25,415922.0,7486.6,115038.3,3911.3,565067.9,6780.81,205422.3,2259.65,353608.1,3182.47,197536.8,1382.76,42386.2,3390.89,214311.3,0.6581,1.1144,0.987,0.0,8639.62,21.2201,2900000
Charlotte,2024-09-01,377713.8,6798.85,89216.9,3033.37,524086.5,6289.04,209109.1,2300.2,379153.7,3412.38,204803.8,1433.63,43837.9,3507.03,235187.4,0.7148,1.3691,0.9802,0.0,9009.64,21.0733,2900000
Charlotte,2024-09-08,492890.6,8872.03,102430.5,3482.64,470134.8,5641.62,227351.7,2500.87,287766.4,2589.9,174297.4,1220.08,43415.1,3473.21,227812.1,0.7515,1.2325,1.0041,0.0,8045.9,21.5879,2900000
Charlotte,2024-09-15,439957.8,7919.24,119192.1,4052.53,574575.5,6894.91,205505.9,2260.57,352164.8,3169.48,174035.0,1218.24,42706.9,3416.56,265665.3,0.7617,1.2096,1.0198,0.0,8942.14,21.9253,2900000
Charlotte,2024-09-22,422890.8,7612.03,113744.8,3867.32,559290.0,6711.48,163251.4,1795.77,372579.1,3353.21,181566.5,1270.97,38959.8,3116.79,233182.2,0.7435,1.2036,1.0053,0.0,8004.48,21.6135,2900000
Charlotte,2024-09-29,411842.4,7413.16,105312.9,3580.64,447559.9,5370.72,168585.6,1854.44,331976.7,2987.79,186095.4,1302.67,45185.8,3614.87,213245.3,0.7002,1.2937,1.0025,0.0,8382.33,21.5548,2900000
Charlotte,2024-10-06,410153.1,7382.76,104941.4,3568.01,563303.4,6759.64,156879.8,1725.68,355417.6,3198.76,171192.9,1198.35,37479.3,2998.35,222546.0,0.6393,1.2855,1.0114,0.0,8668.11,21.7441,2900000
Charlotte,2024-10-13,435933.9,7846.81,90268.7,3069.14,511296.7,6135.56,143790.4,1581.69,254743.4,2292.69,181057.2,1267.4,31448.4,2515.87,202876.2,0.5702,1.0008,1.0004,0.0,6910.89,21.5084,2900000
Charlotte,2024-10-20,372265.3,6700.78,105363.9,3582.37,406637.2,4879.65,174384.2,1918.23,280017.4,2520.16,190708.8,1334.96,36338.8,2907.11,162461.7,0.5022,1.0382,1.0149,0.0,6647.74,21.8214,2900000
Charlotte,2024-10-27,315323.1,5675.82,98975.7,3365.17,364257.9,4371.1,165165.3,1816.82,257696.4,2319.27,207022.2,1449.16,38371.2,3069.69,191386.1,0.4421,0.8137,0.9967,0.0,7370.55,21.4298,2900000
Charlotte,2024-11-03,355276.2,6394.97,83995.3,2855.84,401990.2,4823.88,132864.9,1461.51,220532.5,1984.79,177372.9,1241.61,29191.9,2335.35,168641.6,0.3938,0.8547,0.9823,0.0,6413.46,21.1197,2900000
Charlotte,2024-11-10,285421.1,5137.58,94244.2,3204.3,399468.0,4793.62,160861.9,1769.48,263997.5,2375.98,214702.6,1502.92,32887.2,2630.98,178110.6,0.3582,0.8018,0.9823,0.0,6497.76,21.1197,2900000
Charlotte,2024-11-17,348655.1,6275.79,80280.3,2729.53,390045.3,4680.54,134668.7,1481.36,268969.4,2420.72,204572.6,1432.01,31599.7,2527.98,142967.3,0.3339,0.7342,0.9981,0.0,5915.49,21.4587,2900000
Charlotte,2024-11-24,294747.1,5305.45,91522.1,3111.75,410494.3,4925.93,128881.5,1417.7,246012.9,2214.12,202171.0,1415.2,25858.4,2068.68,147425.6,0.3186,0.7493,0.9978,0.0,5831.02,21.4532,2900000
Charlotte,2024-12-01,273682.1,4926.28,84670.0,2878.78,374277.8,4491.33,120369.7,1324.07,282268.9,2540.42,215488.7,1508.42,32356.2,2588.5,142109.8,0.3095,0.8626,1.017,0.0,5844.36,21.8663,2900000
Charlotte,2024-12-08,371610.0,6688.98,77748.3,2643.44,437778.2,5253.34,143311.6,1576.43,269282.9,2423.55,205251.8,1436.76,27998.7,2239.89,152506.8,0.3046,0.9235,0.9431,1.0,6813.46,20.2772,2900000
Charlotte,2024-12-15,336561.5,6058.11,70267.4,2389.09,423795.8,5085.55,142213.1,1564.34,251649.5,2264.85,183754.7,1286.28,33058.2,2644.66,152941.1,0.3021,0.9196,1.0093,0.0,5633.35,21.7009,2900000
Charlotte,2024-12-22,347573.6,6256.32,84766.8,2882.07,426860.4,5122.33,141083.1,1551.91,233902.4,2105.12,191728.7,1342.1,30957.5,2476.6,137226.4,0.3009,0.8918,1.0039,0.0,6203.72,21.5838,2900000
Charlotte,2024-12-29,299997.1,5399.95,78467.2,2667.88,344308.9,4131.71,151722.2,1668.94,269328.9,2423.96,170927.5,1196.49,25144.7,2011.57,133267.2,0.3004,0.7179,0.9946,0.0,5858.8,21.3841,2900000
Charlotte,2025-01-05,391058.9,7039.06,68908.0,2342.87,359226.2,4310.71,156949.8,1726.45,223718.8,2013.47,159196.3,1114.37,29492.6,2359.41,162109.7,0.3058,0.8018,1.008,0.0,6188.53,21.6718,2900000
Charlotte,2025-01-12,301635.9,5429.45,90170.6,3065.8,372486.0,4469.83,156044.2,1716.49,228156.7,2053.41,154220.1,1079.54,32788.9,2623.11,163106.6,0.3113,0.8366,0.9928,0.0,5784.38,21.3449,2900000
Charlotte,2025-01-19,298578.1,5374.41,88258.1,3000.77,453749.8,5445.0,121764.8,1339.41,237740.0,2139.66,202877.0,1420.14,26754.0,2140.32,160838.3,0.3208,0.8999,1.0017,0.0,6175.77,21.5371,2900000
Charlotte,2025-01-26,361029.6,6498.53,67255.8,2286.7,372859.1,4474.31,151445.3,1665.9,263829.4,2374.46,210863.3,1476.04,30884.0,2470.72,175170.9,0.3366,0.8772,0.9515,1.0,6981.08,20.4563,2900000
Charlotte,2025-02-02,370876.5,6675.78,78924.2,2683.42,331242.6,3974.91,153162.4,1684.79,231455.1,2083.1,176394.3,1234.76,30353.1,2428.25,160127.4,0.3613,0.775,1.0007,0.0,6020.01,21.5148,2900000
Charlotte,2025-02-09,408026.7,7344.48,94101.5,3199.45,423645.0,5083.74,154887.1,1703.76,228104.3,2052.94,206760.7,1447.33,35974.9,2877.99,164947.5,0.3978,0.9503,1.0106,0.0,6606.48,21.7281,2900000
Charlotte,2025-02-16,413072.0,7435.3,97044.1,3299.5,459311.5,5511.74,174026.1,1914.29,279921.2,2519.29,212540.8,1487.79,39232.8,3138.62,205990.1,0.449,0.9259,1.018,0.0,7595.88,21.8875,2900000
Charlotte,2025-02-23,452842.0,8151.16,81179.3,2760.1,457965.5,5495.59,164374.7,1808.12,334568.2,3011.11,212802.7,1489.62,38734.7,3098.78,210613.1,0.5162,1.1079,1.015,0.0,7373.46,21.8228,2900000
Charlotte,2025-03-02,395898.5,7126.17,91516.1,3111.55,457672.7,5492.07,174597.7,1920.57,337758.3,3039.82,159610.8,1117.28,33176.8,2654.14,238033.9,0.5992,1.0353,0.9472,1.0,9290.66,20.365,2900000
Charlotte,2025-03-09,367995.1,6623.91,91461.2,3109.68,566354.4,6796.25,194937.2,2144.31,370227.6,3332.05,215007.0,1505.05,36992.9,2959.43,219656.9,0.6946,1.149,0.9531,1.0,9844.04,20.4914,2900000
Charlotte,2025-03-16,513570.5,9244.27,99148.5,3371.05,541130.5,6493.57,168214.4,1850.36,372057.1,3348.51,222212.0,1555.48,38297.2,3063.77,266500.2,0.7962,1.1204,1.0072,0.0,9079.99,21.6542,2900000
Charlotte,2025-03-23,426990.0,7685.82,128762.5,4377.92,539826.1,6477.91,219046.7,2409.51,365800.7,3292.21,197306.2,1381.14,36715.5,2937.24,239313.2,0.8947,1.3881,0.9537,1.0,10089.44,20.5046,2900000
Charlotte,2025-03-30,529535.3,9531.63,132417.9,4502.21,511335.4,6136.02,247573.9,2723.31,323151.6,2908.36,218021.2,1526.15,44903.9,3592.31,290753.1,0.9795,1.4141,0.995,0.0,9778.92,21.3934,2900000
Charlotte,2025-04-06,511905.1,9214.29,109072.2,3708.45,626503.8,7518.05,232813.5,2560.95,413665.7,3722.99,204986.6,1434.91,46486.1,3718.88,281116.3,1.0401,1.5352,1.0048,0.0,10415.71,21.6029,2900000
Charlotte,2025-04-13,528095.1,9505.71,133374.6,4534.74,513408.4,6160.9,221458.6,2436.04,357211.4,3214.9,200939.6,1406.58,50332.0,4026.56,301076.2,1.0685,1.7457,1.0122,0.0,10379.57,21.7623,2900000
Charlotte,2025-04-20,546602.5,9838.85,126465.3,4299.82,511427.1,6137.12,194825.4,2143.08,341523.3,3073.71,238288.5,1668.02,43918.5,3513.48,313737.8,1.0607,1.5378,1.0058,0.0,10690.91,21.6256,2900000
Charlotte,2025-04-27,532710.9,9588.8,108664.7,3694.6,617103.5,7405.24,223440.9,2457.85,448360.4,4035.24,174480.5,1221.36,55265.2,4421.21,277519.0,1.0177,1.5496,0.9851,0.0,9776.85,21.1788,2900000
Charlotte,2025-05-04,559270.5,10066.87,129886.2,4416.13,659315.5,7911.79,183908.8,2023.0,370231.3,3332.08,197092.0,1379.64,41973.9,3357.91,276310.1,0.9456,1.6319,1.01,0.0,10132.67,21.7141,2900000
Charlotte,2025-05-11,526283.7,9473.11,111758.3,3799.78,529137.6,6349.65,198174.3,2179.92,346249.9,3116.25,184508.2,1291.56,36821.6,2945.73,266802.4,0.8535,1.5197,1.0066,0.0,8950.56,21.642,2900000
Charlotte,2025-05-18,497666.1,8957.99,109427.8,3720.54,469120.5,5629.45,181508.0,1996.59,319098.1,2871.88,205438.5,1438.07,36306.1,2904.49,252034.2,0.7525,1.0683,0.9853,0.0,9419.62,21.1833,2900000
Charlotte,2025-05-25,478229.8,8608.14,93934.4,3193.77,470787.7,5649.45,174697.4,1921.67,310515.4,2794.64,191445.2,1340.12,40828.1,3266.25,241648.4,0.6527,1.073,1.0164,0.0,8569.16,21.8528,2900000
Charlotte,2025-06-01,441481.1,7946.66,92469.8,3143.97,459563.0,5514.76,158598.6,1744.58,280099.0,2520.89,164924.3,1154.47,31000.6,2480.05,201918.2,0.5622,1.156,1.0074,0.0,7712.58,21.6601,2900000
Charlotte,2025-06-08,442179.6,7959.23,72825.6,2476.07,434004.1,5208.05,165338.5,1818.72,318841.5,2869.57,181774.1,1272.42,36369.1,2909.53,202043.7,0.4863,1.1093,0.9549,1.0,8674.12,20.5314,2900000
Charlotte,2025-06-15,379211.7,6825.81,72660.5,2470.46,476141.3,5713.7,152115.3,1673.27,312182.3,2809.64,168816.3,1181.71,38392.7,3071.42,166742.0,0.4272,0.944,1.0056,0.0,7100.19,21.6214,2900000
Charlotte,2025-06-22,320770.9,5773.88,71330.7,2425.24,445767.7,5349.21,177975.7,1957.73,297104.3,2673.94,166982.2,1168.88,34107.9,2728.63,190636.6,0.3851,0.9358,0.9501,1.0,8119.89,20.4278,2900000
Charlotte,2025-06-29,303966.8,5471.4,88992.5,3025.74,363303.7,4359.64,139502.7,1534.53,245912.3,2213.21,163185.2,1142.3,28799.4,2303.95,177636.5,0.3589,0.8819,0.9901,0.0,6625.14,21.2877,2900000
Charlotte,2025-07-06,300968.1,5417.43,78088.4,2655.01,450946.5,5411.36,161360.8,1774.97,229109.8,2061.99,163129.6,1141.91,26394.7,2111.57,153015.3,0.3474,0.806,0.9889,0.0,5857.28,21.2604,2900000
Charlotte,2025-07-13,295132.6,5312.39,79252.8,2694.59,324683.1,3896.2,147172.5,1618.9,219724.1,1977.52,220470.5,1543.29,31127.0,2490.16,162905.5,0.35,0.8207,0.9887,0.0,6368.99,21.2577,2900000
Charlotte,2025-07-20,376276.0,6772.97,84986.7,2889.55,425407.3,5104.89,152504.0,1677.54,290615.0,2615.53,165162.9,1156.14,33162.5,2653.0,172202.7,0.3667,0.9027,1.0149,0.0,6195.04,21.8202,2900000
Charlotte,2025-07-27,353174.3,6357.14,84475.9,2872.18,351980.4,4223.76,152897.4,1681.87,255198.8,2296.79,214751.6,1503.26,35780.3,2862.42,167960.9,0.3981,0.8757,1.015,0.0,6373.53,21.8231,2900000
Charlotte,2025-08-03,383997.6,6911.96,83547.9,2840.63,427580.0,5130.96,136008.9,1496.1,230930.1,2078.37,218568.7,1529.98,36098.8,2887.91,174598.5,0.4442,0.8078,1.0178,0.0,6765.4,21.8837,2900000
Charlotte,2025-08-10,359851.5,6477.33,81373.0,2766.68,468395.4,5620.74,146939.5,1616.33,239734.2,2157.61,180072.1,1260.5,29294.6,2343.57,206537.2,0.5031,0.9502,0.9981,0.0,6986.09,21.4582,2900000
Charlotte,2025-08-17,427294.3,7691.3,91230.5,3101.84,454102.0,5449.22,157035.0,1727.38,327527.4,2947.75,218674.5,1530.72,41429.6,3314.37,182276.3,0.5706,1.0672,0.9896,0.0,7459.17,21.2766,2900000
Charlotte,2025-08-24,489915.6,8818.48,84053.5,2857.82,533555.3,6402.66,156660.3,1723.26,308135.2,2773.22,188432.1,1319.02,31532.1,2522.57,209164.8,0.6395,1.2644,0.9991,0.0,7807.7,21.4815,2900000
Charlotte,2025-08-31,504394.0,9079.09,104308.7,3546.5,463950.0,5567.4,208487.3,2293.36,271248.5,2441.24,221385.4,1549.7,40812.6,3265.01,231411.2,0.7003,1.1201,0.9655,1.0,9742.95,20.7583,2900000
Charlotte,2025-09-07,452912.1,8152.42,100791.9,3426.93,513125.5,6157.51,199849.8,2198.35,335290.1,3017.61,164817.1,1153.72,46240.1,3699.21,204511.6,0.7435,1.1839,1.0176,0.0,8570.48,21.8783,2900000
Charlotte,2025-09-14,511185.7,9201.34,116007.5,3944.25,609346.1,7312.15,221707.6,2438.78,323976.0,2915.78,232780.9,1629.47,38604.7,3088.38,217086.8,0.7617,1.3541,0.9909,0.0,8440.61,21.3047,2900000
Charlotte,2025-09-21,382079.8,6877.44,119986.9,4079.55,465278.8,5583.35,192176.1,2113.94,315711.5,2841.4,197635.3,1383.45,46585.9,3726.87,234106.5,0.7515,1.1824,0.992,0.0,9159.01,21.3291,2900000
Charlotte,2025-09-28,470324.7,8465.84,99568.4,3385.33,584913.2,7018.96,191687.9,2108.57,284956.2,2564.61,184665.3,1292.66,41602.9,3328.23,245143.5,0.7148,1.3237,1.003,0.0,8487.07,21.5647,2900000
Charlotte,2025-10-05,410073.6,7381.32,105050.8,3571.73,496186.6,5954.24,153300.1,1686.3,263565.8,2372.09,188151.7,1317.06,41369.3,3309.54,229851.8,0.658,1.0199,0.9949,0.0,8691.82,21.3906,2900000
Charlotte,2025-10-12,383579.6,6904.43,95602.5,3250.49,515188.8,6182.27,172325.4,1895.58,347576.6,3128.19,166084.8,1162.59,34429.5,2754.36,211922.3,0.5902,1.1335,1.013,0.0,7714.47,21.7795,2900000
Charlotte,2025-10-19,421634.2,7589.42,80588.0,2739.99,421063.0,5052.76,144430.9,1588.74,336389.7,3027.51,200490.9,1403.44,33316.0,2665.28,201951.9,0.521,0.9541,1.0151,0.0,7250.04,21.8257,2900000
Charlotte,2025-10-26,322723.3,5809.02,93760.8,3187.87,473479.4,5681.75,146392.0,1610.31,274049.4,2466.44,168851.4,1181.96,39904.9,3192.4,183987.9,0.4581,0.9858,1.0166,0.0,6589.6,21.8566,2900000
Charlotte,2025-11-02,376447.4,6776.05,93777.4,3188.43,454350.5,5452.21,153801.0,1691.81,282549.4,2542.94,221566.8,1550.97,37341.0,2987.28,154606.7,0.4063,0.9151,1.0155,0.0,6538.91,21.8324,2900000
Charlotte,2025-11-09,340530.8,6129.56,85209.1,2897.11,422721.1,5072.65,153924.1,1693.17,232617.5,2093.56,210728.1,1475.1,36090.2,2887.21,162561.2,0.3671,0.8829,0.9591,1.0,7221.63,20.6216,2900000
Charlotte,2025-11-16,310690.8,5592.43,69244.8,2354.32,348206.4,4178.48,144680.5,1591.49,272109.2,2448.98,209888.8,1469.22,30027.8,2402.22,160208.4,0.3398,0.7836,0.992,0.0,5879.54,21.3273,2900000
Charlotte,2025-11-23,376875.8,6783.76,64150.2,2181.11,437435.5,5249.23,156662.1,1723.28,211268.3,1901.41,163001.2,1141.01,35344.2,2827.54,160759.9,0.3222,0.87,0.9889,0.0,5766.41,21.2607,2900000
Charlotte,2025-11-30,350861.1,6315.5,73253.5,2490.62,413243.7,4958.92,134912.5,1484.04,275688.9,2481.2,189621.1,1327.35,27805.1,2224.41,160407.5,0.3116,0.8183,0.9548,1.0,6250.27,20.5284,2900000
Charlotte,2025-12-07,350546.6,6309.84,71820.8,2441.91,430677.8,5168.13,151052.7,1661.58,219885.9,1978.97,170398.0,1192.79,32401.3,2592.1,139084.1,0.3057,0.7075,1.005,0.0,5672.45,21.6073,2900000
Charlotte,2025-12-14,365004.8,6570.09,89627.7,3047.34,392986.0,4715.83,164031.5,1804.35,216416.4,1947.75,181901.3,1273.31,30198.7,2415.9,170196.7,0.3026,0.8632,0.9815,0.0,5837.9,21.1027,2900000
Charlotte,2025-12-21,283490.7,5102.83,66547.2,2262.61,440499.4,5285.99,162279.8,1785.08,237023.5,2133.21,188755.7,1321.29,29875.4,2390.03,154169.8,0.3011,0.856,0.9889,0.0,5742.22,21.2621,2900000
St. Louis,2023-01-01,318323.7,5729.83,63118.7,2146.04,274798.4,3297.58,120284.7,1323.13,226336.3,2037.03,166461.5,1165.23,26318.8,2105.5,125232.5,0.3038,0.8741,0.9949,0.0,4614.88,21.3912,2600000
St. Louis,2023-01-08,249073.7,4483.33,63634.4,2163.57,308845.2,3706.14,112422.6,1236.65,208291.5,1874.62,184555.1,1291.89,28333.7,2266.69,125108.3,0.3076,0.8463,1.0105,0.0,5294.26,21.7265,2600000
St. Louis,2023-01-15,253329.6,4559.93,57228.1,1945.76,371718.9,4460.63,124998.7,1374.99,263181.9,2368.64,168181.0,1177.27,21919.1,1753.53,148317.1,0.3145,0.8839,0.983,0.0,5502.62,21.1337,2600000
St. Louis,2023-01-22,350989.3,6317.81,66036.3,2245.23,321854.0,3862.25,117483.5,1292.32,232254.5,2090.29,196214.4,1373.5,30161.5,2412.92,138829.4,0.3262,0.82,0.9981,0.0,5793.07,21.4602,2600000
St. Louis,2023-01-29,317114.5,5708.06,70486.8,2396.55,354898.6,4258.78,128480.2,1413.28,232073.0,2088.66,146350.0,1024.45,27221.6,2177.72,153340.7,0.345,0.9549,1.0089,0.0,5501.47,21.6923,2600000
St. Louis,2023-02-05,308161.3,5546.9,72869.3,2477.56,291670.5,3500.05,114433.3,1258.77,245669.1,2211.02,162819.0,1139.73,27462.5,2197.0,167528.0,0.3739,0.9058,1.0084,0.0,6107.02,21.6797,2600000
St. Louis,2023-02-12,332108.3,5977.95,71992.8,2447.75,358937.5,4307.25,145788.1,1603.67,215475.2,1939.28,182123.3,1274.86,28270.5,2261.64,147305.2,0.4157,0.9157,0.9683,1.0,6373.6,20.8175,2600000
St. Louis,2023-02-19,391864.5,7053.56,85775.3,2916.36,355464.3,4265.57,138308.8,1521.4,262145.8,2359.31,150950.8,1056.66,32086.3,2566.9,166658.0,0.4726,1.0672,1.0019,0.0,6095.32,21.5416,2600000
St. Louis,2023-02-26,353736.2,6367.25,77820.2,2645.89,387974.2,4655.69,135133.2,1486.47,229465.1,2065.19,158583.2,1110.08,30638.5,2451.08,194663.9,0.5454,1.0553,1.0124,0.0,6968.26,21.7672,2600000
St. Louis,2023-03-05,392999.4,7073.99,79065.0,2688.21,412617.3,4951.41,140324.4,1543.57,333085.7,2997.77,177553.9,1242.88,29753.0,2380.24,196069.4,0.6327,1.1132,1.0049,0.0,6837.05,21.6045,2600000
St. Louis,2023-03-12,431417.4,7765.51,103276.8,3511.41,483047.3,5796.57,169878.0,1868.66,340560.9,3065.05,160723.4,1125.06,31324.6,2505.96,198004.1,0.7299,1.3649,1.0034,0.0,7678.67,21.573,2600000
St. Louis,2023-03-19,399738.7,7195.3,102711.2,3492.18,543175.6,6518.11,196562.8,2162.19,305448.6,2749.04,207462.2,1452.24,40966.7,3277.33,232304.6,0.8296,1.289,0.9976,0.0,7871.11,21.4488,2600000
St. Louis,2023-03-26,514009.7,9252.18,118049.1,4013.67,482610.7,5791.33,211982.6,2331.81,379379.7,3414.42,200581.0,1404.07,33969.0,2717.52,267611.5,0.9219,1.4388,0.9986,0.0,8965.65,21.4693,2600000
St. Louis,2023-04-02,465716.9,8382.9,121838.1,4142.5,420859.4,5050.31,185908.2,2044.99,333288.0,2999.59,164232.9,1149.63,36266.5,2901.32,267963.5,0.9961,1.6904,1.0112,0.0,9516.0,21.7407,2600000
St. Louis,2023-04-09,399008.0,7182.14,97404.5,3311.75,529088.4,6349.06,237511.8,2612.63,424054.8,3816.49,161772.3,1132.41,47570.4,3805.63,261015.2,1.0428,1.3555,1.0177,0.0,9867.47,21.88,2600000
St. Louis,2023-04-16,481780.6,8672.05,106731.8,3628.88,613626.0,7363.51,176935.7,1946.29,330874.7,2977.87,161859.2,1133.01,40685.1,3254.81,290074.0,1.0556,1.5751,0.9865,0.0,9508.84,21.2104,2600000
St. Louis,2023-04-23,509457.1,9170.23,97049.4,3299.68,436737.4,5240.85,237593.6,2613.53,310672.4,2796.05,182074.0,1274.52,45617.0,3649.36,288859.8,1.0327,1.5921,0.9824,0.0,9483.25,21.122,2600000
St. Louis,2023-04-30,384484.7,6920.72,96751.4,3289.55,488348.6,5860.18,212113.2,2333.25,319404.3,2874.64,165934.9,1161.54,41981.4,3358.51,266454.8,0.9773,1.5723,0.9956,0.0,8968.5,21.4064,2600000
St. Louis,2023-05-07,399006.7,7182.12,111845.1,3802.73,409782.3,4917.39,183331.7,2016.65,289947.4,2609.53,166000.3,1162.0,35638.9,2851.11,248837.0,0.8969,1.2004,1.0052,0.0,8144.75,21.6124,2600000
St. Louis,2023-05-14,406907.3,7324.33,84652.4,2878.18,415171.3,4982.06,177963.6,1957.6,333591.6,3002.32,160061.8,1120.43,33134.7,2650.77,246669.2,0.8014,1.345,1.0059,0.0,8139.25,21.6277,2600000
St. Louis,2023-05-21,420404.7,7567.28,91015.6,3094.53,480883.3,5770.6,170294.9,1873.24,348617.1,3137.55,208005.0,1456.03,36539.0,2923.12,193239.1,0.7016,1.1423,0.9842,0.0,8041.51,21.16,2600000
St. Louis,2023-05-28,356052.2,6408.94,71801.9,2441.26,334547.5,4014.57,143159.6,1574.76,261868.3,2356.81,160472.4,1123.31,30422.7,2433.82,204291.1,0.6067,1.0852,0.9828,0.0,7593.11,21.1296,2600000
St. Louis,2023-06-04,387321.0,6971.78,83511.9,2839.41,396638.9,4759.67,164612.9,1810.74,301844.6,2716.6,198988.4,1392.92,33193.7,2655.5,180244.4,0.5236,0.9513,0.9837,0.0,6428.29,21.1499,2600000
St. Louis,2023-06-11,353538.3,6363.69,83948.6,2854.25,366114.0,4393.37,122463.5,1347.1,217738.3,1959.64,173084.5,1211.59,32015.4,2561.24,160772.9,0.456,0.8902,1.0096,0.0,6510.85,21.7067,2600000
St. Louis,2023-06-18,266696.8,4800.54,62217.3,2115.39,395041.1,4740.49,141454.9,1556.0,226537.2,2038.83,149794.0,1048.56,26301.7,2104.13,155615.4,0.4052,0.9676,0.9332,1.0,6807.29,20.0637,2600000
St. Louis,2023-06-25,355356.2,6396.41,83917.9,2853.21,383670.1,4604.04,110703.5,1217.74,237436.5,2136.93,161885.6,1133.2,24649.3,1971.95,159278.5,0.3707,0.9707,0.9811,0.0,6055.35,21.0937,2600000
St. Louis,2023-07-02,344585.4,6202.54,77727.9,2642.75,345017.8,4140.21,122282.3,1345.11,203658.4,1832.93,169011.3,1183.08,28583.8,2286.71,139145.1,0.3513,0.92,1.019,0.0,5691.91,21.9092,2600000
St. Louis,2023-07-09,304570.0,5482.26,62021.3,2108.72,308757.2,3705.09,140945.4,1550.4,271213.8,2440.92,159185.5,1114.3,30183.0,2414.64,134920.4,0.346,0.751,1.0117,0.0,5633.89,21.7521,2600000
St. Louis,2023-07-16,254498.7,4580.98,76796.9,2611.1,316313.7,3795.76,117604.6,1293.65,260664.0,2345.98,195380.3,1367.66,24402.3,1952.18,134977.4,0.3544,0.7573,1.0116,0.0,5698.44,21.75,2600000
St. Louis,2023-07-23,370754.2,6673.58,64892.0,2206.33,330313.2,3963.76,154308.1,1697.39,218926.7,1970.34,149350.6,1045.45,26129.0,2090.32,153140.3,0.3769,0.8435,0.9528,1.0,6929.85,20.4847,2600000
St. Louis,2023-07-30,342881.9,6171.87,80001.2,2720.04,368109.9,4417.32,123855.3,1362.41,266970.6,2402.74,174823.1,1223.76,26623.6,2129.89,173501.2,0.414,0.8502,0.9856,0.0,6056.46,21.1905,2600000
St. Louis,2023-08-06,325292.0,5855.26,66444.5,2259.11,419651.4,5035.82,160633.3,1766.97,266885.8,2401.97,187694.7,1313.86,32889.2,2631.13,170044.0,0.465,1.0875,1.0085,0.0,6251.2,21.6838,2600000
St. Louis,2023-08-13,333645.7,6005.62,78217.4,2659.39,430310.8,5163.73,164936.2,1814.3,256023.8,2304.21,189561.4,1326.93,27778.7,2222.29,188168.7,0.5272,1.0165,1.0077,0.0,6219.17,21.6661,2600000
St. Louis,2023-08-20,379232.1,6826.18,91547.8,3112.63,348173.7,4178.08,172534.1,1897.88,257592.3,2318.33,150606.4,1054.24,35148.3,2811.86,198281.0,0.595,1.0651,1.0024,0.0,7142.98,21.5516,2600000
St. Louis,2023-08-27,368699.3,6636.59,95654.6,3252.26,370053.4,4440.64,185250.4,2037.75,329526.5,2965.74,154836.7,1083.86,38690.6,3095.25,183105.5,0.6604,1.0536,1.016,0.0,7113.69,21.8443,2600000
St. Louis,2023-09-03,351181.8,6321.27,96226.6,3271.71,474290.5,5691.49,165667.7,1822.34,331599.8,2984.4,199595.2,1397.17,38052.2,3044.17,194392.8,0.7138,1.134,0.9634,1.0,8297.55,20.7132,2600000
St. Louis,2023-09-10,372808.2,6710.55,90702.9,3083.9,503483.1,6041.8,167624.4,1843.87,335298.1,3017.68,169599.3,1187.19,36873.5,2949.88,207209.2,0.7464,1.1516,0.9991,0.0,7444.46,21.4802,2600000
St. Louis,2023-09-17,390047.6,7020.86,84227.8,2863.75,503804.5,6045.65,191390.1,2105.29,349772.5,3147.95,195074.5,1365.52,42447.3,3395.78,205236.7,0.7525,1.084,0.9998,0.0,7855.41,21.4967,2600000
St. Louis,2023-09-24,391835.3,7053.04,80484.7,2736.48,503239.1,6038.87,185201.3,2037.21,274534.4,2470.81,173220.3,1212.54,33458.1,2676.65,210115.2,0.7308,1.3785,1.011,0.0,6872.68,21.7363,2600000
St. Louis,2023-10-01,452431.4,8143.77,90739.4,3085.14,497493.4,5969.92,189929.1,2089.22,333989.3,3005.9,176861.3,1238.03,39428.6,3154.29,189989.9,0.6853,1.1279,0.952,1.0,8270.3,20.4689,2600000
St. Louis,2023-10-08,354250.7,6376.51,74606.0,2536.6,401067.8,4812.81,149703.0,1646.73,280401.9,2523.62,165172.0,1156.2,29925.3,2394.03,201674.1,0.6237,1.0011,0.9956,0.0,6732.83,21.4044,2600000
St. Louis,2023-10-15,317971.1,5723.48,76007.9,2584.27,335860.9,4030.33,166407.0,1830.48,249687.4,2247.19,166726.9,1167.09,35641.7,2851.33,173502.8,0.5555,1.0875,1.0117,0.0,7077.04,21.7524,2600000
St. Louis,2023-10-22,316289.2,5693.21,92688.3,3151.4,394821.6,4737.86,137991.6,1517.91,250927.3,2258.35,191719.5,1342.04,28161.4,2252.91,149250.6,0.4895,1.0295,0.9816,0.0,6047.15,21.1053,2600000
St. Louis,2023-10-29,288285.5,5189.14,72133.2,2452.53,372432.4,4469.19,151757.8,1669.34,206385.2,1857.47,150767.9,1055.38,29889.9,2391.19,138851.3,0.432,1.0637,0.996,0.0,5537.78,21.4132,2600000
St. Louis,2023-11-05,276883.4,4983.9,73449.0,2497.27,350653.8,4207.85,147147.3,1618.62,278259.3,2504.33,175356.8,1227.5,27855.4,2228.43,152774.5,0.3864,0.8846,0.9806,0.0,5860.92,21.0829,2600000
St. Louis,2023-11-12,356534.5,6417.62,75394.9,2563.43,333313.7,3999.76,139921.6,1539.14,263549.1,2371.94,147436.3,1032.05,24955.1,1996.41,124127.4,0.3531,0.8962,1.0094,0.0,4991.33,21.7025,2600000
St. Louis,2023-11-19,306714.3,5520.86,77025.9,2618.88,320058.3,3840.7,151631.1,1667.94,227585.9,2048.27,195832.4,1370.83,29198.0,2335.84,126371.5,0.3307,0.7726,0.9955,0.0,5295.57,21.4033,2600000
St. Louis,2023-11-26,345120.9,6212.18,65219.7,2217.47,377307.9,4527.69,139531.2,1534.84,242574.2,2183.17,179282.5,1254.98,24254.9,1940.39,153358.8,0.3166,0.9093,0.9637,1.0,6054.89,20.7185,2600000
St. Louis,2023-12-03,335540.6,6039.73,74113.8,2519.87,324755.2,3897.06,109458.9,1204.05,228146.7,2053.32,154668.8,1082.68,28582.1,2286.57,125792.4,0.3085,0.7373,0.9985,0.0,5518.76,21.4668,2600000
St. Louis,2023-12-10,268161.3,4826.9,70049.8,2381.69,284763.8,3417.17,127401.4,1401.42,237005.1,2133.05,158243.1,1107.7,24556.7,1964.54,130035.7,0.3041,0.7275,1.0014,0.0,5155.09,21.5308,2600000
St. Louis,2023-12-17,299384.7,5388.92,70221.6,2387.53,293392.4,3520.71,122668.2,1349.35,186264.8,1676.38,159278.4,1114.95,28110.3,2248.82,139072.2,0.3018,0.881,0.9955,0.0,5274.78,21.4033,2600000
St. Louis,2023-12-24,254993.5,4589.88,64753.7,2201.63,360766.0,4329.19,128767.2,1416.44,198036.3,1782.33,172700.8,1208.91,27735.3,2218.82,134294.7,0.3008,0.828,0.9937,0.0,5242.08,21.364,2600000
St. Louis,2023-12-31,285690.7,5142.43,76926.1,2615.49,361581.4,4338.98,115713.6,1272.85,262067.6,2358.61,173796.0,1216.57,27141.4,2171.31,127624.6,0.3003,0.7521,1.0098,0.0,5049.85,21.7107,2600000
St. Louis,2024-01-07,290013.7,5220.25,71860.3,2443.25,289257.1,3471.08,107125.5,1178.38,236809.5,2131.29,146118.5,1022.83,29324.1,2345.93,140356.6,0.3069,0.7333,0.984,0.0,5010.81,21.1564,2600000
St. Louis,2024-01-14,319220.5,5745.97,78268.7,2661.14,352894.3,4234.73,127352.0,1400.87,254367.4,2289.31,184682.2,1292.78,26605.0,2128.4,125061.9,0.3133,0.9149,0.9432,1.0,6364.56,20.2794,2600000
St. Louis,2024-01-21,317036.3,5706.65,65181.1,2216.16,345593.3,4147.12,132219.3,1454.41,239004.1,2151.04,184852.3,1293.97,25704.4,2056.35,142873.8,0.3241,0.942,1.018,0.0,5456.7,21.8876,2600000
St. Louis,2024-01-28,317178.6,5709.22,70268.3,2389.12,355516.4,4266.2,154142.2,1695.56,225958.9,2033.63,156230.8,1093.62,30293.4,2423.47,138382.6,0.3418,0.7358,0.9901,0.0,5461.44,21.2866,2600000
St. Louis,2024-02-04,367003.8,6606.07,62644.0,2129.9,312035.4,3744.42,143494.1,1578.43,246525.6,2218.73,161183.1,1128.28,28963.8,2317.11,151252.0,0.3691,0.9475,0.9891,0.0,5892.57,21.2647,2600000
St. Louis,2024-02-11,301140.4,5420.53,72517.3,2465.59,352416.9,4229.0,127605.1,1403.66,213780.3,1924.02,177715.0,1244.01,28668.7,2293.5,165793.1,0.4089,0.9836,1.0115,0.0,5853.23,21.7476,2600000
St. Louis,2024-02-18,333810.2,6008.58,67811.9,2305.6,348997.5,4187.97,164883.1,1813.71,271350.6,2442.16,178808.4,1251.66,31974.4,2557.95,180651.8,0.4635,0.8795,1.0006,0.0,6504.72,21.5135,2600000
St. Louis,2024-02-25,316091.4,5689.65,67947.3,2310.21,320886.0,3850.63,141142.2,1552.56,237917.4,2141.26,173692.3,1215.85,26689.1,2135.13,183927.9,0.5341,0.8891,1.0101,0.0,6580.37,21.7164,2600000
St. Louis,2024-03-03,403347.9,7260.26,79113.8,2689.87,413470.0,4961.64,148127.7,1629.4,292927.7,2636.35,145342.4,1017.4,34254.5,2740.36,190452.6,0.6195,0.9597,1.0065,0.0,6663.66,21.6402,2600000
St. Louis,2024-03-10,452177.4,8139.19,93866.9,3191.47,454508.3,5454.1,195551.7,2151.07,253151.5,2278.36,206697.6,1446.88,33922.3,2713.78,199936.0,0.7157,1.3636,1.0176,0.0,7968.69,21.8781,2600000
St. Louis,2024-03-17,474548.0,8541.86,90154.6,3065.26,443728.9,5324.75,207501.4,2282.52,293955.1,2645.6,195727.5,1370.09,38481.1,3078.49,219643.9,0.8155,1.1831,0.9854,0.0,8444.59,21.1853,2600000
St. Louis,2024-03-24,368117.5,6626.12,93175.6,3167.97,545318.1,6543.82,200044.7,2200.49,369327.4,3323.95,167737.4,1174.16,42611.0,3408.88,259102.5,0.9095,1.3387,1.0171,0.0,8480.13,21.8671,2600000
St. Louis,2024-03-31,446862.6,8043.53,95336.9,3241.45,500379.6,6004.56,216566.2,2382.23,364892.6,3284.03,173336.2,1213.35,47830.4,3826.43,233775.3,0.987,1.5959,1.0096,0.0,8751.41,21.7063,2600000
St. Louis,2024-04-07,436632.8,7859.39,94669.8,3218.77,440701.5,5288.42,177925.6,1957.18,377600.0,3398.4,166683.6,1166.78,41656.4,3332.51,272215.1,1.0381,1.308,1.0061,0.0,8812.34,21.6314,2600000
St. Louis,2024-04-14,479420.0,8629.56,117836.8,4006.45,597988.6,7175.86,190379.9,2094.18,382645.1,3443.81,158999.8,1113.0,39474.1,3157.93,260856.9,1.056,1.5103,0.9424,1.0,9917.79,20.2614,2600000
St. Louis,2024-04-21,446519.5,8037.35,127392.0,4331.33,535723.2,6428.68,190610.9,2096.72,306067.7,2754.61,189882.0,1329.17,46268.5,3701.48,286932.4,1.0381,1.692,0.9887,0.0,9474.99,21.256,2600000
St. Louis,2024-04-28,536612.4,9659.02,102332.4,3479.3,516930.0,6203.16,201376.0,2215.14,340324.5,3062.92,183157.2,1282.1,40700.4,3256.04,256243.2,0.987,1.7097,1.0033,0.0,9119.81,21.5701,2600000
St. Louis,2024-05-05,468702.3,8436.64,104396.9,3549.49,549559.9,6594.72,164030.6,1804.34,342766.8,3084.9,155536.9,1088.76,33907.3,2712.58,272009.9,0.9095,1.4388,1.0171,0.0,8485.66,21.8681,2600000
St. Louis,2024-05-12,420930.2,7576.74,82612.7,2808.83,529213.0,6350.56,166873.1,1835.6,281284.1,2531.56,185471.9,1298.3,43011.0,3440.88,215934.0,0.8156,1.3042,1.0012,0.0,7995.72,21.5265,2600000
St. Louis,2024-05-19,457216.2,8229.89,84211.8,2863.2,461733.0,5540.8,198795.6,2186.75,344058.5,3096.53,195685.7,1369.8,31325.8,2506.06,223592.5,0.7157,1.1984,0.9848,0.0,7798.63,21.1739,2600000
St. Louis,2024-05-26,379489.6,6830.81,72275.4,2457.36,433513.5,5202.16,155949.8,1715.45,318918.7,2870.27,190244.7,1331.71,35577.2,2846.18,224698.3,0.6197,1.1685,1.0022,0.0,7388.75,21.5464,2600000
St. Louis,2024-06-02,302232.0,5440.18,77902.0,2648.67,331862.5,3982.35,159764.6,1757.41,221417.0,1992.75,191135.8,1337.95,29371.3,2349.71,174572.6,0.5345,0.9685,0.9635,1.0,7350.91,20.7145,2600000
St. Louis,2024-06-09,381832.4,6872.98,89456.1,3041.51,380096.1,4561.15,144099.4,1585.09,242553.9,2182.99,201423.0,1409.96,29020.6,2321.65,166990.2,0.4646,1.1013,1.0193,0.0,6458.46,21.916,2600000
St. Louis,2024-06-16,355939.9,6406.92,82939.6,2819.95,324095.5,3889.15,147002.2,1617.02,216999.0,1952.99,159735.5,1118.15,33895.1,2711.61,144821.2,0.4114,0.9416,1.0146,0.0,6427.35,21.8135,2600000
St. Louis,2024-06-23,359131.0,6464.36,74587.3,2535.97,292958.7,3515.5,145377.6,1599.15,220040.3,1980.36,166736.3,1167.15,28480.8,2278.47,159150.6,0.3747,0.9108,0.9521,1.0,6335.09,20.4699,2600000
St. Louis,2024-06-30,263873.3,4749.72,74033.1,2517.12,361496.6,4337.96,131657.7,1448.23,195432.5,1758.89,186511.4,1305.58,29348.2,2347.85,136142.0,0.3532,0.9115,1.0121,0.0,5605.49,21.761,2600000
St. Louis,2024-07-07,334526.1,6021.47,79544.7,2704.52,359264.1,4311.17,133530.9,1468.84,192137.0,1729.23,171681.2,1201.77,24938.8,1995.11,143177.0,0.3459,0.9455,1.0192,0.0,5866.73,21.9118,2600000
St. Louis,2024-07-14,326904.9,5884.29,64427.7,2190.54,337383.1,4048.6,152548.1,1678.03,257628.0,2318.65,140454.3,983.18,24754.9,1980.39,146358.7,0.3523,0.9432,0.9331,1.0,6719.46,20.0608,2600000
St. Louis,2024-07-21,370464.2,6668.36,74436.6,2530.84,317905.2,3814.86,111833.6,1230.17,270296.9,2432.67,155652.0,1089.56,27188.9,2175.11,169488.5,0.3728,0.8053,0.9975,0.0,5972.64,21.4452,2600000
St. Louis,2024-07-28,325469.6,5858.45,74883.2,2546.03,383361.1,4600.33,162493.1,1787.42,201921.8,1817.3,192864.9,1350.05,27978.2,2238.26,166573.8,0.4078,0.9594,0.9949,0.0,6301.98,21.3897,2600000
St. Louis,2024-08-04,326141.9,5870.55,89528.5,3043.97,305648.8,3667.79,117977.2,1297.75,258013.9,2322.12,169632.3,1187.43,24773.5,1981.88,159081.0,0.4569,0.9521,1.0007,0.0,5901.27,21.5145,2600000
St. Louis,2024-08-11,315806.7,5684.52,74701.8,2539.86,433500.9,5202.01,155758.0,1713.34,251171.0,2260.54,192680.3,1348.76,27950.1,2236.01,199850.1,0.5178,1.0844,0.9977,0.0,6604.07,21.4506,2600000
St. Louis,2024-08-18,425934.9,7666.83,91619.9,3115.08,377528.4,4530.34,183049.8,2013.55,311344.4,2802.1,166322.6,1164.26,30929.7,2474.38,180147.9,0.5853,1.0026,1.0177,0.0,7063.04,21.8808,2600000
St. Louis,2024-08-25,441723.3,7951.02,79583.1,2705.82,483222.7,5798.67,181259.8,1993.86,259681.4,2337.13,188563.3,1319.94,39060.8,3124.86,199844.8,0.6516,1.0534,1.0003,0.0,7885.31,21.5058,2600000
St. Louis,2024-09-01,461955.4,8315.2,105008.0,3570.27,365118.6,4381.42,161711.9,1778.83,247723.8,2229.51,179166.9,1254.17,35683.3,2854.66,205239.9,0.7073,1.1184,1.0106,0.0,7185.51,21.728,2600000
St. Louis,2024-09-08,460779.1,8294.02,105398.4,3583.55,415014.5,4980.17,157211.3,1729.32,314260.5,2828.34,185246.7,1296.73,34613.7,2769.09,209548.1,0.7433,1.1481,1.0094,0.0,7702.65,21.7018,2600000
St. Louis,2024-09-15,345058.1,6211.05,98281.9,3341.58,369089.8,4429.08,146395.9,1610.35,298992.0,2690.93,186540.6,1305.78,30393.6,2431.49,214015.8,0.7533,1.2771,0.9343,1.0,9228.91,20.0871,2600000
St. Louis,2024-09-22,441492.3,7946.86,79467.9,2701.91,434602.4,5215.23,145370.7,1599.08,349993.7,3149.94,190207.1,1331.45,39465.7,3157.25,205723.2,0.7355,1.2471,0.9884,0.0,7123.73,21.2512,2600000
St. Louis,2024-09-29,361327.4,6503.89,91019.1,3094.65,417188.7,5006.26,177531.8,1952.85,278051.3,2502.46,174517.9,1221.63,40002.6,3200.21,222550.0,0.693,1.2214,0.957,1.0,8722.19,20.5748,2600000
St. Louis,2024-10-06,442077.4,7957.39,77429.0,2632.58,345040.1,4140.48,157954.8,1737.5,296012.8,2664.12,171548.8,1200.84,36387.2,2910.97,176354.5,0.6331,0.9789,1.0162,0.0,6591.97,21.849,2600000
St. Louis,2024-10-13,418785.8,7538.14,76862.9,2613.34,394571.8,4734.86,160979.6,1770.78,299551.0,2695.96,164610.4,1152.27,28000.9,2240.07,164287.9,0.5653,1.0139,1.0165,0.0,6616.28,21.8553,2600000
St. Louis,2024-10-20,378586.5,6814.56,92643.5,3149.88,379072.2,4548.87,160376.8,1764.15,245787.9,2212.09,162349.1,1136.44,35684.9,2854.79,173100.9,0.4985,0.8705,0.946,1.0,6852.45,20.3382,2600000
St. Louis,2024-10-27,318492.6,5732.87,88625.0,3013.25,415524.2,4986.29,138312.0,1521.43,269222.0,2423.0,197946.7,1385.63,33050.1,2644.01,171955.9,0.4395,0.9397,0.9958,0.0,5725.26,21.4102,2600000
St. Louis,2024-11-03,348605.6,6274.9,78098.8,2655.36,289737.8,3476.85,160267.7,1762.94,225411.8,2028.71,169721.3,1188.05,24550.6,1964.05,149134.6,0.3921,0.7891,1.0172,0.0,5420.17,21.8705,2600000
St. Louis,2024-11-10,347528.1,6255.51,84856.1,2885.11,296011.8,3552.14,109804.7,1207.85,236421.9,2127.8,186371.1,1304.6,30187.1,2414.97,131592.7,0.3571,0.9314,1.0081,0.0,5115.55,21.6732,2600000
St. Louis,2024-11-17,313322.8,5639.81,71789.6,2440.85,373068.0,4476.82,152923.8,1682.16,194484.8,1750.36,165867.4,1161.07,23242.5,1859.4,130943.1,0.3333,0.7659,0.9413,1.0,6307.3,20.2386,2600000
St. Louis,2024-11-24,350376.6,6306.78,57902.3,1968.68,339087.5,4069.05,108222.8,1190.45,263977.1,2375.79,166920.0,1168.44,28761.7,2300.93,154855.0,0.3182,0.8889,0.995,0.0,5407.45,21.3934,2600000
St. Louis,2024-12-01,334131.5,6014.37,77245.1,2626.33,331837.0,3982.04,145486.3,1600.35,215311.5,1937.8,138537.3,969.76,24125.1,1930.0,137999.8,0.3094,0.8576,0.9322,1.0,6080.68,20.0417,2600000
St. Louis,2024-12-08,339280.2,6107.04,76593.3,2604.17,279429.4,3353.15,114665.3,1261.32,249946.3,2249.52,147912.4,1035.39,24217.1,1937.37,131265.2,0.3045,0.8834,0.966,1.0,5964.62,20.7696,2600000
St. Louis,2024-12-15,325814.3,5864.66,74653.2,2538.21,275251.4,3303.02,128725.3,1415.98,253948.3,2285.53,195112.3,1365.79,25974.4,2077.95,122224.0,0.3021,0.6924,1.0007,0.0,5102.21,21.5159,2600000
St. Louis,2024-12-22,274721.3,4944.98,62790.5,2134.88,376613.0,4519.36,137008.4,1507.09,249708.0,2247.37,182739.1,1279.17,28870.7,2309.65,119525.1,0.3009,0.7605,0.9936,0.0,5342.85,21.3632,2600000
St. Louis,2024-12-29,256011.4,4608.21,58352.0,1983.97,302146.4,3625.76,129390.2,1423.29,215209.8,1936.89,158643.2,1110.5,28637.3,2290.98,130660.9,0.3004,0.8039,1.0093,0.0,5221.08,21.7006,2600000
St. Louis,2025-01-05,334310.0,6017.58,64419.3,2190.26,360478.6,4325.74,116617.7,1282.79,219136.8,1972.23,149010.3,1043.07,22981.3,1838.5,123970.2,0.3057,0.9198,0.9312,1.0,6050.54,20.0209,2600000
St. Louis,2025-01-12,347478.5,6254.61,68318.6,2322.83,300168.0,3602.02,105858.9,1164.45,238178.7,2143.61,172751.7,1209.26,26746.9,2139.75,123403.0,0.3111,0.7257,1.0109,0.0,5491.85,21.7336,2600000
St. Louis,2025-01-19,331729.7,5971.13,81355.0,2766.07,330229.7,3962.76,147909.5,1627.0,250863.1,2257.77,137134.2,959.94,31235.3,2498.82,144540.2,0.3204,0.8645,1.0149,0.0,4961.11,21.8214,2600000
St. Louis,2025-01-26,320145.4,5762.62,64049.6,2177.69,355755.9,4269.07,143490.7,1578.4,199407.7,1794.67,146444.6,1025.11,26523.3,2121.87,149858.4,0.3359,0.7861,0.9847,0.0,4967.48,21.1703,2600000
St. Louis,2025-02-02,330251.3,5944.52,61093.4,2077.18,314838.8,3778.07,116050.5,1276.56,257559.8,2318.04,166414.5,1164.9,24309.2,1944.73,157764.1,0.3601,0.7974,0.9885,0.0,5850.23,21.2528,2600000
St. Louis,2025-02-09,323466.8,5822.4,74836.3,2544.43,375176.8,4502.12,157008.4,1727.09,218508.6,1966.58,153517.6,1074.62,24867.7,1989.42,169129.9,0.3961,0.793,0.9824,0.0,5980.77,21.1208,2600000
St. Louis,2025-02-16,307037.4,5526.67,77414.6,2632.1,402358.0,4828.3,134775.6,1482.53,208857.2,1879.72,179680.8,1257.77,27242.8,2179.42,168840.9,0.4463,0.8801,1.0176,0.0,6165.85,21.8784,2600000
St. Louis,2025-02-23,317850.7,5721.31,94756.6,3221.72,316859.7,3802.32,146998.7,1616.99,291766.1,2625.89,197729.0,1384.1,35598.2,2847.86,173825.5,0.5123,1.1167,1.0048,0.0,6171.14,21.6031,2600000
St. Louis,2025-03-02,351623.4,6329.22,100221.6,3407.53,394124.5,4729.49,152893.1,1681.82,229151.2,2062.36,170639.5,1194.48,31937.2,2554.97,166945.4,0.5937,1.0448,0.955,1.0,7571.99,20.5316,2600000
St. Louis,2025-03-09,433284.4,7799.12,93301.8,3172.26,498525.9,5982.31,198208.6,2180.3,316097.6,2844.88,178504.8,1249.53,39444.9,3155.59,212047.2,0.6874,1.1349,0.9891,0.0,7778.35,21.2666,2600000
St. Louis,2025-03-16,449133.9,8084.41,102312.6,3478.63,396902.8,4762.83,155995.5,1715.95,271424.6,2442.82,177594.3,1243.16,36432.6,2914.6,242737.1,0.7872,1.099,0.994,0.0,7969.02,21.3711,2600000
St. Louis,2025-03-23,476358.3,8574.45,107597.9,3658.33,415174.4,4982.09,219945.2,2419.4,296932.2,2672.39,170057.0,1190.4,33638.1,2691.05,244448.3,0.8839,1.4823,0.9458,1.0,9924.42,20.3347,2600000
St. Louis,2025-03-30,483313.5,8699.64,106232.0,3611.89,532922.9,6395.07,193609.1,2129.7,376495.3,3388.46,191947.9,1343.64,39577.8,3166.22,259725.8,0.9672,1.3842,0.9932,0.0,8757.59,21.3531,2600000
St. Louis,2025-04-06,438295.4,7889.32,101232.0,3441.89,509615.2,6115.38,238293.9,2621.23,302087.7,2718.79,170419.5,1192.94,38061.6,3044.92,276599.0,1.0267,1.4063,0.9883,0.0,9638.99,21.249,2600000
St. Louis,2025-04-13,516281.0,9293.06,102050.5,3469.72,553174.1,6638.09,175849.0,1934.34,370456.5,3334.11,175523.6,1228.66,44603.5,3568.28,294950.6,1.0545,1.5422,1.0029,0.0,9786.85,21.5621,2600000
St. Louis,2025-04-20,422559.4,7606.07,125149.0,4255.07,514260.9,6171.13,186084.6,2046.93,369996.5,3329.97,166709.3,1166.96,49249.9,3939.99,289017.1,1.0468,1.4795,1.0049,0.0,9418.38,21.6064,2600000
St. Louis,2025-04-27,487877.1,8781.79,127438.9,4332.92,539336.5,6472.04,233286.4,2566.15,378074.5,3402.67,195432.7,1368.03,46041.0,3683.28,248897.0,1.0047,1.5256,0.997,0.0,9129.98,21.4346,2600000
St. Louis,2025-05-04,405138.5,7292.49,97633.7,3319.54,531038.5,6372.46,202133.0,2223.46,398087.1,3582.78,179085.9,1253.6,37919.2,3033.54,266973.6,0.9338,1.2994,1.0126,0.0,8903.86,21.7716,2600000
St. Louis,2025-05-11,457581.2,8236.46,84210.1,2863.14,531858.7,6382.3,159161.2,1750.77,305392.7,2748.53,149094.5,1043.66,38235.6,3058.84,217250.3,0.8435,1.2771,1.0125,0.0,8569.82,21.7692,2600000
St. Louis,2025-05-18,451763.9,8131.75,82763.7,2813.96,507126.3,6085.52,163592.7,1799.52,322871.6,2905.84,147848.3,1034.94,34614.9,2769.19,241400.7,0.7443,1.1373,1.0158,0.0,7839.2,21.8403,2600000
St. Louis,2025-05-25,419236.3,7546.25,86590.7,2944.08,370472.4,4445.67,161749.5,1779.24,277413.6,2496.72,197806.3,1384.64,29094.4,2327.55,202828.8,0.6463,1.3014,0.988,0.0,7325.94,21.242,2600000
St. Louis,2025-06-01,334688.1,6024.39,78845.5,2680.75,426840.5,5122.09,149200.1,1641.2,245118.5,2206.07,189622.3,1327.36,30762.5,2461.0,184543.8,0.5574,0.9176,0.9998,0.0,6621.81,21.4949,2600000
St. Louis,2025-06-08,373573.4,6724.32,87883.9,2988.05,348894.8,4186.74,154694.1,1701.64,223280.9,2009.53,195299.4,1367.1,30503.4,2440.27,183542.6,0.4829,0.8688,0.9387,1.0,7664.0,20.1831,2600000
St. Louis,2025-06-15,316415.9,5695.49,80370.7,2732.6,297571.8,3570.86,135583.3,1491.42,233436.8,2100.93,196637.4,1376.46,25713.8,2057.11,182764.0,0.4249,0.9311,1.0069,0.0,6391.65,21.6494,2600000
St. Louis,2025-06-22,324977.9,5849.6,82330.3,2799.23,302936.5,3635.24,156921.0,1726.13,220771.2,1986.94,140262.2,981.84,31844.8,2547.58,158017.9,0.3836,0.8452,1.0009,0.0,6069.87,21.5201,2600000
St. Louis,2025-06-29,288804.4,5198.48,62713.7,2132.27,378653.1,4543.84,130132.7,1431.46,252503.6,2272.53,142530.3,997.71,24511.8,1960.94,150971.6,0.3579,0.8222,0.9478,1.0,6265.28,20.3772,2600000
St. Louis,2025-07-06,323592.5,5824.66,66273.3,2253.29,343523.4,4122.28,124393.9,1368.33,199519.8,1795.68,152971.9,1070.8,28024.2,2241.93,131247.5,0.3466,0.7382,1.0099,0.0,5428.25,21.7138,2600000
St. Louis,2025-07-13,348502.6,6273.05,60638.5,2061.71,327681.0,3932.17,138981.3,1528.79,226651.4,2039.86,179045.4,1253.32,27962.3,2236.98,147032.5,0.3491,0.9416,0.9545,1.0,6328.85,20.5218,2600000
St. Louis,2025-07-20,296548.6,5337.88,78998.8,2685.96,339018.8,4068.23,125192.4,1377.12,270030.1,2430.27,175397.2,1227.78,30282.9,2422.63,159446.6,0.3655,0.9195,0.9415,1.0,6228.58,20.2429,2600000
St. Louis,2025-07-27,301690.1,5430.42,69027.3,2346.93,312133.1,3745.6,117475.4,1292.23,280245.9,2522.21,141913.6,993.4,29853.9,2388.31,163680.8,0.3963,0.9868,0.994,0.0,6018.11,21.371,2600000
St. Louis,2025-08-03,296013.6,5328.24,80128.9,2724.38,354303.1,4251.64,137711.5,1514.83,212838.4,1915.55,177434.5,1242.04,24383.9,1950.72,184299.5,0.4415,1.0382,0.9495,1.0,7081.72,20.4149,2600000
St. Louis,2025-08-10,358418.0,6451.52,77991.6,2651.71,399197.8,4790.37,168996.9,1858.97,229083.9,2061.76,142222.7,995.56,25294.6,2023.57,153176.2,0.4994,0.8778,0.9978,0.0,6240.36,21.4526,2600000
St. Louis,2025-08-17,348898.8,6280.18,94987.2,3229.56,421264.4,5055.17,143793.7,1581.73,297196.8,2674.77,179415.6,1255.91,33444.4,2675.55,187316.2,0.5657,0.9084,1.0003,0.0,6642.44,21.506,2600000
St. Louis,2025-08-24,419809.4,7556.57,80986.4,2753.54,372702.2,4472.43,133776.3,1471.54,309016.6,2781.15,168707.5,1180.95,29778.2,2382.26,178862.1,0.6333,1.0042,0.9832,0.0,7486.71,21.1385,2600000
St. Louis,2025-08-31,450739.5,8113.31,106530.3,3622.03,438382.4,5260.59,176479.5,1941.27,317304.8,2855.74,191069.3,1337.48,33906.9,2712.55,233968.2,0.693,1.2803,1.0029,0.0,7767.39,21.5615,2600000
St. Louis,2025-09-07,413134.2,7436.42,80428.1,2734.55,417936.7,5015.24,180668.3,1987.35,284728.0,2562.55,149485.7,1046.4,38007.4,3040.59,225765.3,0.7355,1.2019,1.0141,0.0,7789.57,21.8029,2600000
St. Louis,2025-09-14,358723.6,6457.02,86443.4,2939.08,393538.9,4722.47,185428.7,2039.72,315648.0,2840.83,197440.8,1382.09,34298.6,2743.89,222364.1,0.7533,1.0946,0.9815,0.0,7784.63,21.1017,2600000
St. Louis,2025-09-21,386759.7,6961.68,103456.6,3517.53,486121.8,5833.46,187207.3,2059.28,249745.5,2247.71,168853.1,1181.97,37515.9,3001.27,221531.0,0.7433,1.0992,1.0009,0.0,7256.12,21.5203,2600000
St. Louis,2025-09-28,394470.3,7100.46,104339.7,3547.55,417903.8,5014.85,146974.5,1616.72,284517.9,2560.66,193112.9,1351.79,34063.6,2725.09,220131.4,0.7073,1.0559,0.9946,0.0,6879.77,21.3831,2600000
St. Louis,2025-10-05,411310.8,7403.59,93292.6,3171.95,365411.4,4384.94,178893.9,1967.83,303143.4,2728.29,168437.6,1179.06,28634.7,2290.77,182714.5,0.6515,1.2453,0.9982,0.0,7401.27,21.461,2600000
St. Louis,2025-10-12,330046.6,5940.84,81283.7,2763.65,355760.5,4269.13,153777.9,1691.56,263010.1,2367.09,148793.8,1041.56,32440.1,2595.21,156371.2,0.5849,1.2051,0.9861,0.0,6423.08,21.201,2600000
St. Louis,2025-10-19,302260.8,5440.7,81705.7,2777.99,445178.0,5342.14,126839.9,1395.24,215666.1,1940.99,202737.2,1419.16,30421.6,2433.73,172136.1,0.517,1.0088,0.9899,0.0,6846.83,21.2826,2600000
St. Louis,2025-10-26,343476.7,6182.58,79737.6,2711.08,383127.6,4597.53,153579.7,1689.38,282625.7,2543.63,188095.5,1316.67,27211.2,2176.89,167862.6,0.4553,0.9489,1.0039,0.0,5684.57,21.5833,2600000
St. Louis,2025-11-02,278977.9,5021.6,70350.8,2391.93,358305.1,4299.66,141057.1,1551.63,274371.6,2469.34,191778.9,1342.45,28947.1,2315.77,162409.2,0.4044,0.9453,0.9886,0.0,5860.25,21.2539,2600000
St. Louis,2025-11-09,357579.0,6436.42,82631.9,2809.48,395954.7,4751.46,143345.6,1576.8,276754.2,2490.79,164399.6,1150.8,28967.7,2317.42,140395.8,0.3659,0.8411,1.0121,0.0,5736.69,21.7601,2600000
St. Louis,2025-11-16,283848.5,5109.27,60829.9,2068.22,359022.2,4308.27,123114.7,1354.26,236820.5,2131.38,167226.5,1170.59,26737.6,2139.01,151981.1,0.3391,0.7478,1.0156,0.0,5661.65,21.8355,2600000
St. Louis,2025-11-23,277211.4,4989.81,77444.5,2633.11,365690.7,4388.29,141771.7,1559.49,229964.4,2069.68,147688.0,1033.82,23601.9,1888.15,137080.9,0.3218,0.9188,0.9595,1.0,6374.18,20.6286,2600000
St. Louis,2025-11-30,330530.9,5949.56,77548.9,2636.66,368744.1,4424.93,111710.9,1228.82,251791.3,2266.12,196594.0,1376.16,23576.2,1886.1,131448.9,0.3114,0.8968,0.9883,0.0,5248.08,21.2491,2600000
St. Louis,2025-12-07,245277.1,4414.99,66696.8,2267.69,279389.6,3352.67,137512.1,1512.63,191785.1,1726.07,156632.1,1096.42,25332.5,2026.6,152708.3,0.3056,0.8138,0.9342,1.0,5841.5,20.0863,2600000
St. Louis,2025-12-14,291798.1,5252.37,79950.5,2718.32,312345.9,3748.15,110717.3,1217.89,221964.0,1997.68,148668.6,1040.68,28344.6,2267.57,137711.7,0.3026,0.8765,0.9866,0.0,5179.91,21.2114,2600000
St. Louis,2025-12-21,284233.2,5116.2,80651.9,2742.17,354573.4,4254.88,115422.9,1269.65,234898.9,2114.09,167191.5,1170.34,28540.8,2283.26,140950.2,0.3011,0.7095,0.9933,0.0,5781.87,21.355,2600000
San Antonio,2023-01-01,343195.1,6177.51,66664.9,2266.61,368266.1,4419.19,104433.3,1148.77,244190.1,2197.71,142962.9,1000.74,31893.1,2551.45,155764.8,0.304,0.8355,1.0151,0.0,5325.7,21.8255,2600000
San Antonio,2023-01-08,257484.7,4634.72,60949.1,2072.27,324268.0,3891.22,120363.1,1323.99,215787.1,1942.08,182975.9,1280.83,23460.4,1876.83,146589.9,0.3079,0.8498,0.9987,0.0,4705.99,21.4715,2600000
San Antonio,2023-01-15,251739.6,4531.31,70656.0,2402.3,375339.9,4504.08,120319.0,1323.51,231690.9,2085.22,188991.7,1322.94,25405.9,2032.47,139628.5,0.315,0.7434,0.987,0.0,5313.08,21.22,2600000
San Antonio,2023-01-22,305864.2,5505.56,71382.3,2427.0,346929.7,4163.16,127401.9,1401.42,249417.1,2244.75,143037.7,1001.26,23676.8,1894.15,149234.5,0.3271,0.7458,0.9925,0.0,5008.0,21.3385,2600000
San Antonio,2023-01-29,347745.4,6259.42,82541.3,2806.4,419506.6,5034.08,138596.8,1524.56,219743.4,1977.69,147299.2,1031.09,33025.2,2642.02,149779.3,0.3467,0.7712,0.9992,0.0,5966.02,21.4829,2600000
San Antonio,2023-02-05,359335.6,6468.04,82881.6,2817.97,341595.2,4099.14,107815.5,1185.97,224520.4,2020.68,140477.9,983.35,27986.1,2238.88,152196.4,0.3767,0.9145,0.9416,1.0,6589.29,20.244,2600000
San Antonio,2023-02-12,324488.2,5840.79,75206.8,2557.03,460135.4,5521.62,109300.8,1202.31,207922.9,1871.31,148606.0,1040.24,26191.2,2095.29,166730.8,0.42,0.9927,0.9513,1.0,6656.02,20.4521,2600000
San Antonio,2023-02-19,313379.7,5640.83,67266.4,2287.06,439646.1,5275.75,132816.4,1460.98,215995.5,1943.96,144586.5,1012.11,26030.5,2082.44,167088.5,0.479,1.0007,0.99,0.0,6106.14,21.2847,2600000
San Antonio,2023-02-26,330329.6,5945.93,74919.7,2547.27,419809.0,5037.71,143095.6,1574.05,267234.4,2405.11,179707.4,1257.95,33341.1,2667.29,187375.0,0.5545,0.9549,1.0073,0.0,7299.79,21.658,2600000
San Antonio,2023-03-05,426670.9,7680.08,93051.1,3163.74,537183.5,6446.2,164346.7,1807.81,322327.1,2900.94,182853.6,1279.98,34845.3,2787.62,188579.7,0.645,0.9761,1.0068,0.0,7876.48,21.6457,2600000
San Antonio,2023-03-12,372122.1,6698.2,81837.1,2782.46,503152.9,6037.84,192168.9,2113.86,306869.4,2761.82,194964.8,1364.75,33224.1,2657.93,220028.5,0.7458,1.3987,0.9979,0.0,7689.09,21.4554,2600000
San Antonio,2023-03-19,356954.4,6425.18,104834.0,3564.36,558840.2,6706.08,155515.4,1710.67,287609.1,2588.48,190873.4,1336.11,42192.9,3375.43,234908.4,0.8492,1.3628,1.0146,0.0,9073.65,21.8149,2600000
San Antonio,2023-03-26,405719.1,7302.94,104098.3,3539.34,509131.6,6109.58,192416.7,2116.58,304639.0,2741.75,214231.6,1499.62,42218.2,3377.46,227834.8,0.9449,1.3936,1.0079,0.0,8509.62,21.6707,2600000
San Antonio,2023-04-02,489407.7,8809.34,121839.4,4142.54,527732.3,6332.79,168575.3,1854.33,346324.7,3116.92,201382.6,1409.68,42142.3,3371.38,300055.6,1.0219,1.4267,1.0157,0.0,9203.72,21.8378,2600000
San Antonio,2023-04-09,418419.1,7531.54,117096.9,3981.3,668045.1,8016.54,200443.7,2204.88,371616.3,3344.55,198422.7,1388.96,51848.5,4147.88,260676.5,1.0703,1.705,1.0145,0.0,9746.14,21.8109,2600000
San Antonio,2023-04-16,436226.7,7852.08,103142.2,3506.83,709761.6,8517.14,213710.8,2350.82,300337.9,2703.04,184946.4,1294.62,38924.5,3113.96,289748.8,1.0836,1.7677,1.0163,0.0,9555.0,21.8513,2600000
San Antonio,2023-04-23,526437.2,9475.87,117492.9,3994.76,704211.2,8450.53,177189.6,1949.09,383749.3,3453.74,167352.9,1171.47,49016.9,3921.35,264586.0,1.0599,1.7169,0.9802,0.0,9399.5,21.0738,2600000
San Antonio,2023-04-30,414703.2,7464.66,96121.9,3268.14,561882.8,6742.59,185406.3,2039.47,365204.5,3286.84,186740.5,1307.18,37060.8,2964.87,235095.1,1.0024,1.5221,1.0119,0.0,8984.84,21.7567,2600000
San Antonio,2023-05-07,429004.4,7722.08,110097.4,3743.31,497236.0,5966.83,189396.2,2083.36,344846.6,3103.62,152990.2,1070.93,47007.6,3760.61,235689.2,0.919,1.352,1.0051,0.0,8831.72,21.6097,2600000
San Antonio,2023-05-14,482491.7,8684.85,87948.1,2990.24,452995.7,5435.95,142652.9,1569.18,310780.8,2797.03,181733.0,1272.13,44359.9,3548.79,240692.2,0.82,1.1697,1.0154,0.0,8428.12,21.8319,2600000
San Antonio,2023-05-21,453307.9,8159.54,97315.2,3308.72,471399.0,5656.79,156127.8,1717.41,340603.4,3065.43,187101.8,1309.71,38949.8,3115.99,220063.6,0.7165,1.3311,1.0116,0.0,7831.49,21.75,2600000
San Antonio,2023-05-28,436096.2,7849.73,78383.3,2665.03,455764.8,5469.18,151224.0,1663.46,310581.6,2795.23,148088.0,1036.62,31923.7,2553.89,199690.5,0.6181,1.0534,1.0197,0.0,7692.08,21.9226,2600000
San Antonio,2023-06-04,347855.0,6261.39,67210.7,2285.16,377516.8,4530.2,140430.6,1544.74,286194.5,2575.75,203208.7,1422.46,35663.1,2853.05,186573.7,0.5318,1.0731,1.019,0.0,6679.74,21.9075,2600000
San Antonio,2023-06-11,390617.8,7031.12,65420.7,2224.3,420418.4,5045.02,140421.6,1544.64,213077.2,1917.69,185954.6,1301.68,27815.7,2225.26,164714.7,0.4618,0.949,0.9939,0.0,5918.1,21.3681,2600000
San Antonio,2023-06-18,365490.0,6578.82,71837.8,2442.49,463880.9,5566.57,125039.1,1375.43,245836.2,2212.53,161348.6,1129.44,34613.6,2769.09,138384.8,0.4091,0.8201,0.9521,1.0,6617.0,20.471,2600000
San Antonio,2023-06-25,314370.3,5658.67,67510.3,2295.35,463224.8,5558.7,139083.0,1529.91,267366.1,2406.29,144497.6,1011.48,32331.8,2586.54,156237.5,0.3733,0.9181,1.0161,0.0,5606.42,21.8459,2600000
San Antonio,2023-07-02,296198.5,5331.57,74175.0,2521.95,372223.4,4466.68,116183.0,1278.01,257670.2,2319.03,178903.9,1252.33,24888.9,1991.12,140538.4,0.3532,0.837,0.9803,0.0,5846.02,21.0764,2600000
San Antonio,2023-07-09,300955.7,5417.2,69807.8,2373.47,442209.3,5306.51,140747.2,1548.22,254884.4,2293.96,181366.0,1269.56,26008.9,2080.71,161716.7,0.3477,0.8281,1.0109,0.0,4916.68,21.7343,2600000
San Antonio,2023-07-16,321015.5,5778.28,65908.9,2240.9,426985.4,5123.82,141294.4,1554.24,216067.6,1944.61,149622.8,1047.36,24144.5,1931.56,145855.3,0.3564,0.7282,0.9911,0.0,5699.42,21.3079,2600000
San Antonio,2023-07-23,311275.0,5602.95,61911.6,2104.99,396861.0,4762.33,151022.5,1661.25,262529.9,2362.77,142112.9,994.79,27799.8,2223.98,147940.4,0.3798,0.9319,0.9851,0.0,5650.4,21.1803,2600000
San Antonio,2023-07-30,287083.6,5167.51,63632.0,2163.49,446493.6,5357.92,149587.6,1645.46,253817.4,2284.36,140591.3,984.14,25893.6,2071.49,146035.2,0.4182,0.8506,0.9999,0.0,5943.62,21.4988,2600000
San Antonio,2023-08-06,334529.5,6021.53,81932.9,2785.72,351207.1,4214.49,140948.2,1550.43,216405.7,1947.65,201302.0,1409.11,33597.1,2687.77,176245.5,0.4711,0.8699,0.9813,0.0,6454.24,21.0976,2600000
San Antonio,2023-08-13,294558.0,5302.04,84609.4,2876.72,465350.2,5584.2,137957.0,1517.53,268778.4,2419.01,197014.0,1379.1,34950.7,2796.05,159493.0,0.5356,1.1231,1.0103,0.0,6468.71,21.7224,2600000
San Antonio,2023-08-20,328851.6,5919.33,78196.1,2658.67,419084.6,5029.02,145524.7,1600.77,278473.1,2506.26,163841.6,1146.89,37061.0,2964.88,197929.3,0.606,1.045,1.003,0.0,7008.53,21.5654,2600000
San Antonio,2023-08-27,443643.1,7985.58,74751.5,2541.55,469578.0,5634.94,137480.5,1512.29,257754.7,2319.79,177064.0,1239.45,35535.6,2842.85,194446.9,0.6738,1.3446,1.006,0.0,7829.37,21.6299,2600000
San Antonio,2023-09-03,403881.9,7269.87,94870.0,3225.58,478759.4,5745.11,152212.2,1674.33,294202.4,2647.82,205437.6,1438.06,38302.8,3064.23,204548.1,0.7292,1.1823,0.9957,0.0,7205.01,21.4076,2600000
San Antonio,2023-09-10,415497.7,7478.96,90984.4,3093.47,504080.8,6048.97,152833.5,1681.17,263238.3,2369.14,152487.2,1067.41,37231.4,2978.51,207955.9,0.763,1.1266,1.0062,0.0,8292.83,21.6338,2600000
San Antonio,2023-09-17,435964.4,7847.36,83401.4,2835.65,487648.2,5851.78,151450.8,1665.96,296327.1,2666.94,159588.7,1117.12,44287.9,3543.03,228218.3,0.7692,1.3265,1.0053,0.0,7296.97,21.6134,2600000
San Antonio,2023-09-24,413237.6,7438.28,82295.8,2798.06,426245.8,5114.95,184466.7,2029.13,305852.0,2752.67,173752.5,1216.27,30649.6,2451.97,208215.0,0.7467,1.2798,0.9917,0.0,7730.96,21.3217,2600000
San Antonio,2023-10-01,447136.7,8048.46,100538.1,3418.29,540120.6,6481.45,137853.4,1516.39,329972.0,2969.75,152624.5,1068.37,39087.6,3127.01,208761.1,0.6995,1.378,0.9865,0.0,7418.94,21.21,2600000
San Antonio,2023-10-08,310002.1,5580.04,82722.0,2812.55,447347.9,5368.17,168927.3,1858.2,305282.5,2747.54,171461.4,1200.23,36165.8,2893.26,192298.0,0.6357,1.2848,0.9929,0.0,7478.98,21.3466,2600000
San Antonio,2023-10-15,372345.3,6702.21,83175.3,2827.96,382228.1,4586.74,166011.4,1826.13,291182.2,2620.64,160397.8,1122.78,36901.5,2952.12,173309.5,0.565,0.9778,0.9593,1.0,7216.72,20.6258,2600000
San Antonio,2023-10-22,397448.5,7154.07,87621.3,2979.12,410004.8,4920.06,142738.8,1570.13,270562.3,2435.06,198159.9,1387.12,28250.4,2260.03,169701.9,0.4965,0.8673,1.0037,0.0,6519.21,21.5798,2600000
San Antonio,2023-10-29,286894.1,5164.09,67304.6,2288.36,464310.2,5571.72,144018.1,1584.2,241571.9,2174.15,146209.1,1023.46,26044.5,2083.56,163509.0,0.4369,0.9563,0.9938,0.0,6419.95,21.3667,2600000
San Antonio,2023-11-05,275325.6,4955.86,83481.8,2838.38,423347.5,5080.17,147633.1,1623.96,257642.5,2318.78,141267.0,988.87,33893.6,2711.48,147478.4,0.3895,1.01,0.9929,0.0,5581.95,21.3468,2600000
San Antonio,2023-11-12,342500.9,6165.02,72826.4,2476.1,427300.9,5127.61,137024.2,1507.27,208433.9,1875.9,172265.6,1205.86,25019.1,2001.53,137897.5,0.355,0.8165,1.0049,0.0,5903.13,21.6059,2600000
San Antonio,2023-11-19,326357.8,5874.44,65467.6,2225.9,396891.4,4762.7,111134.5,1222.48,238415.7,2145.74,153529.3,1074.7,24021.7,1921.73,154015.1,0.3318,0.9344,0.9475,1.0,6561.32,20.3718,2600000
San Antonio,2023-11-26,281297.7,5063.36,65475.2,2226.16,395661.8,4747.94,107700.2,1184.7,243178.2,2188.6,185684.1,1299.79,27618.7,2209.5,134682.7,0.3172,0.8091,0.9991,0.0,5170.87,21.48,2600000
San Antonio,2023-12-03,268794.0,4838.29,57929.0,1969.59,406999.3,4883.99,139533.8,1534.87,193095.6,1737.86,194819.5,1363.74,30982.5,2478.6,129932.7,0.3088,0.9153,0.9505,1.0,6134.82,20.4349,2600000
San Antonio,2023-12-10,263905.0,4750.29,62088.4,2111.0,327243.0,3926.92,107414.2,1181.56,204354.9,1839.19,166180.2,1163.26,26077.1,2086.17,127524.2,0.3042,0.9019,0.963,1.0,5686.55,20.7051,2600000
San Antonio,2023-12-17,348367.2,6270.61,62238.6,2116.11,356006.2,4272.07,130239.9,1432.64,251969.2,2267.72,187027.2,1309.19,25937.5,2075.0,128173.4,0.3019,0.7862,1.0014,0.0,5010.2,21.5294,2600000
San Antonio,2023-12-24,285407.7,5137.34,80153.9,2725.23,336877.2,4042.53,115346.2,1268.81,230782.8,2077.05,171909.1,1203.36,25021.4,2001.71,129471.8,0.3008,0.7626,1.0188,0.0,5288.03,21.9048,2600000
San Antonio,2023-12-31,296303.8,5333.47,75948.7,2582.25,324589.5,3895.07,138025.3,1518.28,203487.2,1831.38,156039.4,1092.28,30766.7,2461.33,141565.8,0.3003,0.8097,1.013,0.0,5396.15,21.779,2600000
San Antonio,2024-01-07,308648.6,5555.68,60395.0,2053.43,357247.9,4286.98,119809.0,1317.9,244771.5,2202.94,170854.5,1195.98,26411.2,2112.9,134308.6,0.3072,0.9175,0.9866,0.0,5505.41,21.2118,2600000
San Antonio,2024-01-14,297323.8,5351.83,76526.7,2601.91,351680.6,4220.17,118253.6,1300.79,207583.4,1868.25,157520.9,1102.65,27271.2,2181.69,140692.5,0.3137,0.8836,0.9898,0.0,4818.06,21.2815,2600000
San Antonio,2024-01-21,261104.2,4699.88,77037.9,2619.29,353569.8,4242.84,129979.6,1429.78,217273.1,1955.46,143204.7,1002.43,28553.3,2284.27,145571.1,0.325,0.7746,1.0129,0.0,5300.18,21.7779,2600000
San Antonio,2024-01-28,316530.8,5697.55,63442.6,2157.05,322820.1,3873.84,112492.5,1237.42,239370.6,2154.34,190051.9,1330.36,32115.1,2569.21,152812.2,0.3434,0.7901,1.0031,0.0,5666.48,21.5673,2600000
San Antonio,2024-02-04,291000.6,5238.01,72782.1,2474.59,428810.8,5145.73,122595.4,1348.55,253087.7,2277.79,141414.5,989.9,30625.3,2450.03,144573.8,0.3717,0.93,0.9928,0.0,5935.57,21.3459,2600000
San Antonio,2024-02-11,362832.7,6530.99,77690.1,2641.46,460518.0,5526.22,118401.7,1302.42,258430.8,2325.88,143711.1,1005.98,26081.1,2086.49,181081.7,0.4129,0.7916,0.9608,1.0,6900.1,20.6571,2600000
San Antonio,2024-02-18,336575.4,6058.36,78664.7,2674.6,452310.1,5427.72,128862.3,1417.48,269498.3,2425.49,147394.8,1031.76,25680.7,2054.46,149146.5,0.4696,0.9273,0.9812,0.0,6287.52,21.095,2600000
San Antonio,2024-02-25,405202.1,7293.64,82134.4,2792.57,405829.1,4869.95,126455.7,1391.01,249057.6,2241.52,169262.7,1184.84,29525.3,2362.02,176685.5,0.5428,1.157,1.0076,0.0,7149.42,21.6627,2600000
San Antonio,2024-03-03,359998.0,6479.96,95927.8,3261.55,482950.1,5795.4,156203.2,1718.23,288058.5,2592.53,167557.9,1172.91,31889.3,2551.14,213185.6,0.6313,1.0322,0.9812,0.0,7404.07,21.0964,2600000
San Antonio,2024-03-10,425013.7,7650.25,91896.6,3124.48,552875.0,6634.5,190119.5,2091.31,273309.8,2459.79,181544.1,1270.81,32950.2,2636.01,229779.7,0.7311,1.4015,1.0142,0.0,8326.2,21.8062,2600000
San Antonio,2024-03-17,352882.4,6351.88,88469.7,3007.97,513821.6,6165.86,192787.6,2120.66,311271.8,2801.45,187361.4,1311.53,33818.3,2705.47,212501.8,0.8346,1.4282,0.9826,0.0,8019.11,21.127,2600000
San Antonio,2024-03-24,461466.0,8306.39,93720.1,3186.48,598047.4,7176.57,170086.0,1870.95,339356.2,3054.21,167567.7,1172.97,34132.4,2730.59,251459.6,0.9321,1.3793,0.9679,1.0,10019.72,20.8107,2600000
San Antonio,2024-03-31,395870.7,7125.67,118750.0,4037.5,554479.3,6653.75,183446.3,2017.91,342829.5,3085.47,196651.1,1376.56,41229.8,3298.39,266626.7,1.0124,1.4879,1.0158,0.0,8663.82,21.8403,2600000
San Antonio,2024-04-07,435959.8,7847.28,94655.7,3218.29,610720.8,7328.65,210857.6,2319.43,344995.3,3104.96,197821.4,1384.75,39426.6,3154.13,280982.2,1.0655,1.7854,0.9847,0.0,9346.59,21.1705,2600000
San Antonio,2024-04-14,408938.0,7360.88,108264.7,3681.0,539242.5,6470.91,196767.4,2164.44,313664.3,2822.98,209729.1,1468.1,46751.6,3740.13,275128.4,1.084,1.393,0.9911,0.0,9346.67,21.3097,2600000
San Antonio,2024-04-21,421876.6,7593.78,94055.9,3197.9,695177.8,8342.13,205967.3,2265.64,419260.2,3773.34,175123.5,1225.86,38839.0,3107.12,255015.2,1.0655,1.7272,1.0035,0.0,9210.07,21.5755,2600000
San Antonio,2024-04-28,406718.5,7320.93,112504.8,3825.16,642144.1,7705.73,189020.6,2079.23,369195.8,3322.76,203351.3,1423.46,50576.6,4046.12,270800.9,1.0124,1.5479,0.9939,0.0,9358.8,21.3683,2600000
San Antonio,2024-05-05,457303.5,8231.46,104113.0,3539.84,588769.0,7065.23,151975.6,1671.73,292511.4,2632.6,164305.2,1150.14,45291.9,3623.35,235042.4,0.9321,1.2916,1.002,0.0,9018.86,21.5427,2600000
San Antonio,2024-05-12,413364.7,7440.56,89380.7,3038.94,526323.9,6315.89,180782.1,1988.6,291285.8,2621.57,205820.8,1440.75,42343.0,3387.44,202762.5,0.8347,1.4506,0.9888,0.0,8110.27,21.2597,2600000
San Antonio,2024-05-19,385678.2,6942.21,89838.1,3054.49,439519.6,5274.23,157624.9,1733.87,266615.1,2399.54,207622.5,1453.36,33273.6,2661.89,204500.5,0.7311,1.3981,1.0171,0.0,7648.7,21.8673,2600000
San Antonio,2024-05-26,378002.0,6804.04,81330.2,2765.23,536705.7,6440.47,154222.8,1696.45,264992.4,2384.93,156326.3,1094.28,35042.6,2803.41,188292.2,0.6315,1.242,0.9377,1.0,7781.4,20.1615,2600000
San Antonio,2024-06-02,390923.3,7036.62,81752.6,2779.59,434315.3,5211.78,152077.8,1672.86,278400.2,2505.6,159681.4,1117.77,27773.9,2221.91,193254.4,0.5432,1.0145,1.0057,0.0,7099.0,21.6222,2600000
San Antonio,2024-06-09,387964.6,6983.36,71598.8,2434.36,457981.6,5495.78,126683.2,1393.52,213913.1,1925.22,164406.9,1150.85,30806.3,2464.51,153417.3,0.4707,0.9795,1.0,0.0,5940.38,21.5003,2600000
San Antonio,2024-06-16,369525.9,6651.47,78178.3,2658.06,340789.7,4089.48,113643.3,1250.08,227377.1,2046.39,172114.4,1204.8,28175.5,2254.04,152302.3,0.4156,0.9769,0.9524,1.0,6815.61,20.4771,2600000
San Antonio,2024-06-23,314277.7,5657.0,85982.9,2923.42,357049.4,4284.59,106361.8,1169.98,225117.6,2026.06,158386.1,1108.7,28421.4,2273.71,152436.5,0.3775,0.7692,1.0132,0.0,5658.23,21.7844,2600000
San Antonio,2024-06-30,360079.4,6481.43,64933.9,2207.75,350516.8,4206.2,134368.9,1478.06,201563.1,1814.07,138233.5,967.63,28572.9,2285.84,161616.0,0.3552,0.7787,1.0137,0.0,5792.29,21.7944,2600000
San Antonio,2024-07-07,354766.4,6385.8,67823.8,2306.01,356738.0,4280.86,124719.3,1371.91,244899.4,2204.09,166017.1,1162.12,28180.8,2254.46,138521.2,0.3476,0.7864,1.013,0.0,5410.78,21.7796,2600000
San Antonio,2024-07-14,303811.2,5468.6,78905.8,2682.8,360866.8,4330.4,125122.6,1376.35,247325.2,2225.93,183099.9,1281.7,31615.7,2529.25,147985.5,0.3543,0.88,0.9818,0.0,5948.88,21.1081,2600000
San Antonio,2024-07-21,320350.1,5766.3,69111.7,2349.8,367336.5,4408.04,120075.8,1320.83,259262.5,2333.36,173583.1,1215.08,32987.5,2639.0,158759.5,0.3755,0.8556,0.9805,0.0,5776.74,21.081,2600000
San Antonio,2024-07-28,347808.6,6260.56,79305.0,2696.37,456357.7,5476.29,127135.0,1398.49,267136.1,2404.23,143788.7,1006.52,31314.4,2505.15,145799.2,0.4118,0.9458,1.0131,0.0,5876.63,21.7824,2600000
San Antonio,2024-08-04,319955.4,5759.2,76284.0,2593.66,386143.5,4633.72,137247.5,1509.72,209336.3,1884.03,169105.7,1183.74,29984.3,2398.75,179024.7,0.4627,1.0994,1.0014,0.0,6175.39,21.5307,2600000
San Antonio,2024-08-11,312177.6,5619.2,81173.8,2759.91,386899.8,4642.8,119894.2,1318.84,306293.6,2756.64,175225.0,1226.58,33217.7,2657.42,174658.2,0.5258,1.0615,0.9972,0.0,6851.1,21.4397,2600000
San Antonio,2024-08-18,341298.0,6143.36,95827.6,3258.14,398761.5,4785.14,136406.4,1500.47,294126.7,2647.14,166792.0,1167.54,32638.2,2611.05,184333.4,0.5958,1.0953,0.9818,0.0,6920.02,21.1093,2600000
San Antonio,2024-08-25,344000.3,6192.01,82236.5,2796.04,557042.7,6684.51,149006.1,1639.07,313697.9,2823.28,161077.2,1127.54,36910.6,2952.85,214482.3,0.6646,1.2347,1.0139,0.0,7157.06,21.799,2600000
San Antonio,2024-09-01,397719.9,7158.96,105861.8,3599.3,427530.8,5130.37,171378.6,1885.16,345381.0,3108.43,149223.4,1044.56,35946.0,2875.68,214504.6,0.7224,1.1884,1.0135,0.0,7182.34,21.7913,2600000
San Antonio,2024-09-08,342746.2,6169.43,98313.2,3342.65,595355.1,7144.26,143563.3,1579.2,252874.5,2275.87,209960.3,1469.72,35461.3,2836.9,203390.8,0.7597,1.146,1.001,0.0,7268.62,21.5219,2600000
San Antonio,2024-09-15,364986.4,6569.76,98360.5,3344.26,542591.4,6511.1,168936.2,1858.3,287480.8,2587.33,175370.0,1227.59,33638.3,2691.06,227571.7,0.7701,1.2959,1.0198,0.0,7400.52,21.9264,2600000
San Antonio,2024-09-22,456422.6,8215.61,92808.3,3155.48,417280.2,5007.36,144312.7,1587.44,270966.2,2438.7,169243.3,1184.7,42413.5,3393.08,229749.0,0.7516,1.1931,0.9906,0.0,7618.16,21.298,2600000
San Antonio,2024-09-29,456927.5,8224.69,97893.6,3328.38,564036.4,6768.44,155639.5,1712.03,294353.8,2649.18,159191.1,1114.34,42309.1,3384.73,191738.1,0.7075,1.2482,1.0066,0.0,7594.25,21.641,2600000
San Antonio,2024-10-06,409253.6,7366.57,102099.2,3471.37,511050.7,6132.61,175814.9,1933.96,301469.7,2713.23,154283.1,1079.98,40881.1,3270.49,180174.9,0.6455,1.1238,0.9922,0.0,6994.43,21.3312,2600000
San Antonio,2024-10-13,303794.3,5468.3,94127.0,3200.32,452967.3,5435.61,157552.8,1733.08,257358.8,2316.23,184137.8,1288.96,35969.1,2877.53,187790.9,0.5751,1.0788,1.0014,0.0,7097.16,21.5294,2600000
San Antonio,2024-10-20,284758.0,5125.64,70839.5,2408.54,484679.1,5816.15,154332.0,1697.65,279692.4,2517.23,156673.4,1096.71,29146.4,2331.71,188003.6,0.5058,0.9551,0.9524,1.0,7717.87,20.4772,2600000
San Antonio,2024-10-27,296578.5,5338.41,89496.7,3042.89,433256.9,5199.08,140701.3,1547.71,263323.5,2369.91,145699.1,1019.89,25363.7,2029.09,174940.6,0.4447,0.9647,0.9545,1.0,6726.55,20.5217,2600000
San Antonio,2024-11-03,327136.3,5888.45,67785.2,2304.7,404466.5,4853.6,113387.1,1247.26,264273.9,2378.46,169584.1,1187.09,34758.2,2780.66,148762.4,0.3955,0.9823,0.9911,0.0,5715.31,21.308,2600000
San Antonio,2024-11-10,323608.6,5824.96,79435.0,2700.79,336363.5,4036.36,117111.3,1288.22,248829.5,2239.47,148793.4,1041.55,29154.1,2332.33,133002.2,0.3592,0.9221,0.9459,1.0,6423.31,20.3374,2600000
San Antonio,2024-11-17,270933.8,4876.81,74550.9,2534.73,451708.2,5420.5,109674.1,1206.42,233640.3,2102.76,151784.5,1062.49,27777.1,2222.16,155590.1,0.3345,0.8444,0.938,1.0,6372.33,20.1678,2600000
San Antonio,2024-11-24,309433.4,5569.8,57608.0,1958.67,387582.7,4650.99,118465.6,1303.12,259793.2,2338.14,144413.6,1010.9,30905.8,2472.47,145620.3,0.3189,0.7973,0.9884,0.0,5275.08,21.2502,2600000
San Antonio,2024-12-01,256545.7,4617.82,70109.4,2383.72,439405.5,5272.87,142614.0,1568.75,198553.1,1786.98,144346.2,1010.42,25520.1,2041.61,150036.6,0.3097,0.9153,0.9898,0.0,5358.08,21.2802,2600000
San Antonio,2024-12-08,326737.8,5881.28,65516.4,2227.56,401226.8,4814.72,111248.5,1223.73,186015.5,1674.14,171977.9,1203.85,28006.3,2240.51,133538.4,0.3047,0.9169,1.0061,0.0,5429.38,21.6322,2600000
San Antonio,2024-12-15,274280.0,4937.04,63723.8,2166.61,345793.5,4149.52,99953.6,1099.49,252293.7,2270.64,144164.8,1009.15,27898.3,2231.87,142004.7,0.3021,0.7368,1.018,0.0,5396.79,21.8862,2600000
San Antonio,2024-12-22,248436.2,4471.85,71641.7,2435.82,321840.7,3862.09,138281.5,1521.1,234979.9,2114.82,139743.3,978.2,28807.9,2304.63,149074.2,0.3009,0.7064,1.0032,0.0,4738.24,21.5696,2600000
San Antonio,2024-12-29,324735.4,5845.24,63957.2,2174.54,414093.4,4969.12,114126.8,1255.39,251023.3,2259.21,156772.6,1097.41,28445.2,2275.61,130675.2,0.3004,0.9188,0.9478,1.0,6148.68,20.3778,2600000
San Antonio,2025-01-05,246284.3,4433.12,64072.2,2178.45,365107.4,4381.29,127064.2,1397.71,247485.7,2227.37,193503.5,1354.52,22631.1,1810.48,132848.3,0.3059,0.7636,1.0004,0.0,5361.66,21.5081,2600000
San Antonio,2025-01-12,306917.0,5524.51,64745.8,2201.36,437827.9,5253.93,141572.9,1557.3,208371.4,1875.34,192262.6,1345.84,23039.3,1843.14,130590.4,0.3115,0.8423,0.9859,0.0,5470.94,21.1963,2600000
San Antonio,2025-01-19,320122.9,5762.21,62003.9,2108.13,352749.6,4233.0,133845.5,1472.3,205417.7,1848.76,192978.4,1350.85,25283.6,2022.69,146122.3,0.3212,0.7644,0.9688,1.0,6438.05,20.8285,2600000
San Antonio,2025-01-26,270154.5,4862.78,75977.1,2583.22,380851.8,4570.22,144316.4,1587.48,228391.2,2055.52,157666.4,1103.66,24902.3,1992.18,140664.4,0.3372,0.8443,0.9658,1.0,6776.84,20.7656,2600000
San Antonio,2025-02-02,300415.4,5407.48,73848.6,2510.85,458727.4,5504.73,126027.8,1386.31,231700.4,2085.3,183153.6,1282.08,25705.2,2056.42,154652.9,0.3624,0.9826,0.9327,1.0,6625.79,20.0521,2600000
San Antonio,2025-02-09,310741.9,5593.35,64199.3,2182.78,379562.9,4554.76,132335.8,1455.69,278323.3,2504.91,186069.3,1302.48,27872.6,2229.81,155351.3,0.3996,0.8452,1.0181,0.0,5937.88,21.8887,2600000
San Antonio,2025-02-16,326308.8,5873.56,86598.9,2944.36,367050.4,4404.61,140358.9,1543.95,213077.3,1917.7,141057.6,987.4,32181.0,2574.48,171759.6,0.4517,0.9342,1.0111,0.0,6120.39,21.7386,2600000
San Antonio,2025-02-23,392667.2,7068.01,77765.8,2644.04,504516.3,6054.2,120564.6,1326.21,274375.7,2469.38,198093.5,1386.65,37142.4,2971.39,173103.9,0.5202,1.0519,0.9871,0.0,6098.56,21.2228,2600000
San Antonio,2025-03-02,318892.3,5740.06,74448.1,2531.24,422029.2,5064.35,168456.1,1853.02,307666.6,2769.0,149136.2,1043.95,33250.0,2660.0,202303.7,0.6046,0.9407,0.9889,0.0,7536.01,21.2614,2600000
San Antonio,2025-03-09,372908.7,6712.36,98032.1,3333.09,473447.5,5681.37,187308.7,2060.4,246730.1,2220.57,161839.0,1132.87,40582.8,3246.63,199321.4,0.7018,1.033,1.0102,0.0,7776.95,21.7191,2600000
San Antonio,2025-03-16,419397.1,7549.15,80082.5,2722.8,458874.2,5506.49,142547.4,1568.02,362215.6,3259.94,179766.0,1258.36,37529.5,3002.36,238532.8,0.8052,1.2693,0.9485,1.0,9060.15,20.3935,2600000
San Antonio,2025-03-23,464709.4,8364.77,112226.4,3815.7,598215.5,7178.59,192010.4,2112.11,376666.3,3390.0,151011.1,1057.08,42795.0,3423.6,232589.4,0.9055,1.3781,0.9966,0.0,8094.64,21.4261,2600000
San Antonio,2025-03-30,522589.0,9406.6,95977.2,3263.22,577363.9,6928.37,181278.8,1994.07,402877.4,3625.9,200283.2,1401.98,49908.1,3992.64,257370.6,0.9919,1.7085,1.0003,0.0,9048.39,21.5057,2600000
San Antonio,2025-04-06,514939.2,9268.91,114326.9,3887.12,652285.3,7827.42,174876.8,1923.64,346082.0,3114.74,190348.6,1332.44,36327.5,2906.2,295567.1,1.0536,1.5405,0.9812,0.0,10159.5,21.0959,2600000
San Antonio,2025-04-13,396406.1,7135.31,114169.6,3881.77,651724.8,7820.7,221287.1,2434.16,341968.0,3077.71,203849.5,1426.95,46831.1,3746.49,259180.7,1.0825,1.738,0.9872,0.0,9319.36,21.2245,2600000
San Antonio,2025-04-20,395008.7,7110.16,112245.2,3816.34,600051.4,7200.62,173927.1,1913.2,349750.7,3147.76,216286.1,1514.0,50963.7,4077.09,253276.2,1.0745,1.7408,0.9885,0.0,8980.44,21.2521,2600000
San Antonio,2025-04-27,440760.8,7933.69,122852.3,4176.98,662943.2,7955.32,187895.4,2066.85,310055.0,2790.5,213572.0,1495.0,43925.9,3514.07,245252.4,1.0308,1.608,1.0154,0.0,9277.83,21.8305,2600000
San Antonio,2025-05-04,505131.6,9092.37,119034.3,4047.17,474979.2,5699.75,181957.0,2001.53,331012.0,2979.11,177356.0,1241.49,46863.1,3749.05,217465.0,0.9573,1.3049,1.0118,0.0,8558.57,21.7544,2600000
San Antonio,2025-05-11,457576.6,8236.38,87078.6,2960.67,561836.5,6742.04,149248.3,1641.73,364139.2,3277.25,205993.8,1441.96,43390.5,3471.24,245181.8,0.8636,1.1906,1.0101,0.0,8370.64,21.7166,2600000
San Antonio,2025-05-18,450490.7,8108.83,91774.3,3120.33,469159.6,5629.91,186433.3,2050.77,271463.2,2443.17,179689.0,1257.82,36721.5,2937.72,201918.5,0.7607,1.3693,1.0187,0.0,7546.84,21.9023,2600000
San Antonio,2025-05-25,327732.6,5899.19,74539.6,2534.35,558005.7,6696.07,140460.2,1545.06,329779.4,2968.01,154271.7,1079.9,36161.8,2892.94,205630.5,0.6591,0.993,0.9913,0.0,8050.6,21.3119,2600000
San Antonio,2025-06-01,415946.5,7487.04,80673.1,2742.89,531221.1,6374.65,140641.4,1547.06,297258.4,2675.33,188631.0,1320.42,30036.5,2402.92,193170.2,0.567,1.1597,0.992,0.0,7329.68,21.3282,2600000
San Antonio,2025-06-08,303127.4,5456.29,93122.2,3166.16,462029.1,5544.35,154861.9,1703.48,223028.5,2007.26,165165.6,1156.16,29944.6,2395.57,167906.3,0.4897,1.0314,1.0008,0.0,6584.51,21.5167,2600000
San Antonio,2025-06-15,377175.3,6789.16,72397.1,2461.5,389239.8,4670.88,127433.7,1401.77,272645.1,2453.81,192633.2,1348.43,33251.4,2660.11,159595.1,0.4296,0.8154,0.9932,0.0,5978.97,21.3532,2600000
San Antonio,2025-06-22,337109.8,6067.98,76233.6,2591.94,451885.9,5422.63,149486.0,1644.35,239257.1,2153.31,197785.1,1384.5,30538.9,2443.11,150116.3,0.3867,0.7808,0.9649,1.0,6812.31,20.7462,2600000
San Antonio,2025-06-29,336317.7,6053.72,64439.1,2190.93,390993.3,4691.92,137404.8,1511.45,247763.5,2229.87,164268.6,1149.88,25313.8,2025.1,144034.7,0.36,0.9603,0.9553,1.0,6255.71,20.5389,2600000
San Antonio,2025-07-06,358053.2,6444.96,76062.6,2586.13,346918.8,4163.03,119669.9,1316.37,241530.9,2173.78,156531.9,1095.72,33380.6,2670.45,160602.4,0.3483,0.8907,1.0177,0.0,6048.57,21.8809,2600000
San Antonio,2025-07-13,322884.3,5811.92,68874.9,2341.75,435673.3,5228.08,145155.4,1596.71,255862.6,2302.76,157109.5,1099.77,33352.4,2668.19,162160.7,0.3509,0.797,0.9859,0.0,6295.13,21.197,2600000
San Antonio,2025-07-20,337661.3,6077.9,80221.4,2727.53,446007.2,5352.09,116401.0,1280.41,244645.1,2201.81,143556.2,1004.89,24717.8,1977.43,171235.2,0.3679,0.97,1.0055,0.0,5985.22,21.6181,2600000
San Antonio,2025-07-27,373061.9,6715.12,71346.3,2425.77,453656.6,5443.88,112633.4,1238.97,280802.0,2527.22,151963.9,1063.75,30477.4,2438.19,162620.5,0.3999,0.8028,1.004,0.0,5768.79,21.5851,2600000
San Antonio,2025-08-03,353323.8,6359.83,83758.4,2847.78,403151.5,4837.82,135766.8,1493.43,232611.5,2093.5,161350.3,1129.45,33627.0,2690.16,165710.6,0.4468,0.8312,1.0113,0.0,6676.72,21.7429,2600000
San Antonio,2025-08-10,349111.7,6284.01,88779.6,3018.51,490604.5,5887.25,138168.8,1519.86,293503.2,2641.53,170455.4,1193.19,32060.3,2564.82,168857.9,0.5068,0.9012,0.9352,1.0,7480.83,20.1071,2600000
San Antonio,2025-08-17,318251.6,5728.53,85866.2,2919.45,465925.3,5591.1,125485.3,1380.34,279735.4,2517.62,177928.2,1245.5,27461.9,2196.95,188275.5,0.5756,1.1146,0.9943,0.0,7081.32,21.3765,2600000
San Antonio,2025-08-24,327816.4,5900.7,88822.1,3019.95,395486.7,4745.84,179579.8,1975.38,330601.5,2975.41,159323.8,1115.27,38146.5,3051.72,186424.6,0.6457,1.0023,0.9957,0.0,7306.33,21.4078,2600000
San Antonio,2025-08-31,383356.0,6900.41,92052.6,3129.79,480669.6,5768.03,186232.0,2048.55,289039.6,2601.36,157749.1,1104.24,38005.0,3040.4,213237.9,0.7076,1.242,0.985,0.0,7512.02,21.1781,2600000
San Antonio,2025-09-07,355023.8,6390.43,91922.2,3125.35,584263.8,7011.17,151129.6,1662.43,258420.5,2325.78,198455.7,1389.19,41239.4,3299.15,206254.9,0.7516,1.113,0.9876,0.0,7758.5,21.2328,2600000
San Antonio,2025-09-14,338613.4,6095.04,89842.1,3054.63,528138.3,6337.66,137133.6,1508.47,281412.3,2532.71,174980.3,1224.86,31887.5,2551.0,214114.7,0.7701,1.1879,1.0034,0.0,7614.03,21.5735,2600000
San Antonio,2025-09-21,396829.5,7142.93,97044.8,3299.52,456552.6,5478.63,158495.6,1743.45,272463.9,2452.18,165731.2,1160.12,31435.9,2514.87,218141.9,0.7597,1.2575,1.0071,0.0,7822.09,21.6533,2600000
San Antonio,2025-09-28,421083.0,7579.49,76426.7,2598.51,484449.5,5813.39,177918.9,1957.11,338813.4,3049.32,173500.5,1214.5,30814.5,2465.16,196254.5,0.7223,1.0493,1.0042,0.0,7406.39,21.59,2600000
San Antonio,2025-10-05,442868.0,7971.62,79073.4,2688.5,480380.4,5764.57,148512.7,1633.64,283629.4,2552.66,203112.7,1421.79,37723.2,3017.85,214948.9,0.6645,1.2088,1.0172,0.0,7488.7,21.869,2600000
San Antonio,2025-10-12,316416.8,5695.5,84597.2,2876.31,446633.9,5359.61,132021.2,1452.23,242266.1,2180.39,183867.7,1287.07,37102.5,2968.2,189166.9,0.5955,1.1782,1.0124,0.0,7095.61,21.7671,2600000
San Antonio,2025-10-19,327138.2,5888.49,95595.9,3250.26,471830.5,5661.97,154967.2,1704.64,304622.8,2741.61,173689.6,1215.83,36305.9,2904.47,172922.6,0.5251,1.1537,1.0191,0.0,6891.83,21.9117,2600000
San Antonio,2025-10-26,277139.6,4988.51,77320.8,2628.91,363163.0,4357.96,135628.5,1491.91,274213.2,2467.92,175781.0,1230.47,33360.7,2668.86,168797.0,0.461,1.0189,1.0167,0.0,5850.15,21.8583,2600000
San Antonio,2025-11-02,358124.7,6446.24,66023.5,2244.8,460376.1,5524.51,121329.9,1334.63,264691.1,2382.22,143956.2,1007.69,29760.3,2380.83,144143.4,0.4082,0.9184,1.0066,0.0,5896.29,21.6414,2600000
San Antonio,2025-11-09,344735.4,6205.24,67658.2,2300.38,433445.0,5201.34,104704.2,1151.75,213468.8,1921.22,186616.9,1306.32,30933.4,2474.67,164741.5,0.3683,0.7601,0.9923,0.0,5882.05,21.3343,2600000
San Antonio,2025-11-16,252377.4,4542.79,62895.9,2138.46,430205.3,5162.46,112103.7,1233.14,218986.8,1970.88,185863.9,1301.05,29402.1,2352.16,146156.4,0.3405,0.824,1.0116,0.0,5698.17,21.7495,2600000
San Antonio,2025-11-23,286080.2,5149.44,64632.5,2197.5,392752.0,4713.02,129673.6,1426.41,203569.7,1832.13,182795.8,1279.57,29741.0,2379.28,123695.5,0.3226,0.9315,0.9812,0.0,5656.51,21.0953,2600000
San Antonio,2025-11-30,347515.5,6255.28,66081.3,2246.76,433522.7,5202.27,131875.3,1450.63,206293.8,1856.64,139432.4,976.03,28409.9,2272.8,134082.6,0.3118,0.8516,0.9868,0.0,5089.44,21.2163,2600000
San Antonio,2025-12-07,261151.1,4700.72,70701.9,2403.87,333384.7,4000.62,125184.5,1377.03,220708.3,1986.37,172779.1,1209.45,24345.3,1947.63,132214.6,0.3058,0.6872,1.0071,0.0,5627.09,21.6534,2600000
San Antonio,2025-12-14,298098.1,5365.77,68709.7,2336.13,391930.7,4703.17,101271.5,1113.99,185112.1,1666.01,154271.3,1079.9,31201.3,2496.1,140022.3,0.3027,0.8389,1.0187,0.0,4943.98,21.9013,2600000
San Antonio,2025-12-21,286475.8,5156.56,68987.1,2345.56,412700.3,4952.4,126226.4,1388.49,228930.2,2060.37,195018.0,1365.13,29793.7,2383.5,148391.5,0.3012,0.852,0.9908,0.0,5975.51,21.3021,2600000
Nashville,2023-01-01,286338.0,5154.08,51569.7,1753.37,321100.8,3853.21,133185.8,1465.04,198629.8,1787.67,159317.3,1115.22,26025.6,2082.05,122841.7,0.304,0.6938,0.999,0.0,4469.47,21.4775,2300000
Nashville,2023-01-08,264647.4,4763.65,63190.4,2148.48,332309.7,3987.72,131948.8,1451.44,182292.1,1640.63,154942.3,1084.6,21551.6,1724.13,117286.3,0.3079,0.8934,0.9924,0.0,4263.15,21.3365,2300000
Nashville,2023-01-15,293810.8,5288.59,62895.4,2138.44,265713.7,3188.56,94334.1,1037.68,199363.2,1794.27,133527.5,934.69,22871.8,1829.75,123840.9,0.315,0.7195,0.985,0.0,5075.57,21.1786,2300000
Nashville,2023-01-22,277292.1,4991.26,71689.8,2437.45,329704.8,3956.46,126053.6,1386.59,180373.8,1623.36,151957.2,1063.7,27453.7,2196.29,125836.8,0.3271,0.7481,0.997,0.0,4971.97,21.4352,2300000
Nashville,2023-01-29,313408.0,5641.34,70282.1,2389.59,363776.7,4365.32,113767.7,1251.44,168634.8,1517.71,124704.3,872.93,28556.6,2284.53,119570.0,0.3467,0.9548,1.0155,0.0,5245.47,21.8331,2300000
Nashville,2023-02-05,276775.1,4981.95,58433.9,1986.75,378413.5,4540.96,129059.0,1419.65,222402.1,2001.62,127510.4,892.57,28307.1,2264.57,130972.4,0.3767,0.8713,0.9993,0.0,5231.47,21.4845,2300000
Nashville,2023-02-12,279237.6,5026.28,58171.5,1977.83,387221.7,4646.66,108483.3,1193.32,236311.5,2126.8,148588.0,1040.12,21872.5,1749.8,143408.4,0.42,0.8091,1.0044,0.0,5663.65,21.5936,2300000
Nashville,2023-02-19,326645.6,5879.62,70964.5,2412.79,425021.1,5100.25,147180.1,1618.98,207738.0,1869.64,165006.8,1155.05,31763.5,2541.08,161084.8,0.479,0.9896,0.9957,0.0,5566.37,21.4081,2300000
Nashville,2023-02-26,355428.5,6397.71,76157.5,2589.36,319294.3,3831.53,114351.4,1257.87,225389.6,2028.51,155469.5,1088.29,24629.2,1970.34,163255.6,0.5545,1.0843,0.9961,0.0,6452.09,21.4164,2300000
Nashville,2023-03-05,305507.5,5499.13,73146.9,2486.99,405041.4,4860.5,158112.8,1739.24,212698.9,1914.29,152946.0,1070.62,30152.2,2412.18,179150.9,0.645,0.9928,0.9907,0.0,6681.81,21.2997,2300000
Nashville,2023-03-12,329364.9,5928.57,86194.5,2930.61,459681.6,5516.18,133410.5,1467.52,227376.4,2046.39,146659.8,1026.62,37945.1,3035.61,178878.1,0.7458,1.2626,0.9583,1.0,8004.12,20.6032,2300000
Nashville,2023-03-19,353468.3,6362.43,83197.8,2828.72,533080.8,6396.97,162298.0,1785.28,268128.0,2413.15,186258.0,1303.81,33574.9,2685.99,211289.7,0.8492,1.1804,0.9926,0.0,7489.06,21.3415,2300000
Nashville,2023-03-26,433177.6,7797.2,90709.2,3084.11,451682.1,5420.18,184561.3,2030.17,274525.6,2470.73,147443.7,1032.11,39885.4,3190.83,198243.2,0.9449,1.3415,1.0065,0.0,7600.31,21.6401,2300000
Nashville,2023-04-02,358129.8,6446.34,84227.7,2863.74,569909.3,6838.91,204698.2,2251.68,353891.9,3185.03,170279.2,1191.95,43284.4,3462.75,221464.7,1.0219,1.4472,1.013,0.0,8687.87,21.78,2300000
Nashville,2023-04-09,427510.4,7695.19,92276.6,3137.4,450437.1,5405.25,171153.3,1882.69,287708.3,2589.37,170321.9,1192.25,39864.8,3189.18,267048.9,1.0703,1.6543,0.992,0.0,8603.43,21.3271,2300000
Nashville,2023-04-16,353811.9,6368.61,101770.9,3460.21,501963.8,6023.57,208154.6,2289.7,346657.2,3119.91,184642.2,1292.5,33091.5,2647.32,235919.2,1.0836,1.4498,0.9817,0.0,8673.71,21.1063,2300000
Nashville,2023-04-23,401250.0,7222.5,102840.2,3496.57,564047.2,6768.57,199293.3,2192.23,325656.6,2930.91,167643.6,1173.51,33969.6,2717.57,239610.3,1.0599,1.608,0.994,0.0,8397.6,21.3717,2300000
Nashville,2023-04-30,341841.1,6153.14,94834.1,3224.36,570280.2,6843.36,170080.5,1870.89,273587.7,2462.29,166344.4,1164.41,33222.9,2657.83,222380.8,1.0024,1.6966,0.9466,1.0,8933.5,20.3525,2300000
Nashville,2023-05-07,356853.9,6423.37,105145.3,3574.94,402930.7,4835.17,160414.6,1764.56,342909.0,3086.18,179254.2,1254.78,37611.9,3008.95,219785.4,0.919,1.4362,0.9367,1.0,9082.3,20.1388,2300000
Nashville,2023-05-14,408920.9,7360.58,89777.9,3052.45,426944.4,5123.33,166511.6,1831.63,283378.5,2550.41,174626.9,1222.39,38256.2,3060.49,211321.8,0.82,1.3261,0.9833,0.0,7880.76,21.142,2300000
Nashville,2023-05-21,345390.2,6217.02,76846.8,2612.79,422057.4,5064.69,141349.5,1554.84,222236.1,2000.12,182941.0,1280.59,31963.4,2557.08,181507.2,0.7165,1.0828,0.9615,1.0,7988.78,20.6727,2300000
Nashville,2023-05-28,307731.2,5539.16,68859.9,2341.24,352198.8,4226.39,158315.0,1741.46,245762.2,2211.86,135360.8,947.53,26937.6,2155.01,170510.9,0.6181,1.1203,0.9924,0.0,6344.07,21.3358,2300000
Nashville,2023-06-04,322793.5,5810.28,79501.3,2703.04,317587.9,3811.05,118358.3,1301.94,216054.4,1944.49,155283.8,1086.99,32108.0,2568.64,178238.4,0.5318,0.9103,1.0146,0.0,6385.81,21.8148,2300000
Nashville,2023-06-11,280453.0,5048.15,63607.6,2162.66,395335.4,4744.02,108965.4,1198.62,213255.8,1919.3,140966.7,986.77,22627.3,1810.18,137941.4,0.4618,0.8386,0.9967,0.0,5832.28,21.4291,2300000
Nashville,2023-06-18,316363.5,5694.54,55523.7,1887.81,316129.8,3793.56,117189.4,1289.08,237271.1,2135.44,173650.4,1215.55,27085.0,2166.8,126840.6,0.4091,0.9817,0.994,0.0,4996.24,21.3717,2300000
Nashville,2023-06-25,252475.3,4544.56,58757.5,1997.76,368423.6,4421.08,137559.6,1513.16,238377.7,2145.4,152666.8,1068.67,24847.3,1987.78,141397.7,0.3733,0.8836,1.012,0.0,4907.46,21.7579,2300000
Nashville,2023-07-02,248256.9,4468.62,62905.7,2138.79,333286.0,3999.43,107460.2,1182.06,196153.5,1765.38,123250.5,862.75,24158.0,1932.64,131653.1,0.3532,0.7572,0.9877,0.0,5059.25,21.2363,2300000
Nashville,2023-07-09,305904.9,5506.29,67385.0,2291.09,373622.0,4483.46,131400.5,1445.41,193383.6,1740.45,147046.3,1029.32,21226.9,1698.15,123868.4,0.3477,0.8145,0.9945,0.0,4854.9,21.382,2300000
Nashville,2023-07-16,279093.4,5023.68,67397.2,2291.5,385678.1,4628.14,130486.4,1435.35,180353.6,1623.18,131476.2,920.33,24805.1,1984.41,137945.4,0.3564,0.9368,1.0131,0.0,5386.7,21.7815,2300000
Nashville,2023-07-23,260162.9,4682.93,65484.0,2226.45,371321.6,4455.86,106300.7,1169.31,244023.5,2196.21,128147.7,897.03,23710.5,1896.84,125810.1,0.3798,0.938,1.0054,0.0,4947.46,21.6169,2300000
Nashville,2023-07-30,298658.7,5375.86,57115.2,1941.92,367408.8,4408.91,134726.1,1481.99,243790.6,2194.12,157040.1,1099.28,28564.0,2285.12,129845.4,0.4182,0.9278,0.9813,0.0,5220.22,21.0972,2300000
Nashville,2023-08-06,350159.2,6302.87,81143.7,2758.89,331871.2,3982.45,106123.6,1167.36,193685.8,1743.17,160248.1,1121.74,25759.1,2060.73,157609.1,0.4711,0.8288,1.0192,0.0,5572.91,21.9138,2300000
Nashville,2023-08-13,266831.7,4802.97,70072.2,2382.45,384909.0,4618.91,150599.0,1656.59,198325.9,1784.93,125252.7,876.77,33145.9,2651.67,159739.6,0.5356,1.1578,1.0172,0.0,5562.97,21.8704,2300000
Nashville,2023-08-20,275855.3,4965.4,88736.3,3017.03,355656.1,4267.87,145859.0,1604.45,257946.3,2321.52,136655.8,956.59,33467.6,2677.41,165840.5,0.606,1.0044,1.0131,0.0,6370.51,21.7824,2300000
Nashville,2023-08-27,355520.5,6399.37,85893.9,2920.39,414167.0,4970.0,146552.6,1612.08,298717.6,2688.46,155705.9,1089.94,36394.6,2911.57,176854.2,0.6738,1.2611,1.0136,0.0,6379.03,21.793,2300000
Nashville,2023-09-03,388317.7,6989.72,70513.9,2397.47,469302.2,5631.63,148567.9,1634.25,251983.5,2267.85,166469.3,1165.29,35982.7,2878.62,201661.9,0.7292,1.3905,1.0152,0.0,6731.54,21.8258,2300000
Nashville,2023-09-10,374587.5,6742.58,84581.7,2875.78,395516.6,4746.2,137219.7,1509.42,229421.1,2064.79,160433.5,1123.03,30328.9,2426.31,171819.6,0.763,1.3672,1.0162,0.0,6518.75,21.8487,2300000
Nashville,2023-09-17,318103.1,5725.86,94285.9,3205.72,458388.5,5500.66,147796.1,1625.76,296855.7,2671.7,166910.2,1168.37,31366.0,2509.28,179203.0,0.7692,1.2612,0.9887,0.0,7004.38,21.2562,2300000
Nashville,2023-09-24,362784.3,6530.12,84087.4,2858.97,485172.7,5822.07,142574.5,1568.32,268955.7,2420.6,185275.0,1296.92,33574.0,2685.92,160376.4,0.7467,1.4313,0.9804,0.0,6468.67,21.0781,2300000
Nashville,2023-10-01,297580.4,5356.45,90599.3,3080.38,478447.4,5741.37,144350.7,1587.86,225388.4,2028.5,164057.9,1148.4,35846.0,2867.68,166547.9,0.6995,1.2406,1.018,0.0,6030.84,21.8863,2300000
Nashville,2023-10-08,348487.3,6272.77,69700.0,2369.8,444648.6,5335.78,148926.2,1638.19,284985.6,2564.87,139593.9,977.16,33578.6,2686.29,160998.8,0.6357,1.2309,1.0064,0.0,5801.28,21.6382,2300000
Nashville,2023-10-15,280921.9,5056.59,62975.6,2141.17,398539.3,4782.47,112658.3,1239.24,229162.0,2062.46,150264.1,1051.85,27114.3,2169.15,160203.3,0.565,0.9957,1.0144,0.0,6195.16,21.8089,2300000
Nashville,2023-10-22,275494.9,4958.91,64561.7,2195.1,339141.4,4069.7,124544.0,1369.98,225468.3,2029.21,144884.9,1014.19,27067.1,2165.37,146698.6,0.4965,1.0344,1.008,0.0,5245.25,21.6728,2300000
Nashville,2023-10-29,293354.5,5280.38,65007.8,2210.26,295731.7,3548.78,142907.9,1571.99,226244.7,2036.2,167669.6,1173.69,22925.7,1834.05,138461.5,0.4369,0.8168,0.9397,1.0,5712.34,20.204,2300000
Nashville,2023-11-05,237401.4,4273.22,60903.3,2070.71,340776.9,4089.32,141340.5,1554.75,240521.6,2164.69,144830.5,1013.81,29323.9,2345.91,123253.0,0.3895,0.9034,1.0022,0.0,4918.17,21.5464,2300000
Nashville,2023-11-12,298077.5,5365.4,61277.7,2083.44,276359.4,3316.31,126111.3,1387.22,170418.0,1533.76,169931.9,1189.52,29502.7,2360.22,118532.9,0.355,0.7605,0.9932,0.0,5008.93,21.3535,2300000
Nashville,2023-11-19,257857.0,4641.43,66742.2,2269.23,355809.7,4269.72,127539.6,1402.94,221774.9,1995.97,167933.7,1175.54,28927.2,2314.18,134274.7,0.3318,0.9292,0.9515,1.0,5377.17,20.4567,2300000
Nashville,2023-11-26,299069.2,5383.25,50930.3,1731.63,371600.7,4459.21,117075.4,1287.83,218055.4,1962.5,123005.2,861.04,26489.2,2119.14,113192.7,0.3172,0.8589,1.015,0.0,4365.86,21.8234,2300000
Nashville,2023-12-03,224696.7,4044.54,51556.9,1752.93,280729.4,3368.75,122209.6,1344.31,201648.5,1814.84,158747.5,1111.23,22764.0,1821.12,115965.1,0.3088,0.8614,0.9447,1.0,5138.19,20.3112,2300000
Nashville,2023-12-10,306672.9,5520.11,59471.8,2022.04,364102.9,4369.24,97960.7,1077.57,188889.0,1700.0,122192.5,855.35,22923.4,1833.87,113812.1,0.3042,0.9016,0.9837,0.0,4872.18,21.1486,2300000
Nashville,2023-12-17,271878.7,4893.82,67038.7,2279.32,267482.5,3209.79,117073.1,1287.8,205831.4,1852.48,156993.0,1098.95,23278.9,1862.31,110227.9,0.3019,0.7368,0.9916,0.0,4747.17,21.3191,2300000
Nashville,2023-12-24,285585.0,5140.53,65727.9,2234.75,291096.7,3493.16,100066.3,1100.73,175152.8,1576.38,134033.8,938.24,25514.7,2041.17,126892.0,0.3008,0.8416,0.9918,0.0,4648.26,21.3236,2300000
Nashville,2023-12-31,248885.0,4479.93,50188.5,1706.41,263439.5,3161.27,108225.2,1190.48,226278.8,2036.51,149607.0,1047.25,26895.2,2151.62,123169.2,0.3003,0.7095,0.9978,0.0,4565.2,21.4531,2300000
Nashville,2024-01-07,230020.4,4140.37,53391.5,1815.31,364082.6,4368.99,95414.2,1049.56,226135.8,2035.22,131494.6,920.46,20017.6,1601.41,123724.5,0.3072,0.7643,1.003,0.0,4807.82,21.5645,2300000
Nashville,2024-01-14,235874.9,4245.75,55412.1,1884.01,297322.6,3567.87,120286.7,1323.15,188000.6,1692.01,165488.5,1158.42,24863.2,1989.06,125397.0,0.3137,0.8688,0.9526,1.0,5134.93,20.4813,2300000
Nashville,2024-01-21,285029.3,5130.53,63495.7,2158.85,307305.0,3687.66,129726.5,1426.99,205906.2,1853.16,160045.6,1120.32,25897.7,2071.82,122283.0,0.325,0.8641,1.0153,0.0,4839.85,21.8298,2300000
Nashville,2024-01-28,256930.6,4624.75,58813.7,1999.67,326996.7,3923.96,131444.7,1445.89,226839.1,2041.55,152888.6,1070.22,20691.4,1655.31,136153.5,0.3434,0.8968,0.9951,0.0,5291.62,21.3948,2300000
Nashville,2024-02-04,240868.6,4335.64,68511.6,2329.39,314959.8,3779.52,121057.8,1331.64,198843.3,1789.59,151083.3,1057.58,25445.5,2035.64,121815.1,0.3717,0.922,0.9965,0.0,4878.57,21.4242,2300000
Nashville,2024-02-11,280404.7,5047.29,64038.4,2177.31,396610.7,4759.33,143441.2,1577.85,181179.0,1630.61,161395.4,1129.77,26370.2,2109.61,132899.3,0.4129,0.8164,0.9855,0.0,5468.33,21.1893,2300000
Nashville,2024-02-18,306177.0,5511.19,57357.6,1950.16,384760.9,4617.13,134699.0,1481.69,250132.3,2251.19,133218.8,932.53,26439.3,2115.15,157368.3,0.4696,1.0331,1.0,0.0,5471.14,21.5007,2300000
Nashville,2024-02-25,302398.7,5443.18,72366.4,2460.46,333858.9,4006.31,153034.7,1683.38,215223.2,1937.01,164480.2,1151.36,31343.7,2507.5,138799.4,0.5428,0.8872,0.9837,0.0,5756.12,21.1494,2300000
Nashville,2024-03-03,361645.8,6509.62,88764.1,3017.98,425488.0,5105.86,146276.8,1609.05,292758.4,2634.83,176978.1,1238.85,31494.4,2519.55,152058.8,0.6313,1.0249,0.99,0.0,6247.46,21.2846,2300000
Nashville,2024-03-10,338858.2,6099.45,83898.9,2852.56,371902.6,4462.83,170604.8,1876.65,274936.8,2474.43,167088.6,1169.62,32188.7,2575.09,196410.0,0.7311,1.3811,1.0149,0.0,6763.28,21.8193,2300000
Nashville,2024-03-17,378759.5,6817.67,93978.5,3195.27,524218.6,6290.62,169285.0,1862.13,265151.0,2386.36,166675.0,1166.72,28513.1,2281.04,200222.1,0.8346,1.2733,1.0156,0.0,7328.94,21.8351,2300000
Nashville,2024-03-24,398935.2,7180.83,76150.4,2589.11,538702.3,6464.43,143658.6,1580.24,309028.8,2781.26,145150.9,1016.06,42115.6,3369.25,218433.7,0.9321,1.2381,1.0037,0.0,8349.85,21.579,2300000
Nashville,2024-03-31,483605.3,8704.9,109053.0,3707.8,504395.0,6052.74,198931.4,2188.25,290258.4,2612.33,184012.4,1288.09,37377.6,2990.21,245814.6,1.0124,1.5533,1.0142,0.0,8530.87,21.8045,2300000
Nashville,2024-04-07,349334.2,6288.02,87920.0,2989.28,481769.1,5781.23,152805.0,1680.85,271584.2,2444.26,158362.3,1108.54,33842.9,2707.43,233047.1,1.0655,1.782,1.0165,0.0,8534.73,21.8552,2300000
Nashville,2024-04-14,433661.8,7805.91,81593.5,2774.18,466977.3,5603.73,208445.3,2292.9,310067.7,2790.61,159582.0,1117.07,35329.9,2826.39,229738.0,1.084,1.6959,0.9966,0.0,8664.27,21.4271,2300000
Nashville,2024-04-21,417745.6,7519.42,88638.2,3013.7,439639.6,5275.67,178361.2,1961.97,368691.2,3318.22,181312.2,1269.19,42203.9,3376.31,252117.8,1.0655,1.6262,1.0,0.0,8829.11,21.4998,2300000
Nashville,2024-04-28,353890.8,6370.03,94069.5,3198.36,498566.6,5982.8,196057.1,2156.63,311643.4,2804.79,152804.9,1069.63,40514.5,3241.16,226136.6,1.0124,1.3885,1.001,0.0,8208.46,21.5211,2300000
Nashville,2024-05-05,343060.5,6175.09,95608.5,3250.69,453351.2,5440.21,193033.3,2123.37,341754.7,3075.79,144265.0,1009.85,42160.4,3372.84,207274.6,0.9321,1.4742,0.987,0.0,7649.27,21.2206,2300000
Nashville,2024-05-12,404538.2,7281.69,74555.0,2534.87,480196.0,5762.35,185104.8,2036.15,255398.2,2298.58,186754.9,1307.28,38347.6,3067.81,195924.7,0.8347,1.2232,1.0056,0.0,7216.52,21.6204,2300000
Nashville,2024-05-19,366072.5,6589.3,94835.9,3224.42,410198.9,4922.39,160150.1,1761.65,219304.7,1973.74,145828.5,1020.8,35805.1,2864.41,211385.5,0.7311,1.371,1.0139,0.0,6919.61,21.7999,2300000
Nashville,2024-05-26,385757.2,6943.63,74206.8,2523.03,461014.9,5532.18,119139.2,1310.53,218189.7,1963.71,165220.8,1156.55,29057.3,2324.59,177872.4,0.6315,1.2727,0.9836,0.0,6351.03,21.147,2300000
Nashville,2024-06-02,349758.6,6295.65,80532.0,2738.09,321686.0,3860.23,153074.7,1683.82,247635.4,2228.72,176002.8,1232.02,31434.8,2514.78,180116.6,0.5432,0.9023,0.9824,0.0,6292.24,21.1212,2300000
Nashville,2024-06-09,253308.1,4559.55,72812.1,2475.61,423120.0,5077.44,140278.5,1543.06,192934.3,1736.41,132646.4,928.53,28498.4,2279.88,135961.1,0.4707,1.0383,0.9807,0.0,5325.44,21.0848,2300000
Nashville,2024-06-16,242329.7,4361.93,59696.4,2029.68,351233.3,4214.8,142020.1,1562.22,232495.6,2092.46,139793.8,978.56,26204.2,2096.34,155048.8,0.4156,0.8953,0.981,0.0,5463.48,21.0912,2300000
Nashville,2024-06-23,238857.1,4299.43,64083.0,2178.82,299900.2,3598.8,136946.8,1506.42,195265.8,1757.39,154948.3,1084.64,23020.8,1841.66,129484.0,0.3775,0.8624,1.0153,0.0,5248.12,21.8299,2300000
Nashville,2024-06-30,280511.3,5049.2,55009.0,1870.31,380285.0,4563.42,108691.5,1195.61,194934.3,1754.41,150290.1,1052.03,21763.3,1741.06,133813.7,0.3552,0.8802,0.9494,1.0,5728.96,20.4114,2300000
Nashville,2024-07-07,257234.4,4630.22,58936.5,2003.84,319567.6,3834.81,108945.1,1198.4,217409.7,1956.69,130953.8,916.68,26260.1,2100.81,125079.9,0.3476,0.8717,0.9857,0.0,4953.87,21.1915,2300000
Nashville,2024-07-14,277099.7,4987.79,69145.9,2350.96,308887.7,3706.65,102679.2,1129.47,180411.4,1623.7,170033.5,1190.23,22942.2,1835.38,132907.8,0.3543,0.9519,0.9819,0.0,5027.4,21.1099,2300000
Nashville,2024-07-21,243631.9,4385.37,62594.6,2128.22,325859.6,3910.32,107607.5,1183.68,193629.9,1742.67,171040.5,1197.28,24415.8,1953.26,133507.7,0.3755,0.8767,1.0197,0.0,5148.17,21.9245,2300000
Nashville,2024-07-28,267780.9,4820.06,77322.6,2628.97,380236.6,4562.84,110254.1,1212.8,185340.9,1668.07,169070.5,1183.49,27020.3,2161.62,140381.4,0.4118,1.0179,1.0034,0.0,5151.13,21.5725,2300000
Nashville,2024-08-04,256175.4,4611.16,59252.4,2014.58,295479.7,3545.76,147117.0,1618.29,233022.2,2097.2,166954.2,1168.68,30599.4,2447.95,151735.6,0.4627,0.9052,0.9854,0.0,5158.47,21.1857,2300000
Nashville,2024-08-11,320067.6,5761.22,64053.3,2177.81,435467.6,5225.61,109642.7,1206.07,257512.3,2317.61,163514.6,1144.6,33632.3,2690.59,156288.6,0.5258,1.0404,1.0082,0.0,5839.7,21.6764,2300000
Nashville,2024-08-18,269804.2,4856.47,85232.0,2897.89,398280.3,4779.36,161268.2,1773.95,223937.2,2015.43,162354.8,1136.48,31628.3,2530.26,169534.1,0.5958,0.9865,0.9827,0.0,5864.74,21.1271,2300000
Nashville,2024-08-25,394817.0,7106.71,70140.5,2384.78,414560.3,4974.72,165312.9,1818.44,228846.3,2059.62,134295.4,940.07,27731.8,2218.54,192528.8,0.6646,1.2948,1.0016,0.0,6399.74,21.5342,2300000
Nashville,2024-09-01,356083.5,6409.5,87990.8,2991.69,418694.9,5024.34,144334.4,1587.68,250669.6,2256.03,165919.3,1161.44,32328.7,2586.3,200493.0,0.7224,1.2723,1.0073,0.0,6650.4,21.6559,2300000
Nashville,2024-09-08,382586.0,6886.55,76229.0,2591.78,410462.3,4925.55,161596.4,1777.56,316230.1,2846.07,135662.5,949.64,27957.1,2236.57,183413.6,0.7597,1.2999,1.0103,0.0,6747.47,21.7221,2300000
Nashville,2024-09-15,370820.6,6674.77,72450.3,2463.31,404275.6,4851.31,155466.5,1710.13,260539.1,2344.85,137011.9,959.08,37950.4,3036.03,204503.7,0.7701,1.3985,1.0115,0.0,7083.5,21.7465,2300000
Nashville,2024-09-22,389083.4,7003.5,90884.5,3090.07,433147.1,5197.77,161070.5,1771.78,297682.8,2679.15,137422.5,961.96,33931.1,2714.49,175408.7,0.7516,1.2466,0.9477,1.0,7321.73,20.3763,2300000
Nashville,2024-09-29,391324.5,7043.84,75503.9,2567.13,428634.2,5143.61,146360.9,1609.97,281527.3,2533.75,143764.0,1006.35,31690.8,2535.27,198635.2,0.7075,1.0696,1.0149,0.0,6595.32,21.821,2300000
Nashville,2024-10-06,341347.4,6144.25,88419.4,3006.26,335465.1,4025.58,147205.1,1619.26,218948.7,1970.54,163432.3,1144.03,27451.0,2196.08,179543.0,0.6455,1.2487,1.0043,0.0,6327.83,21.5918,2300000
Nashville,2024-10-13,276596.6,4978.74,68987.0,2345.56,415199.1,4982.39,137622.2,1513.84,263394.9,2370.55,127015.2,889.11,26505.0,2120.4,146107.5,0.5751,1.0696,0.993,0.0,5666.1,21.3493,2300000
Nashville,2024-10-20,309057.0,5563.03,79883.6,2716.04,327566.5,3930.8,128660.2,1415.26,188089.1,1692.8,125867.0,881.07,29629.1,2370.33,136764.5,0.5058,1.0098,0.9976,0.0,5570.36,21.4489,2300000
Nashville,2024-10-27,267335.9,4812.05,79324.7,2697.04,332631.1,3991.57,124119.8,1365.32,219076.6,1971.69,139788.8,978.52,25224.9,2017.99,144837.8,0.4447,0.83,1.0171,0.0,4941.62,21.8681,2300000
Nashville,2024-11-03,316588.2,5698.59,58959.2,2004.61,392857.9,4714.3,103132.1,1134.45,180015.2,1620.14,162797.1,1139.58,24604.7,1968.38,118571.2,0.3955,0.7963,0.9828,0.0,4890.95,21.1292,2300000
Nashville,2024-11-10,302677.0,5448.19,66646.1,2265.97,302310.6,3627.73,97147.2,1068.62,176326.0,1586.93,164684.2,1152.79,28375.7,2270.06,133609.8,0.3592,0.9741,1.013,0.0,4759.61,21.7796,2300000
Nashville,2024-11-17,226623.9,4079.23,66784.1,2270.66,284453.6,3413.44,112987.2,1242.86,201619.1,1814.57,162016.7,1134.12,26436.1,2114.89,125733.6,0.3345,0.8826,0.9408,1.0,5537.36,20.2268,2300000
Nashville,2024-11-24,226757.6,4081.64,65887.3,2240.17,325737.2,3908.85,114410.2,1258.51,231090.8,2079.82,131184.5,918.29,22257.6,1780.6,119443.4,0.3189,0.749,0.9521,1.0,5063.82,20.4711,2300000
Nashville,2024-12-01,257557.9,4636.04,70485.4,2396.5,318406.7,3820.88,124301.0,1367.31,188725.1,1698.53,126521.2,885.65,25334.4,2026.75,128275.5,0.3097,0.8918,1.0071,0.0,4646.47,21.6533,2300000
Nashville,2024-12-08,264395.8,4759.12,70840.0,2408.56,359914.1,4318.97,119769.4,1317.46,169654.4,1526.89,144259.2,1009.81,26356.4,2108.52,117206.8,0.3047,0.7224,1.0083,0.0,4584.15,21.6786,2300000
Nashville,2024-12-15,246253.4,4432.56,55823.5,1898.0,284430.1,3413.16,126591.2,1392.5,206699.6,1860.3,140635.2,984.45,25742.2,2059.38,123728.9,0.3021,0.7425,0.9956,0.0,4512.03,21.405,2300000
Nashville,2024-12-22,280842.4,5055.16,59065.3,2008.22,354234.5,4250.81,103942.6,1143.37,206623.1,1859.61,155201.9,1086.41,22650.8,1812.06,131068.9,0.3009,0.7007,0.9984,0.0,4829.21,21.4655,2300000
Nashville,2024-12-29,242645.0,4367.61,70289.8,2389.85,298252.4,3579.03,119427.2,1313.7,185848.7,1672.64,122823.9,859.77,24648.3,1971.86,113062.8,0.3004,0.7706,1.0111,0.0,4395.87,21.7386,2300000
Nashville,2025-01-05,271786.8,4892.16,62243.8,2116.29,363616.7,4363.4,114750.5,1262.26,189550.0,1705.95,142307.3,996.15,26710.2,2136.82,126771.0,0.3059,0.8529,0.9656,1.0,5219.63,20.7604,2300000
Nashville,2025-01-12,276815.3,4982.68,66330.6,2255.24,307906.1,3694.87,126844.7,1395.29,175558.6,1580.03,129515.8,906.61,25796.4,2063.71,128387.6,0.3115,0.7769,1.0188,0.0,4450.47,21.904,2300000
Nashville,2025-01-19,271517.8,4887.32,54179.8,1842.11,287129.1,3445.55,114669.5,1261.36,228041.5,2052.37,157039.5,1099.28,26547.4,2123.79,123758.2,0.3212,0.935,1.0176,0.0,4672.18,21.8775,2300000
Nashville,2025-01-26,248067.4,4465.21,69533.6,2364.14,350121.1,4201.45,119001.6,1309.02,190415.4,1713.74,158550.5,1109.85,26872.5,2149.8,128672.6,0.3372,0.9121,0.9958,0.0,4555.17,21.4099,2300000
Nashville,2025-02-02,244545.4,4401.82,68488.1,2328.59,278273.4,3339.28,111536.0,1226.9,209393.0,1884.54,165017.6,1155.12,24821.3,1985.7,136417.9,0.3624,0.9757,0.9632,1.0,5616.4,20.7082,2300000
Nashville,2025-02-09,276234.8,4972.23,65756.1,2235.71,328771.9,3945.26,123687.7,1360.56,237651.9,2138.87,150948.2,1056.64,25821.7,2065.73,133154.0,0.3996,0.8942,0.991,0.0,5252.1,21.3058,2300000
Nashville,2025-02-16,316032.3,5688.58,79516.0,2703.54,394149.9,4729.8,118387.6,1302.26,242138.5,2179.25,125710.0,879.97,29904.9,2392.39,129729.7,0.4517,1.0332,0.9597,1.0,5983.14,20.634,2300000
Nashville,2025-02-23,266761.9,4801.71,66245.2,2252.34,389131.6,4669.58,132487.1,1457.36,191238.6,1721.15,164104.0,1148.73,30043.8,2403.5,157538.5,0.5202,1.0519,1.0073,0.0,6045.15,21.6577,2300000
Nashville,2025-03-02,321278.6,5783.01,62577.9,2127.65,417443.5,5009.32,137221.4,1509.44,213843.4,1924.59,134276.6,939.94,34799.6,2783.96,173689.9,0.6046,0.9763,0.9908,0.0,6312.45,21.3032,2300000
Nashville,2025-03-09,375911.1,6766.4,92812.3,3155.62,422940.2,5075.28,156655.0,1723.2,230453.7,2074.08,129743.1,908.2,35493.8,2839.5,174810.2,0.7018,1.0469,0.9831,0.0,6671.57,21.1361,2300000
Nashville,2025-03-16,377756.6,6799.62,70243.7,2388.29,463198.6,5558.38,139045.2,1529.5,293298.1,2639.68,165228.7,1156.6,33197.0,2655.76,175861.5,0.8052,1.4304,0.9872,0.0,6781.41,21.2244,2300000
Nashville,2025-03-23,435271.3,7834.88,106164.9,3609.61,495370.0,5944.44,158971.8,1748.69,269523.6,2425.71,160234.4,1121.64,33801.7,2704.14,208891.2,0.9055,1.5719,1.0101,0.0,7529.71,21.7177,2300000
Nashville,2025-03-30,378671.2,6816.08,92640.3,3149.77,450238.0,5402.86,169499.0,1864.49,264944.8,2384.5,181593.8,1271.16,34756.5,2780.52,231615.9,0.9919,1.6975,1.0036,0.0,7590.87,21.5785,2300000
Nashville,2025-04-06,481866.2,8673.59,85146.6,2894.98,441097.0,5293.16,154817.4,1702.99,291269.7,2621.43,150293.3,1052.05,32988.8,2639.1,212251.2,1.0536,1.5323,1.0088,0.0,7624.09,21.6882,2300000
Nashville,2025-04-13,390750.7,7033.51,111027.1,3774.92,532161.0,6385.93,199948.6,2199.43,342771.5,3084.94,158442.3,1109.1,34898.6,2791.89,240169.2,1.0825,1.5159,0.9548,1.0,9958.18,20.5292,2300000
Nashville,2025-04-20,501008.4,9018.15,111262.4,3782.92,573054.5,6876.65,178413.1,1962.54,349251.2,3143.26,184799.2,1293.59,40115.8,3209.27,254448.0,1.0745,1.5437,0.9379,1.0,9864.41,20.1657,2300000
Nashville,2025-04-27,358111.1,6446.0,112930.1,3839.62,496117.9,5953.42,193909.7,2133.01,314929.1,2834.36,181677.0,1271.74,33221.5,2657.72,215204.8,1.0308,1.551,1.0171,0.0,7652.2,21.8672,2300000
Nashville,2025-05-04,350720.2,6312.96,103486.9,3518.55,434756.9,5217.08,152064.1,1672.71,291851.7,2626.67,142306.1,996.14,43023.7,3441.9,237123.8,0.9573,1.3082,1.0199,0.0,7525.57,21.9275,2300000
Nashville,2025-05-11,372985.7,6713.74,98900.6,3362.62,432955.7,5195.47,138164.8,1519.81,273979.3,2465.81,136181.9,953.27,30989.6,2479.17,196039.4,0.8636,1.3622,1.0132,0.0,7002.22,21.7835,2300000
Nashville,2025-05-18,410480.5,7388.65,80726.8,2744.71,420706.7,5048.48,163920.2,1803.12,236006.8,2124.06,184930.5,1294.51,36618.4,2929.47,216996.0,0.7607,1.1852,0.9951,0.0,7038.46,21.3942,2300000
Nashville,2025-05-25,321228.9,5782.12,79179.4,2692.1,367363.3,4408.36,142147.7,1563.63,235224.6,2117.02,181105.1,1267.74,28633.5,2290.68,196785.6,0.6591,1.0917,0.9504,1.0,7678.08,20.4333,2300000
Nashville,2025-06-01,267958.7,4823.26,60770.9,2066.21,443312.0,5319.74,127664.4,1404.31,266375.8,2397.38,136993.6,958.95,34417.8,2753.42,150302.5,0.567,1.0193,0.9926,0.0,6094.31,21.3414,2300000
Nashville,2025-06-08,312230.2,5620.14,76722.2,2608.56,417721.5,5012.66,140432.4,1544.76,229501.9,2065.52,133562.6,934.94,31977.1,2558.17,153755.5,0.4897,1.1242,0.99,0.0,5874.81,21.2839,2300000
Nashville,2025-06-15,258672.7,4656.11,59419.6,2020.27,324663.4,3895.96,121901.4,1340.92,188594.7,1697.35,174303.6,1220.13,27545.9,2203.68,153961.8,0.4296,0.8027,0.9329,1.0,6430.74,20.0572,2300000
Nashville,2025-06-22,263327.2,4739.89,64821.6,2203.93,299761.4,3597.14,132839.4,1461.23,177117.6,1594.06,124105.6,868.74,23629.1,1890.33,149764.3,0.3867,0.7953,0.99,0.0,5405.55,21.2845,2300000
Nashville,2025-06-29,266996.2,4805.93,53539.6,1820.35,356450.0,4277.4,101594.1,1117.54,193585.1,1742.27,154291.3,1080.04,29076.4,2326.11,132008.0,0.36,0.9813,1.0109,0.0,5275.08,21.7348,2300000
Nashville,2025-07-06,257393.1,4633.08,59438.4,2020.9,334419.5,4013.03,130171.1,1431.88,219048.8,1971.44,126208.5,883.46,26536.4,2122.91,135560.5,0.3483,0.7626,0.9968,0.0,5117.14,21.4305,2300000
Nashville,2025-07-13,237016.1,4266.29,70800.3,2407.21,337507.8,4050.09,126722.9,1393.95,229051.3,2061.46,128232.6,897.63,23588.6,1887.09,143722.7,0.3509,0.8206,0.9835,0.0,5039.59,21.146,2300000
Nashville,2025-07-20,249275.5,4486.96,55720.7,1894.5,321641.4,3859.7,120354.9,1323.9,201177.9,1810.6,124609.4,872.27,27470.3,2197.62,131160.2,0.3679,0.8041,0.9982,0.0,5244.68,21.4609,2300000
Nashville,2025-07-27,333798.4,6008.37,72367.6,2460.5,286657.3,3439.89,109386.3,1203.25,185804.4,1672.24,140562.5,983.94,26881.9,2150.55,143592.2,0.3999,0.7742,0.9948,0.0,5294.92,21.3874,2300000
Nashville,2025-08-03,343020.4,6174.37,62880.5,2137.94,394426.0,4733.11,143735.2,1581.09,206813.9,1861.32,132893.3,930.25,29312.1,2344.97,155201.7,0.4468,0.8162,0.986,0.0,5795.04,21.1992,2300000
Nashville,2025-08-10,327810.4,5900.59,77871.3,2647.62,398591.4,4783.1,108790.3,1196.69,189351.0,1704.16,145238.2,1016.67,31221.1,2497.69,147809.4,0.5068,0.8796,0.9552,1.0,6846.27,20.5361,2300000
Nashville,2025-08-17,309308.7,5567.56,67017.9,2278.61,338947.9,4067.37,141432.9,1555.76,265670.7,2391.04,134274.9,939.92,34041.0,2723.28,145877.8,0.5756,1.1108,0.9834,0.0,6183.25,21.1427,2300000
Nashville,2025-08-24,279729.0,5035.12,64121.5,2180.13,453195.8,5438.35,159284.1,1752.13,282455.0,2542.09,166033.6,1162.24,28949.7,2315.98,190367.6,0.6457,1.1728,1.013,0.0,6517.15,21.7793,2300000
Nashville,2025-08-31,339295.3,6107.32,71853.2,2443.01,452912.4,5434.95,154153.5,1695.69,246395.4,2217.56,143788.7,1006.52,29991.4,2399.32,201038.3,0.7076,1.2594,0.9893,0.0,6682.19,21.27,2300000
Nashville,2025-09-07,297240.7,5350.33,81002.9,2754.1,444386.5,5332.64,130991.5,1440.91,273569.6,2462.13,173314.3,1213.2,30247.1,2419.76,177868.6,0.7516,1.1581,0.9826,0.0,6451.08,21.1259,2300000
Nashville,2025-09-14,372122.7,6698.21,75816.3,2577.75,475666.3,5708.0,153562.2,1689.18,299482.9,2695.35,164867.5,1154.07,36496.1,2919.69,197623.7,0.7701,1.4516,1.0,0.0,7262.66,21.5004,2300000
Nashville,2025-09-21,380355.4,6846.4,82548.1,2806.63,500837.5,6010.05,159034.1,1749.37,287874.1,2590.87,149130.0,1043.91,33972.3,2717.78,194450.5,0.7597,1.1579,0.9602,1.0,7798.59,20.6448,2300000
Nashville,2025-09-28,350002.3,6300.04,95049.9,3231.69,360658.8,4327.91,151852.1,1670.37,278094.2,2502.85,151840.3,1062.88,29648.2,2371.86,188266.3,0.7223,1.1203,1.0163,0.0,6837.28,21.8506,2300000
Nashville,2025-10-05,351921.9,6334.59,79420.8,2700.31,428231.4,5138.78,150163.8,1651.8,210791.2,1897.12,144894.2,1014.26,27146.2,2171.69,159404.2,0.6645,1.1938,0.9994,0.0,6071.24,21.4881,2300000
Nashville,2025-10-12,352664.8,6347.97,83447.1,2837.2,444587.4,5335.05,119047.7,1309.52,207777.7,1870.0,175714.5,1230.0,26772.0,2141.76,155028.5,0.5955,0.9516,1.0198,0.0,6131.21,21.9252,2300000
Nashville,2025-10-19,300190.8,5403.43,82935.1,2819.79,346679.2,4160.15,151653.2,1668.18,260412.9,2343.72,154137.4,1078.96,29327.6,2346.2,158132.6,0.5251,1.1377,1.0094,0.0,6120.55,21.7021,2300000
Nashville,2025-10-26,301191.8,5421.45,80964.7,2752.8,362537.7,4350.45,143541.5,1578.96,217371.4,1956.34,133543.5,934.8,26186.4,2094.92,133674.5,0.461,1.0721,0.9969,0.0,5630.03,21.4328,2300000
Nashville,2025-11-02,279198.7,5025.58,69382.2,2358.99,320426.6,3845.12,109167.8,1200.85,237336.3,2136.03,137124.8,959.87,25114.5,2009.16,128601.9,0.4082,0.7925,1.005,0.0,5002.05,21.6082,2300000
Nashville,2025-11-09,272730.3,4909.15,65192.4,2216.54,340597.6,4087.17,97439.0,1071.83,239320.2,2153.88,122942.6,860.6,23732.9,1898.63,140890.6,0.3683,0.9602,1.0073,0.0,5257.4,21.6573,2300000
Nashville,2025-11-16,244949.9,4409.1,63168.0,2147.71,338188.4,4058.26,108998.1,1198.98,182100.6,1638.91,164809.0,1153.66,28258.3,2260.67,116810.4,0.3405,0.8294,0.9848,0.0,4583.48,21.1739,2300000
Nashville,2025-11-23,219357.1,3948.43,60682.3,2063.2,330542.4,3966.51,113834.5,1252.18,206130.5,1855.17,152050.5,1064.35,24020.8,1921.67,127104.8,0.3226,0.8122,0.9868,0.0,5148.17,21.2164,2300000
Nashville,2025-11-30,287727.7,5179.1,58010.5,1972.36,372434.6,4469.22,110202.1,1212.22,232039.3,2088.35,139226.3,974.58,22837.4,1826.99,133913.6,0.3118,0.7163,0.9991,0.0,4564.45,21.4806,2300000
Nashville,2025-12-07,291946.2,5255.03,69690.7,2369.48,376490.0,4517.88,131099.4,1442.09,162810.4,1465.29,157540.3,1102.78,22478.7,1798.3,128241.9,0.3058,0.8751,0.9815,0.0,4945.13,21.1022,2300000
Nashville,2025-12-14,295688.1,5322.39,65242.4,2218.24,296695.8,3560.35,109287.0,1202.16,198242.8,1784.19,168798.4,1181.59,22631.9,1810.55,111638.6,0.3027,0.7899,1.0043,0.0,4645.26,21.5925,2300000
Nashville,2025-12-21,219238.7,3946.3,67037.1,2279.26,282021.0,3384.25,108462.2,1193.08,168483.3,1516.35,127544.0,892.81,20562.9,1645.03,124098.5,0.3012,0.7798,1.0125,0.0,4459.36,21.7688,2300000
Kansas City,2023-01-01,234621.0,4223.18,57632.7,1959.51,344778.1,4137.34,115201.2,1267.21,190744.9,1716.7,123874.5,867.12,20859.8,1668.78,124279.0,0.304,0.8867,1.0084,0.0,4259.7,21.68,2200000
Kansas City,2023-01-08,235110.9,4232.0,55652.1,1892.17,293563.6,3522.76,92727.9,1020.01,218189.6,1963.71,124801.9,873.61,21861.3,1748.9,117232.0,0.3079,0.7159,0.9862,0.0,4321.23,21.2033,2200000
Kansas City,2023-01-15,274182.7,4935.29,59720.7,2030.51,349160.9,4189.93,91650.5,1008.16,206054.5,1854.49,130251.3,911.76,23166.6,1853.33,126437.0,0.315,0.7717,1.0181,0.0,5284.67,21.8899,2200000
Kansas City,2023-01-22,237215.2,4269.87,65153.8,2215.23,328911.5,3946.94,87276.2,960.04,223092.0,2007.83,121882.8,853.18,24846.6,1987.73,115991.3,0.3271,0.8539,1.0064,0.0,4657.5,21.6385,2200000
Kansas City,2023-01-29,289018.1,5202.33,61618.5,2095.03,287462.4,3449.55,102481.0,1127.29,171035.7,1539.32,166708.6,1166.96,25405.6,2032.45,118983.2,0.3467,0.9492,1.0179,0.0,4714.95,21.8851,2200000
Kansas City,2023-02-05,262728.6,4729.12,67960.2,2310.65,292304.5,3507.65,121458.2,1336.04,217148.2,1954.33,134927.4,944.49,24636.6,1970.93,134582.7,0.3767,0.7462,1.0183,0.0,4863.44,21.894,2200000
Kansas City,2023-02-12,292855.0,5271.39,72166.3,2453.65,362745.8,4352.95,119467.1,1314.14,169671.2,1527.04,138082.9,966.58,22229.2,1778.33,144693.8,0.42,0.8258,0.995,0.0,5310.94,21.3924,2200000
Kansas City,2023-02-19,244621.1,4403.18,57103.9,1941.53,390036.3,4680.44,125589.1,1381.48,225500.7,2029.51,146525.4,1025.68,25878.9,2070.31,162743.7,0.479,1.0091,0.9895,0.0,5808.81,21.2741,2200000
Kansas City,2023-02-26,251832.6,4532.99,59429.7,2020.61,362301.3,4347.62,111317.7,1224.49,267132.4,2404.19,131139.1,917.97,23314.0,1865.12,169931.1,0.5545,0.9888,1.0081,0.0,5634.4,21.674,2200000
Kansas City,2023-03-05,342838.5,6171.09,69072.8,2348.47,447866.4,5374.4,119310.7,1312.42,272635.5,2453.72,151008.8,1057.06,34667.2,2773.38,171670.7,0.645,0.9949,1.0195,0.0,6314.41,21.9186,2200000
Kansas City,2023-03-12,327939.4,5902.91,92005.8,3128.2,481039.3,5772.47,115483.2,1270.32,224812.9,2023.32,174354.3,1220.48,25919.6,2073.57,166630.7,0.7458,1.156,0.9332,1.0,7307.26,20.0633,2200000
Kansas City,2023-03-19,348224.8,6268.05,68994.7,2345.82,501746.8,6020.96,125423.2,1379.66,267236.2,2405.13,152997.7,1070.98,35169.0,2813.52,215096.8,0.8492,1.324,0.9999,0.0,7176.46,21.497,2200000
Kansas City,2023-03-26,357624.4,6437.24,78163.5,2657.56,528608.7,6343.3,162216.2,1784.38,309836.9,2788.53,173579.5,1215.06,39304.8,3144.39,205484.1,0.9449,1.567,1.0171,0.0,6887.7,21.8668,2200000
Kansas City,2023-04-02,355605.2,6400.89,98561.6,3351.1,479003.9,5748.05,142335.2,1565.69,251943.7,2267.49,174605.3,1222.24,34196.9,2735.75,192415.4,1.0219,1.7169,1.0042,0.0,7660.71,21.5893,2200000
Kansas City,2023-04-09,406572.4,7318.3,89146.9,3031.0,434329.3,5211.95,180354.4,1983.9,344094.2,3096.85,149731.7,1048.12,36257.5,2900.6,256778.2,1.0703,1.7369,1.0078,0.0,8127.62,21.6671,2200000
Kansas City,2023-04-16,363862.3,6549.52,104846.9,3564.79,443627.1,5323.53,190907.2,2099.98,337952.8,3041.58,181609.5,1271.27,31831.2,2546.49,231916.6,1.0836,1.5476,0.9351,1.0,9222.88,20.104,2200000
Kansas City,2023-04-23,425071.6,7651.29,108868.6,3701.53,411098.8,4933.19,184284.3,2027.13,338992.1,3050.93,156615.2,1096.31,41936.3,3354.9,229345.4,1.0599,1.6839,1.0009,0.0,7975.15,21.5203,2200000
Kansas City,2023-04-30,362444.8,6524.01,101463.2,3449.75,504547.2,6054.57,161650.8,1778.16,307305.5,2765.75,158476.1,1109.33,30368.5,2429.48,217923.5,1.0024,1.494,1.0,0.0,7351.68,21.4991,2200000
Kansas City,2023-05-07,318148.6,5726.68,84062.7,2858.13,481837.3,5782.05,131849.6,1450.35,240704.5,2166.34,149281.4,1044.97,35190.7,2815.25,192704.5,0.919,1.6088,0.9913,0.0,7476.15,21.313,2200000
Kansas City,2023-05-14,357625.5,6437.26,76558.6,2602.99,454894.2,5458.73,128520.3,1413.72,241634.4,2174.71,171846.5,1202.93,27031.9,2162.55,194852.9,0.82,1.1519,1.0003,0.0,6677.98,21.5073,2200000
Kansas City,2023-05-21,356915.9,6424.49,75545.0,2568.53,474545.5,5694.55,144761.2,1592.37,281002.6,2529.02,163735.2,1146.15,26034.4,2082.75,175752.0,0.7165,1.3515,1.0062,0.0,6053.35,21.6341,2200000
Kansas City,2023-05-28,279032.3,5022.58,77888.2,2648.2,403847.8,4846.17,142975.8,1572.73,268813.8,2419.32,147294.7,1031.06,24882.9,1990.63,146296.5,0.6181,1.2041,1.0039,0.0,6123.18,21.5829,2200000
Kansas City,2023-06-04,249871.6,4497.69,78119.7,2656.07,303950.7,3647.41,136270.1,1498.97,188530.7,1696.78,145913.6,1021.4,25178.5,2014.28,169439.5,0.5318,1.1023,1.0056,0.0,5891.06,21.6196,2200000
Kansas City,2023-06-11,233128.3,4196.31,63831.2,2170.26,321940.4,3863.28,109107.4,1200.18,208776.0,1878.98,155429.7,1088.01,30276.2,2422.1,151187.8,0.4618,1.0472,1.0019,0.0,5312.91,21.54,2200000
Kansas City,2023-06-18,263449.6,4742.09,71035.9,2415.22,287994.7,3455.94,117266.6,1289.93,210662.0,1895.96,141865.9,993.06,21600.6,1728.05,128047.9,0.4091,1.0177,1.007,0.0,4996.88,21.6515,2200000
Kansas City,2023-06-25,283522.2,5103.4,55268.3,1879.12,278438.2,3341.26,115675.2,1272.43,219292.9,1973.64,142307.2,996.15,26533.7,2122.7,144598.8,0.3733,0.9262,0.9948,0.0,4823.9,21.3893,2200000
Kansas City,2023-07-02,251034.7,4518.63,65772.2,2236.26,359999.1,4319.99,92673.0,1019.4,198206.5,1783.86,121109.9,847.77,26249.9,2099.99,124151.6,0.3532,0.9435,0.9997,0.0,4916.51,21.4929,2200000
Kansas City,2023-07-09,262844.7,4731.21,61215.3,2081.32,305189.6,3662.28,118341.6,1301.76,205908.5,1853.18,117517.3,822.62,28121.8,2249.74,113630.2,0.3477,0.8551,0.9926,0.0,4847.67,21.3416,2200000
Kansas City,2023-07-16,278817.7,5018.72,54410.7,1849.96,350308.7,4203.7,102498.5,1127.48,203319.3,1829.87,125288.0,877.02,22458.6,1796.69,136008.2,0.3564,0.8168,1.0127,0.0,5049.45,21.772,2200000
Kansas City,2023-07-23,271236.0,4882.25,63908.0,2172.87,375385.7,4504.63,119139.5,1310.53,196395.2,1767.56,131682.5,921.78,28868.8,2309.5,140152.8,0.3798,0.909,1.0147,0.0,5173.72,21.8155,2200000
Kansas City,2023-07-30,315077.8,5671.4,52247.3,1776.41,326495.7,3917.95,99858.2,1098.44,183313.0,1649.82,162222.0,1135.55,25813.6,2065.09,129929.5,0.4182,0.9911,0.99,0.0,4768.23,21.2845,2200000
Kansas City,2023-08-06,336501.1,6057.02,65981.8,2243.38,339056.6,4068.68,124976.8,1374.74,212699.7,1914.3,136603.6,956.23,24293.5,1943.48,129454.1,0.4711,0.9209,0.9328,1.0,5900.11,20.0562,2200000
Kansas City,2023-08-13,244740.5,4405.33,74503.0,2533.1,334631.1,4015.57,120344.8,1323.79,228165.9,2053.49,124597.8,872.18,28150.8,2252.07,149579.4,0.5356,1.0098,1.0068,0.0,5531.03,21.6463,2200000
Kansas City,2023-08-20,337956.6,6083.22,69110.9,2349.77,424180.1,5090.16,140718.8,1547.91,210606.8,1895.46,130057.8,910.4,23955.0,1916.4,155839.2,0.606,1.264,0.9878,0.0,6044.11,21.2368,2200000
Kansas City,2023-08-27,307776.6,5539.98,73624.4,2503.23,386614.2,4639.37,122292.8,1345.22,216118.0,1945.06,142124.5,994.87,30460.1,2436.81,167873.9,0.6738,1.1661,1.0192,0.0,5748.98,21.912,2200000
Kansas City,2023-09-03,367383.3,6612.9,80492.3,2736.74,423207.6,5078.49,132795.8,1460.75,228615.9,2057.54,177014.2,1239.1,31327.6,2506.21,183722.8,0.7292,1.1356,1.0182,0.0,6331.82,21.892,2200000
Kansas City,2023-09-10,302399.7,5443.19,78537.4,2670.27,453860.6,5446.33,119941.6,1319.36,237090.4,2133.81,175409.5,1227.87,26575.4,2126.04,191947.7,0.763,1.3724,0.9468,1.0,6982.79,20.3565,2200000
Kansas City,2023-09-17,309442.6,5569.97,71617.5,2435.0,452329.3,5427.95,146076.0,1606.84,300116.8,2701.05,137463.7,962.25,34514.4,2761.15,172651.7,0.7692,1.1212,0.9984,0.0,6755.23,21.4646,2200000
Kansas City,2023-09-24,364370.6,6558.67,67239.6,2286.15,445932.6,5351.19,137219.4,1509.41,258896.7,2330.07,134261.3,939.83,27308.5,2184.68,172720.4,0.7467,1.294,0.9871,0.0,5897.37,21.2221,2200000
Kansas City,2023-10-01,332017.2,5976.31,67109.5,2281.72,380139.0,4561.67,153827.4,1692.1,234150.8,2107.36,140376.3,982.63,32592.3,2607.38,162052.8,0.6995,1.1898,0.9872,0.0,6062.03,21.2245,2200000
Kansas City,2023-10-08,372340.9,6702.14,80298.2,2730.14,391636.0,4699.63,138870.2,1527.57,209795.4,1888.16,147243.8,1030.71,32169.9,2573.59,143920.4,0.6357,1.0538,1.0139,0.0,5969.56,21.7987,2200000
Kansas City,2023-10-15,277480.5,4994.65,76305.5,2594.39,335825.1,4029.9,119434.8,1313.78,258736.4,2328.63,135699.7,949.9,32207.5,2576.6,170246.7,0.565,1.0986,0.945,1.0,6910.24,20.3183,2200000
Kansas City,2023-10-22,242619.8,4367.16,71580.9,2433.75,361062.8,4332.75,122446.2,1346.91,214979.2,1934.81,120664.4,844.65,23313.7,1865.09,135519.2,0.4965,0.8508,0.9601,1.0,5979.79,20.6425,2200000
Kansas City,2023-10-29,312166.4,5619.0,64570.9,2195.41,377232.7,4526.79,131116.4,1442.28,174638.5,1571.75,156795.2,1097.57,21225.6,1698.05,131413.8,0.4369,0.8693,0.9631,1.0,5535.45,20.7073,2200000
Kansas City,2023-11-05,253176.7,4557.18,71761.8,2439.9,349358.8,4192.31,118803.7,1306.84,230891.6,2078.02,166736.8,1167.16,27047.5,2163.8,117588.7,0.3895,0.9704,0.9535,1.0,5445.83,20.5005,2200000
Kansas City,2023-11-12,252035.9,4536.65,56487.7,1920.58,333979.3,4007.75,106174.1,1167.92,193266.3,1739.4,140449.5,983.15,21288.1,1703.04,136849.2,0.355,0.8987,0.9921,0.0,4898.12,21.3297,2200000
Kansas City,2023-11-19,215048.0,3870.86,51367.9,1746.51,293867.1,3526.41,97950.8,1077.46,213540.6,1921.87,136234.1,953.64,25118.0,2009.44,109898.9,0.3318,0.8742,0.9829,0.0,4297.06,21.1319,2200000
Kansas City,2023-11-26,270065.1,4861.17,59104.8,2009.56,312053.2,3744.64,91883.8,1010.72,184074.7,1656.67,145899.3,1021.29,25246.3,2019.7,120800.1,0.3172,0.7798,0.9443,1.0,5239.95,20.3019,2200000
Kansas City,2023-12-03,277887.3,5001.97,67473.2,2294.09,314172.4,3770.07,108527.8,1193.81,196559.5,1769.04,116434.4,815.04,24364.3,1949.14,126110.6,0.3088,0.8356,0.9961,0.0,4764.12,21.4164,2200000
Kansas City,2023-12-10,286367.7,5154.62,51505.6,1751.19,322261.3,3867.14,99677.0,1096.45,204047.1,1836.42,154311.3,1080.18,25990.2,2079.21,122938.3,0.3042,0.8047,1.0042,0.0,4297.23,21.5902,2200000
Kansas City,2023-12-17,258665.2,4655.97,62827.4,2136.13,264054.7,3168.66,108359.9,1191.96,174869.1,1573.82,124616.0,872.31,20160.6,1612.85,123112.7,0.3019,0.8624,0.9896,0.0,4503.17,21.2774,2200000
Kansas City,2023-12-24,250079.1,4501.42,67617.6,2299.0,252706.0,3032.47,117560.4,1293.16,162606.1,1463.45,140022.7,980.16,26411.6,2112.93,126740.9,0.3008,0.8538,0.9859,0.0,4849.8,21.1958,2200000
Kansas City,2023-12-31,258663.9,4655.95,60570.1,2059.38,282080.9,3384.97,86241.8,948.66,160329.3,1442.96,116856.3,817.99,25936.6,2074.93,116876.8,0.3003,0.7734,0.9937,0.0,4570.5,21.3645,2200000
Kansas City,2024-01-07,223515.2,4023.27,54297.1,1846.1,343372.3,4120.47,93829.6,1032.13,155755.1,1401.8,158351.9,1108.46,22305.1,1784.41,108316.0,0.3072,0.9168,1.0113,0.0,4536.73,21.7428,2200000
Kansas City,2024-01-14,257202.8,4629.65,64852.6,2204.99,294331.2,3531.97,114610.4,1260.71,197229.5,1775.07,140297.3,982.08,26826.5,2146.12,131035.9,0.3137,0.8829,0.9936,0.0,4532.52,21.3615,2200000
Kansas City,2024-01-21,275393.5,4957.08,68027.9,2312.95,339876.7,4078.52,120048.3,1320.53,221012.7,1989.11,143936.0,1007.55,20961.2,1676.89,110510.4,0.325,0.7127,0.9891,0.0,4634.7,21.2663,2200000
Kansas City,2024-01-28,302577.4,5446.39,49977.7,1699.24,312158.1,3745.9,121046.6,1331.51,182403.7,1641.63,120630.1,844.41,28022.3,2241.78,129491.1,0.3434,0.9698,0.9603,1.0,5631.97,20.6455,2200000
Kansas City,2024-02-04,246551.1,4437.92,64131.2,2180.46,269353.2,3232.24,117811.7,1295.93,210920.6,1898.29,152156.8,1065.1,22801.8,1824.15,123883.0,0.3717,0.8666,0.9944,0.0,4833.06,21.3795,2200000
Kansas City,2024-02-11,301856.4,5433.41,60246.3,2048.37,365911.7,4390.94,95112.3,1046.24,201669.6,1815.03,119113.4,833.79,27626.7,2210.14,140764.9,0.4129,0.844,0.9954,0.0,5040.66,21.4011,2200000
Kansas City,2024-02-18,302197.0,5439.55,68625.3,2333.26,386564.9,4638.78,134679.6,1481.48,214397.8,1929.58,126306.0,884.14,24358.1,1948.64,137827.0,0.4696,0.9791,1.0114,0.0,5097.22,21.7452,2200000
Kansas City,2024-02-25,338306.1,6089.51,60126.6,2044.3,370811.0,4449.73,132337.3,1455.71,243495.9,2191.46,129214.8,904.5,26952.9,2156.23,162450.0,0.5428,0.8892,1.0021,0.0,5515.07,21.5458,2200000
Kansas City,2024-03-03,299115.3,5384.08,60965.6,2072.83,333144.9,3997.74,125657.7,1382.23,237952.3,2141.57,150729.0,1055.1,32011.2,2560.89,166337.1,0.6313,1.1368,0.932,1.0,6474.87,20.0374,2200000
Kansas City,2024-03-10,386505.4,6957.1,65478.4,2226.26,348278.2,4179.34,149038.3,1639.42,220266.0,1982.39,132431.9,927.02,35085.6,2806.84,182449.2,0.7311,1.3786,1.0007,0.0,6657.3,21.5149,2200000
Kansas City,2024-03-17,306398.4,5515.17,81037.0,2755.26,365386.2,4384.63,124678.1,1371.46,282703.2,2544.33,160903.7,1126.33,31125.8,2490.07,209129.5,0.8346,1.3684,1.0134,0.0,6459.35,21.7874,2200000
Kansas City,2024-03-24,347090.5,6247.63,75162.2,2555.52,492702.9,5912.44,149552.6,1645.08,241851.4,2176.66,129920.9,909.45,35609.4,2848.75,234723.9,0.9321,1.2944,1.0167,0.0,7577.32,21.8592,2200000
Kansas City,2024-03-31,422899.6,7612.19,93192.9,3168.56,511973.8,6143.69,180860.7,1989.47,271333.0,2442.0,131292.7,919.05,33296.2,2663.7,241032.5,1.0124,1.3883,1.0108,0.0,7776.08,21.7332,2200000
Kansas City,2024-04-07,375912.8,6766.43,88040.3,2993.37,429988.0,5159.86,174988.5,1924.87,324700.6,2922.31,142887.2,1000.21,35405.8,2832.47,249718.8,1.0655,1.5606,0.9415,1.0,9079.05,20.2425,2200000
Kansas City,2024-04-14,454654.6,8183.78,110850.7,3768.92,488194.9,5858.34,153157.6,1684.73,315598.7,2840.39,163387.0,1143.71,39215.1,3137.21,214987.3,1.084,1.6355,1.0156,0.0,7850.18,21.8353,2200000
Kansas City,2024-04-21,401520.8,7227.37,83967.9,2854.91,494239.1,5930.87,178093.7,1959.03,318318.7,2864.87,159161.7,1114.13,35277.7,2822.22,251490.4,1.0655,1.479,0.9866,0.0,8318.0,21.2117,2200000
Kansas City,2024-04-28,451381.5,8124.87,99445.3,3381.14,474971.1,5699.65,135663.8,1492.3,308820.5,2779.38,169237.4,1184.66,36047.8,2883.82,217877.6,1.0124,1.7123,0.9387,1.0,8554.76,20.182,2200000
Kansas City,2024-05-05,395455.7,7118.2,92619.9,3149.08,415174.6,4982.09,144982.5,1594.81,268384.4,2415.46,133239.6,932.68,38510.4,3080.84,191644.6,0.9321,1.2455,0.9925,0.0,7679.85,21.3392,2200000
Kansas City,2024-05-12,399785.2,7196.13,73576.4,2501.6,393711.6,4724.54,170068.2,1870.75,310855.9,2797.7,137036.7,959.26,32857.2,2628.58,188190.2,0.8347,1.3649,1.0121,0.0,7408.2,21.7599,2200000
Kansas City,2024-05-19,360264.7,6484.76,90017.1,3060.58,387515.8,4650.19,129337.7,1422.71,234108.8,2106.98,142704.0,998.93,26791.4,2143.31,176301.2,0.7311,1.2676,0.9504,1.0,7283.9,20.4327,2200000
Kansas City,2024-05-26,322884.5,5811.92,85831.0,2918.25,344713.3,4136.56,134696.7,1481.66,230191.9,2071.73,137169.4,960.19,31254.7,2500.38,153695.0,0.6315,1.289,1.0132,0.0,6236.47,21.7837,2200000
Kansas City,2024-06-02,351380.3,6324.85,80403.6,2733.72,318619.5,3823.43,129813.7,1427.95,203768.4,1833.92,133078.1,931.55,25703.9,2056.31,141749.1,0.5432,0.9196,0.9992,0.0,5816.33,21.4833,2200000
Kansas City,2024-06-09,303183.6,5457.31,57736.8,1963.05,290009.5,3480.11,106114.7,1167.26,192705.6,1734.35,130189.7,911.33,25265.0,2021.2,135316.1,0.4707,1.0997,1.0001,0.0,5271.62,21.5012,2200000
Kansas City,2024-06-16,276837.3,4983.07,69173.2,2351.89,296267.5,3555.21,126222.8,1388.45,237178.4,2134.61,146666.4,1026.66,24310.6,1944.85,135594.0,0.4156,0.9561,1.0082,0.0,5205.58,21.6758,2200000
Kansas City,2024-06-23,295469.4,5318.45,60718.1,2064.41,317278.6,3807.34,102741.3,1130.15,217530.8,1957.78,145630.9,1019.42,27528.5,2202.28,120499.0,0.3775,0.8391,0.9429,1.0,5974.6,20.2723,2200000
Kansas City,2024-06-30,255733.7,4603.21,69799.0,2373.17,371158.5,4453.9,124960.8,1374.57,196724.0,1770.52,166111.4,1162.78,28327.6,2266.21,131767.5,0.3552,0.8622,0.988,0.0,5321.78,21.2411,2200000
Kansas City,2024-07-07,301210.1,5421.78,57860.2,1967.25,336513.9,4038.17,112481.7,1237.3,165307.8,1487.77,139258.7,974.81,20634.2,1650.73,110400.9,0.3476,0.8011,0.985,0.0,4403.13,21.1772,2200000
Kansas City,2024-07-14,287619.3,5177.15,58795.3,1999.04,353040.1,4236.48,96242.6,1058.67,166575.7,1499.18,164624.6,1152.37,25400.5,2032.04,132601.6,0.3543,0.7799,0.9636,1.0,5880.18,20.717,2200000
Kansas City,2024-07-21,304953.1,5489.16,53700.4,1825.82,293337.9,3520.05,90072.8,990.8,176434.0,1587.91,125227.7,876.59,21703.2,1736.25,122029.0,0.3755,0.9105,0.94,1.0,5311.96,20.2096,2200000
Kansas City,2024-07-28,280402.7,5047.25,58902.1,2002.67,364121.8,4369.46,106231.6,1168.55,241907.6,2177.17,120700.0,844.9,23580.2,1886.42,138522.1,0.4118,1.0294,0.9984,0.0,5152.95,21.4657,2200000
Kansas City,2024-08-04,300161.4,5402.9,66468.3,2259.92,337753.8,4053.05,94793.9,1042.73,237724.9,2139.52,154066.4,1078.46,26786.9,2142.96,157012.4,0.4627,0.8404,0.9446,1.0,6350.68,20.3096,2200000
Kansas City,2024-08-11,342482.0,6164.68,79020.6,2686.7,370229.3,4442.75,113776.5,1251.54,222071.0,1998.64,165711.3,1159.98,25340.6,2027.24,158542.4,0.5258,0.89,1.0064,0.0,5662.83,21.6381,2200000
Kansas City,2024-08-18,328504.5,5913.08,67969.5,2310.96,362355.6,4348.27,127961.9,1407.58,252279.2,2270.51,131394.7,919.76,33021.4,2641.72,156460.8,0.5958,1.069,1.0022,0.0,6589.59,21.5473,2200000
Kansas City,2024-08-25,325360.9,5856.5,63817.2,2169.79,344576.6,4134.92,108807.7,1196.88,241021.1,2169.19,156894.4,1098.26,26859.9,2148.79,169365.7,0.6646,1.0693,1.0111,0.0,6708.4,21.7384,2200000
Kansas City,2024-09-01,357174.0,6429.13,78171.7,2657.84,414027.3,4968.33,126309.5,1389.4,296224.5,2666.02,135857.0,951.0,26984.8,2158.79,174878.0,0.7224,1.0782,0.9669,1.0,6866.54,20.7885,2200000
Kansas City,2024-09-08,369522.8,6651.41,70855.4,2409.08,424806.4,5097.68,147739.2,1625.13,246503.4,2218.53,130517.2,913.62,29905.4,2392.43,168156.7,0.7597,1.0781,0.9855,0.0,6686.44,21.1882,2200000
Kansas City,2024-09-15,395059.4,7111.07,90132.0,3064.49,403050.1,4836.6,137809.3,1515.9,261859.6,2356.74,144585.3,1012.1,30899.7,2471.97,206459.5,0.7701,1.331,1.0018,0.0,6648.43,21.5386,2200000
Kansas City,2024-09-22,295098.6,5311.77,78666.2,2674.65,348307.6,4179.69,125402.5,1379.43,243474.2,2191.27,140604.1,984.23,26340.5,2107.24,172722.2,0.7516,1.2414,0.9911,0.0,6419.16,21.308,2200000
Kansas City,2024-09-29,350226.9,6304.08,80034.8,2721.18,333906.3,4006.88,131906.1,1450.97,209326.4,1883.94,170019.0,1190.13,25969.4,2077.55,180101.5,0.7075,1.1555,0.9953,0.0,6231.67,21.3984,2200000
Kansas City,2024-10-06,364569.1,6562.24,63172.1,2147.85,437637.9,5251.65,116578.4,1282.36,214478.2,1930.3,171803.5,1202.62,26952.5,2156.2,138746.6,0.6455,0.9882,1.0089,0.0,5760.99,21.6918,2200000
Kansas City,2024-10-13,253437.9,4561.88,60257.2,2048.75,416151.8,4993.82,142927.3,1572.2,213572.2,1922.15,138649.2,970.54,29618.0,2369.44,137707.7,0.5751,0.9826,0.9857,0.0,5453.04,21.1917,2200000
Kansas City,2024-10-20,330314.6,5945.66,56343.6,1915.68,353187.2,4238.25,132435.1,1456.79,231693.4,2085.24,134330.9,940.32,27319.9,2185.59,149487.8,0.5058,0.9283,1.015,0.0,5918.5,21.8224,2200000
Kansas City,2024-10-27,265786.4,4784.16,58729.8,1996.81,347415.9,4168.99,110009.6,1210.11,172914.5,1556.23,120694.3,844.86,23315.0,1865.2,121384.4,0.4447,1.0133,0.9982,0.0,4702.45,21.4603,2200000
Kansas City,2024-11-03,280401.2,5047.22,61211.9,2081.2,346643.6,4159.72,121440.0,1335.84,179896.1,1619.07,154765.8,1083.36,26060.9,2084.87,129858.2,0.3955,0.8092,0.997,0.0,4706.73,21.4353,2200000
Kansas City,2024-11-10,288104.6,5185.88,67687.5,2301.38,358177.5,4298.13,113158.4,1244.74,167570.6,1508.14,131590.4,921.13,21929.3,1754.34,106690.7,0.3592,0.9446,1.0104,0.0,4839.27,21.7243,2200000
Kansas City,2024-11-17,219484.8,3950.73,55211.1,1877.18,289272.3,3471.27,89662.1,986.28,175978.2,1583.8,119398.2,835.79,20099.2,1607.94,127547.0,0.3345,0.7277,1.0009,0.0,4492.79,21.52,2200000
Kansas City,2024-11-24,239776.5,4315.98,62695.0,2131.63,360528.1,4326.34,115439.0,1269.83,185129.9,1666.17,162637.2,1138.46,26224.1,2097.93,123202.4,0.3189,0.8397,1.014,0.0,4657.84,21.8011,2200000
Kansas City,2024-12-01,265432.2,4777.78,62042.9,2109.46,354043.3,4248.52,101739.7,1119.14,190791.6,1717.12,138032.2,966.23,26207.4,2096.59,107261.3,0.3097,0.9296,1.0074,0.0,4808.84,21.66,2200000
Kansas City,2024-12-08,226061.2,4069.1,61911.9,2105.0,269202.5,3230.43,88872.3,977.59,155485.6,1399.37,122131.2,854.92,27090.1,2167.21,115159.2,0.3047,0.7418,0.9888,0.0,4659.33,21.2589,2200000
Kansas City,2024-12-15,253200.5,4557.61,54342.4,1847.64,357867.2,4294.41,84471.9,929.19,190164.1,1711.48,164113.3,1148.79,22939.1,1835.13,111989.6,0.3021,0.7136,0.9941,0.0,4737.72,21.3741,2200000
Kansas City,2024-12-22,222382.1,4002.88,54436.9,1850.86,290906.8,3490.88,90612.7,996.74,163258.2,1469.32,129049.6,903.35,26579.9,2126.39,109535.3,0.3009,0.8336,0.9862,0.0,4334.54,21.2037,2200000
Kansas City,2024-12-29,226122.5,4070.21,61574.7,2093.54,348222.7,4178.67,109639.3,1206.03,206543.7,1858.89,139563.1,976.94,23941.5,1915.32,114551.7,0.3004,0.7206,0.9382,1.0,4989.47,20.1708,2200000
Kansas City,2025-01-05,251545.3,4527.82,60394.5,2053.41,296114.6,3553.38,99743.1,1097.17,191478.8,1723.31,161504.4,1130.53,26566.5,2125.32,114751.6,0.3059,0.7846,0.9994,0.0,4675.8,21.4868,2200000
Kansas City,2025-01-12,236633.2,4259.4,66835.0,2272.39,326311.3,3915.74,98055.9,1078.62,205778.6,1852.01,165589.0,1159.12,24999.8,1999.98,128883.4,0.3115,0.7744,0.9979,0.0,4315.78,21.4542,2200000
Kansas City,2025-01-19,236527.5,4257.5,66888.1,2274.19,337060.4,4044.72,104564.3,1150.21,212722.9,1914.51,126406.1,884.84,23722.4,1897.8,118583.4,0.3212,0.898,0.995,0.0,4857.71,21.393,2200000
Kansas City,2025-01-26,265009.0,4770.16,67300.8,2288.23,364333.4,4372.0,113557.5,1249.13,171091.4,1539.82,145736.3,1020.15,26800.7,2144.06,127286.7,0.3372,0.8206,0.9882,0.0,4481.2,21.2464,2200000
Kansas City,2025-02-02,253639.3,4565.51,67194.8,2284.62,263775.4,3165.3,101264.7,1113.91,201658.7,1814.93,163999.7,1148.0,23467.6,1877.41,133189.0,0.3624,0.8111,0.9801,0.0,4692.32,21.0729,2200000
Kansas City,2025-02-09,227868.2,4101.63,73865.0,2511.41,316400.5,3796.81,104506.3,1149.57,218751.4,1968.76,151420.0,1059.94,28306.5,2264.52,134825.1,0.3996,1.009,0.9828,0.0,4817.6,21.1291,2200000
Kansas City,2025-02-16,250978.1,4517.61,70391.2,2393.3,397673.4,4772.08,108765.3,1196.42,219299.7,1973.7,151725.0,1062.07,29585.3,2366.82,139872.1,0.4517,0.973,1.0074,0.0,5157.85,21.6599,2200000
Kansas City,2025-02-23,315200.4,5673.61,69802.0,2373.27,347659.0,4171.91,116949.7,1286.45,252744.7,2274.7,124566.6,871.97,28736.9,2298.95,149433.1,0.5202,1.0553,0.968,1.0,6556.02,20.8129,2200000
Kansas City,2025-03-02,262206.8,4719.72,62272.1,2117.25,424199.2,5090.39,124642.1,1371.06,216465.2,1948.19,139589.8,977.13,24608.3,1968.67,152200.3,0.6046,1.0918,0.9984,0.0,5994.4,21.4664,2200000
Kansas City,2025-03-09,323583.4,5824.5,66392.0,2257.33,463079.0,5556.95,154760.4,1702.36,276961.3,2492.65,147777.9,1034.45,25788.6,2063.09,173891.6,0.7018,1.3611,1.0009,0.0,6580.85,21.5195,2200000
Kansas City,2025-03-16,373756.7,6727.62,79545.8,2704.56,491434.9,5897.22,145386.9,1599.26,298894.5,2690.05,166432.8,1165.03,37617.6,3009.41,183522.2,0.8052,1.4308,0.9883,0.0,6453.66,21.2483,2200000
Kansas City,2025-03-23,324615.9,5843.09,85838.4,2918.5,494052.3,5928.63,163580.6,1799.39,243429.9,2190.87,154507.3,1081.55,33230.9,2658.47,195005.7,0.9055,1.5286,1.0149,0.0,6907.98,21.8194,2200000
Kansas City,2025-03-30,380332.0,6845.98,100871.6,3429.63,511839.2,6142.07,171740.1,1889.14,284721.0,2562.49,128016.8,896.12,40665.9,3253.27,219505.8,0.9919,1.3828,0.9858,0.0,7308.82,21.195,2200000
Kansas City,2025-04-06,442062.8,7957.13,83319.5,2832.86,453145.5,5437.75,143496.6,1578.46,272621.8,2453.6,165947.5,1161.63,41884.9,3350.79,226404.8,1.0536,1.4327,0.9845,0.0,7770.67,21.1658,2200000
Kansas City,2025-04-13,362315.4,6521.68,100985.0,3433.49,513309.3,6159.71,142569.7,1568.27,330285.6,2972.57,141706.2,991.94,41931.6,3354.53,257727.9,1.0825,1.7247,1.0029,0.0,8248.91,21.5617,2200000
Kansas City,2025-04-20,354677.3,6384.19,79015.6,2686.53,448694.9,5384.34,192958.2,2122.54,268712.9,2418.42,167040.9,1169.29,38636.7,3090.94,225206.3,1.0745,1.389,1.01,0.0,7489.38,21.714,2200000
Kansas City,2025-04-27,331227.0,5962.09,105231.5,3577.87,536514.8,6438.18,139602.0,1535.62,310464.6,2794.18,136190.6,953.33,34218.6,2737.49,200525.4,1.0308,1.5108,0.9419,1.0,9335.24,20.2502,2200000
Kansas City,2025-05-04,315794.0,5684.29,93454.2,3177.44,433795.3,5205.54,142325.4,1565.58,241455.6,2173.1,170027.8,1190.19,35639.5,2851.16,228302.6,0.9573,1.3938,0.9963,0.0,7537.93,21.4211,2200000
Kansas City,2025-05-11,385277.4,6934.99,78439.2,2666.93,433162.3,5197.95,142614.6,1568.76,279579.8,2516.22,155984.9,1091.89,39084.8,3126.78,234087.5,0.8636,1.2238,0.9389,1.0,8589.54,20.1862,2200000
Kansas City,2025-05-18,336626.3,6059.27,68972.6,2345.07,416305.3,4995.66,158107.2,1739.18,295336.1,2658.03,164049.0,1148.34,35868.8,2869.5,177519.0,0.7607,1.1508,1.0138,0.0,6827.46,21.7963,2200000
Kansas City,2025-05-25,367311.1,6611.6,79916.8,2717.17,406739.5,4880.87,119666.5,1316.33,279118.1,2512.06,168186.0,1177.3,32999.2,2639.94,169488.5,0.6591,1.3092,1.0178,0.0,6866.26,21.8818,2200000
Kansas City,2025-06-01,298430.2,5371.74,75333.0,2561.32,312492.4,3749.91,116880.4,1285.68,194004.1,1746.04,161707.4,1131.95,24753.6,1980.29,182182.2,0.567,1.1061,1.0059,0.0,5984.53,21.6273,2200000
Kansas City,2025-06-08,326760.8,5881.69,59535.4,2024.2,381753.8,4581.05,97252.8,1069.78,219987.2,1979.89,170232.8,1191.63,25990.5,2079.24,137962.8,0.4897,0.843,0.9956,0.0,5662.64,21.406,2200000
Kansas City,2025-06-15,236602.9,4258.85,62459.2,2123.61,281319.0,3375.83,114135.4,1255.49,228086.3,2052.78,129906.1,909.34,23921.9,1913.75,133006.9,0.4296,0.8979,0.9998,0.0,5216.08,21.4949,2200000
Kansas City,2025-06-22,262363.9,4722.55,63825.5,2170.07,314153.6,3769.84,126990.8,1396.9,175880.6,1582.93,141690.5,991.83,21830.4,1746.43,122217.9,0.3867,0.8068,0.9916,0.0,5248.08,21.3202,2200000
Kansas City,2025-06-29,257479.9,4634.64,56354.6,1916.06,324328.8,3891.95,123413.8,1357.55,178679.9,1608.12,138239.3,967.68,23654.3,1892.35,123293.7,0.36,0.9153,0.9958,0.0,4954.17,21.4096,2200000
Kansas City,2025-07-06,276080.0,4969.44,65561.5,2229.09,309952.9,3719.43,90676.8,997.44,222266.6,2000.4,162971.9,1140.8,24723.9,1977.91,146552.3,0.3483,0.7965,0.9926,0.0,5079.93,21.3403,2200000
Kansas City,2025-07-13,291176.5,5241.18,56534.7,1922.18,276318.6,3315.82,107145.5,1178.6,170694.6,1536.25,138380.3,968.66,23970.8,1917.67,130302.1,0.3509,0.7597,0.9562,1.0,5884.15,20.5578,2200000
Kansas City,2025-07-20,310016.0,5580.29,67750.7,2303.52,362494.6,4349.93,104168.4,1145.85,198355.8,1785.2,129131.2,903.92,20967.8,1677.42,141864.9,0.3679,0.8398,0.9389,1.0,5731.85,20.1856,2200000
Kansas City,2025-07-27,302758.7,5449.66,53228.7,1809.78,284213.1,3410.56,127320.4,1400.52,204363.0,1839.27,140322.9,982.26,26104.1,2088.33,144681.9,0.3999,1.0225,0.9584,1.0,5830.17,20.6054,2200000
Kansas City,2025-08-03,325166.9,5853.0,64177.1,2182.02,323603.1,3883.24,109289.5,1202.18,193964.3,1745.68,145895.1,1021.27,28181.5,2254.52,121146.9,0.4468,1.027,0.9875,0.0,5365.2,21.2312,2200000
Kansas City,2025-08-10,257375.5,4632.76,63321.1,2152.92,392384.0,4708.61,134169.8,1475.87,206243.3,1856.19,142254.0,995.78,31066.3,2485.3,144638.4,0.5068,1.091,1.0112,0.0,5797.6,21.7418,2200000
Kansas City,2025-08-17,301625.4,5429.26,64304.0,2186.34,350282.1,4203.39,137926.7,1517.19,225415.3,2028.74,123646.5,865.53,30557.8,2444.63,169023.2,0.5756,1.1552,1.0191,0.0,5922.83,21.9115,2200000
Kansas City,2025-08-24,306511.9,5517.21,63102.1,2145.47,406536.1,4878.43,143203.8,1575.24,281799.4,2536.19,138230.3,967.61,30648.4,2451.87,169061.9,0.6457,1.0146,0.9338,1.0,6962.07,20.0772,2200000
Kansas City,2025-08-31,391814.3,7052.66,82656.8,2810.33,347598.6,4171.18,139107.5,1530.18,278540.4,2506.86,124127.6,868.89,26410.1,2112.81,175977.3,0.7076,1.1025,0.9872,0.0,6128.26,21.2259,2200000
Kansas City,2025-09-07,326803.3,5882.46,68443.9,2327.09,433865.7,5206.39,143833.0,1582.16,280916.0,2528.24,138735.1,971.15,27394.6,2191.57,173014.5,0.7516,1.1418,0.987,0.0,6534.44,21.2204,2200000
Kansas City,2025-09-14,319102.1,5743.84,83181.0,2828.15,385312.9,4623.75,128880.7,1417.69,286860.6,2581.75,147548.5,1032.84,28891.7,2311.34,169223.2,0.7701,1.1327,0.9801,0.0,6817.66,21.0724,2200000
Kansas City,2025-09-21,335681.0,6042.26,75018.3,2550.62,381918.4,4583.02,152861.6,1681.48,284501.5,2560.51,176494.3,1235.46,32612.7,2609.01,161541.9,0.7597,1.2416,0.9868,0.0,6289.05,21.2153,2200000
Kansas City,2025-09-28,389250.6,7006.51,75489.6,2566.65,428363.0,5140.36,112330.4,1235.63,285143.8,2566.29,158457.5,1109.2,27435.4,2194.83,159153.5,0.7223,1.3513,1.0147,0.0,6057.64,21.816,2200000
Kansas City,2025-10-05,380841.7,6855.15,82712.9,2812.24,423297.4,5079.57,108277.9,1191.06,283529.8,2551.77,174546.7,1221.83,29884.8,2390.78,149131.6,0.6645,1.2555,0.965,1.0,7089.69,20.7473,2200000
Kansas City,2025-10-12,259009.8,4662.18,64668.6,2198.73,358547.1,4302.57,108535.6,1193.89,193225.9,1739.03,121650.4,851.55,26442.4,2115.4,158559.1,0.5955,1.0239,0.9944,0.0,5478.15,21.3792,2200000
Kansas City,2025-10-19,287683.2,5178.3,73613.3,2502.85,363245.7,4358.95,127209.9,1399.31,235744.5,2121.7,125066.0,875.46,31729.0,2538.32,134266.5,0.5251,1.1146,0.9969,0.0,5282.85,21.4328,2200000
Kansas City,2025-10-26,281799.8,5072.4,65440.4,2224.97,328670.6,3944.05,99155.7,1090.71,237158.2,2134.42,146767.2,1027.37,22168.0,1773.44,155324.9,0.461,0.9843,0.9945,0.0,5250.49,21.3818,2200000
Kansas City,2025-11-02,320838.1,5775.09,57304.9,1948.37,331907.1,3982.89,105816.0,1163.98,202478.8,1822.31,127841.3,894.89,25837.2,2066.98,117660.7,0.4082,0.9656,1.0089,0.0,4708.91,21.691,2200000
Kansas City,2025-11-09,256706.8,4620.72,65505.5,2227.19,317839.7,3814.08,121224.6,1333.47,219439.5,1974.96,122291.4,856.04,21159.5,1692.76,132152.4,0.3683,0.7871,1.0005,0.0,4812.46,21.5114,2200000
Kansas City,2025-11-16,278701.9,5016.63,67741.3,2303.21,348437.4,4181.25,104812.1,1152.93,190526.7,1714.74,121976.5,853.84,20701.3,1656.11,122286.5,0.3405,0.849,0.9869,0.0,4803.72,21.2186,2200000
Kansas City,2025-11-23,279008.7,5022.16,58683.8,1995.25,315462.4,3785.55,119331.3,1312.64,173035.1,1557.32,142087.0,994.61,25117.7,2009.42,106013.7,0.3226,0.8964,1.01,0.0,4736.65,21.7151,2200000
Kansas City,2025-11-30,240705.3,4332.7,61573.3,2093.49,257294.7,3087.54,87977.0,967.75,158926.8,1430.34,124898.1,874.29,21825.9,1746.07,108386.5,0.3118,0.8125,1.01,0.0,4832.21,21.7144,2200000
Kansas City,2025-12-07,267544.2,4815.8,50395.4,1713.44,279216.2,3350.59,120788.0,1328.67,178964.7,1610.68,140177.3,981.24,25341.8,2027.35,107041.3,0.3058,0.8168,0.9835,0.0,4543.86,21.146,2200000
Kansas City,2025-12-14,289023.5,5202.42,63571.9,2161.44,359029.0,4308.35,110268.2,1212.95,209567.1,1886.1,147569.0,1032.98,27103.1,2168.25,126270.5,0.3027,0.9185,1.0191,0.0,5088.54,21.9099,2200000
Kansas City,2025-12-21,295176.6,5313.18,56394.9,1917.43,282970.9,3395.65,91996.5,1011.96,192245.4,1730.21,153829.2,1076.8,25215.5,2017.24,111552.2,0.3012,0.6996,1.0082,0.0,3959.05,21.6757,2200000
Oklahoma City,2023-01-01,192015.4,3456.28,34397.8,1169.52,216808.3,2601.7,55179.0,606.97,114635.6,1031.72,105097.3,735.68,19973.9,1597.91,74587.8,0.3043,0.7179,1.0171,0.0,2855.26,21.8668,1500000
Oklahoma City,2023-01-08,189212.4,3405.82,33484.3,1138.46,274744.0,3296.93,57469.4,632.16,129280.4,1163.52,82148.0,575.04,16862.2,1348.97,88121.3,0.3085,0.8562,0.9966,0.0,3219.46,21.4263,1500000
Oklahoma City,2023-01-15,150683.1,2712.3,37156.7,1263.33,212008.6,2544.1,63355.7,696.91,109966.0,989.69,100358.9,702.51,14582.6,1166.61,82383.0,0.3161,0.8234,0.9901,0.0,3204.08,21.2866,1500000
Oklahoma City,2023-01-22,189804.5,3416.48,33837.9,1150.49,265834.7,3190.02,67471.5,742.19,152163.7,1369.47,108128.2,756.9,16803.2,1344.25,84149.0,0.3291,0.7494,0.9635,1.0,3795.24,20.7149,1500000
Oklahoma City,2023-01-29,195058.8,3511.06,38853.5,1321.02,224228.5,2690.74,66436.9,730.81,131460.3,1183.14,85825.7,600.78,16763.0,1341.04,79377.3,0.3501,0.9764,0.9344,1.0,3722.48,20.0892,1500000
Oklahoma City,2023-02-05,191271.4,3442.88,47208.8,1605.1,227484.3,2729.81,57345.9,630.81,159468.3,1435.21,83265.1,582.86,17434.5,1394.76,79108.6,0.3822,0.9036,0.9413,1.0,3658.61,20.2384,1500000
Oklahoma City,2023-02-12,188541.5,3393.75,40598.6,1380.35,271542.5,3258.51,62554.0,688.09,156971.2,1412.74,87991.4,615.94,16068.1,1285.45,82861.3,0.4286,0.8558,0.9812,0.0,3370.71,21.0962,1500000
Oklahoma City,2023-02-19,212688.2,3828.39,46773.3,1590.29,280824.5,3369.89,61796.2,679.76,162852.4,1465.67,103320.2,723.24,16401.2,1312.09,94530.0,0.4918,1.0067,1.0051,0.0,3624.69,21.6095,1500000
Oklahoma City,2023-02-26,231710.2,4170.78,43931.1,1493.66,249846.5,2998.16,79591.8,875.51,143038.9,1287.35,100063.8,700.45,17904.4,1432.35,101745.3,0.5727,1.0356,0.9892,0.0,4040.82,21.2679,1500000
Oklahoma City,2023-03-05,217160.5,3908.89,47712.2,1622.22,272313.8,3267.77,67567.3,743.24,150897.5,1358.08,99461.1,696.23,23242.5,1859.4,125540.3,0.6697,1.232,0.9941,0.0,4380.17,21.3739,1500000
Oklahoma City,2023-03-12,257258.4,4630.65,46208.3,1571.08,286481.7,3437.78,72150.3,793.65,189128.5,1702.16,91655.9,641.59,21523.5,1721.88,136241.3,0.7777,1.3283,0.9815,0.0,4500.42,21.103,1500000
Oklahoma City,2023-03-19,252688.9,4548.4,56694.9,1927.63,383275.1,4599.3,93350.6,1026.86,182408.4,1641.68,99945.7,699.62,26407.8,2112.62,143433.3,0.8884,1.3941,1.0085,0.0,4914.63,21.6821,1500000
Oklahoma City,2023-03-26,252147.2,4538.65,69929.2,2377.59,348175.0,4178.1,87394.8,961.34,164179.9,1477.62,108720.6,761.04,22352.7,1788.22,139780.3,0.991,1.3848,1.0189,0.0,5360.05,21.9069,1500000
Oklahoma City,2023-04-02,286084.7,5149.53,68760.1,2337.84,425747.0,5108.96,80989.1,890.88,193559.4,1742.03,89583.0,627.08,25704.9,2056.39,168686.0,1.0735,1.6014,0.9888,0.0,5486.27,21.259,1500000
Oklahoma City,2023-04-09,243629.1,4385.32,63524.2,2159.82,347695.3,4172.34,108501.9,1193.52,206712.9,1860.42,96770.9,677.4,24007.6,1920.61,156701.8,1.1254,1.4737,0.9914,0.0,5877.71,21.3161,1500000
Oklahoma City,2023-04-16,261436.7,4705.86,61583.0,2093.82,328601.4,3943.22,89442.7,983.87,230489.9,2074.41,121927.5,853.49,26975.6,2158.05,160151.8,1.1396,1.5423,1.0174,0.0,5848.81,21.8739,1500000
Oklahoma City,2023-04-23,311813.6,5612.64,64237.7,2184.08,321067.6,3852.81,103775.6,1141.53,185666.0,1670.99,110611.9,774.28,26558.1,2124.65,160886.2,1.1142,1.6661,1.0194,0.0,5641.99,21.9174,1500000
Oklahoma City,2023-04-30,282834.5,5091.02,68257.3,2320.75,402514.0,4830.17,81044.3,891.49,181586.2,1634.28,89951.5,629.66,25492.8,2039.43,143329.3,1.0526,1.4104,1.013,0.0,5404.52,21.7792,1500000
Oklahoma City,2023-05-07,293322.2,5279.8,55169.1,1875.75,342138.4,4105.66,88356.5,971.92,176483.0,1588.35,90384.6,632.69,27277.2,2182.18,142491.5,0.9632,1.4042,0.9604,1.0,5729.76,20.6496,1500000
Oklahoma City,2023-05-14,205812.6,3704.63,60039.0,2041.33,305959.2,3671.51,95976.9,1055.75,159915.7,1439.24,111836.2,782.85,21569.4,1725.55,129636.9,0.8571,1.2553,1.0189,0.0,4880.68,21.9073,1500000
Oklahoma City,2023-05-21,216142.7,3890.57,46747.9,1589.43,264814.5,3177.77,72702.8,799.73,173011.5,1557.1,110189.1,771.32,20474.2,1637.93,128478.8,0.7462,1.183,0.9936,0.0,4424.73,21.3625,1500000
Oklahoma City,2023-05-28,243933.8,4390.81,50847.6,1728.82,255881.7,3070.58,89088.4,979.97,148563.5,1337.07,97359.8,681.52,17589.2,1407.13,129148.2,0.6408,1.1124,1.0086,0.0,4281.02,21.6839,1500000
Oklahoma City,2023-06-04,228082.7,4105.49,48278.3,1641.46,313241.3,3758.9,63359.1,696.95,132252.5,1190.27,95109.6,665.77,20121.6,1609.73,110071.1,0.5484,0.9884,0.9363,1.0,4685.15,20.1295,1500000
Oklahoma City,2023-06-11,163806.3,2948.51,50251.7,1708.56,282540.6,3390.49,80101.0,881.11,143306.2,1289.76,89498.5,626.49,21399.5,1711.96,91073.8,0.4733,1.0459,0.9959,0.0,3802.16,21.4116,1500000
Oklahoma City,2023-06-18,199243.9,3586.39,48292.9,1641.96,291400.4,3496.8,64477.9,709.26,158743.6,1428.69,83633.8,585.44,15141.0,1211.28,100293.1,0.4169,0.8714,0.9451,1.0,3978.95,20.3202,1500000
Oklahoma City,2023-06-25,171924.3,3094.64,36829.1,1252.19,264744.5,3176.93,73058.1,803.64,122829.6,1105.47,114251.6,799.76,16868.4,1349.47,84184.1,0.3786,0.8637,0.9404,1.0,3929.23,20.2193,1500000
Oklahoma City,2023-07-02,200103.5,3601.86,42862.5,1457.32,255471.4,3065.66,66725.2,733.98,147927.5,1331.35,93377.5,653.64,14798.5,1183.88,82455.7,0.357,0.8693,1.0012,0.0,3401.76,21.5264,1500000
Oklahoma City,2023-07-09,166533.2,2997.6,46508.5,1581.29,207820.1,2493.84,66107.7,727.18,145364.7,1308.28,79709.1,557.96,14912.3,1192.99,90754.1,0.3511,0.9676,0.9934,0.0,3334.52,21.3583,1500000
Oklahoma City,2023-07-16,170306.5,3065.52,36537.7,1242.28,206129.9,2473.56,60567.5,666.24,114789.7,1033.11,94810.1,663.67,17307.4,1384.59,92701.1,0.3604,0.7421,0.9633,1.0,3973.17,20.712,1500000
Oklahoma City,2023-07-23,205242.5,3694.36,42280.7,1437.54,236436.0,2837.23,58497.7,643.47,149125.0,1342.13,88431.4,619.02,19848.9,1587.91,79894.9,0.3855,0.8271,0.9947,0.0,3303.77,21.3853,1500000
Oklahoma City,2023-07-30,185526.8,3339.48,42351.5,1439.95,247178.7,2966.14,58759.2,646.35,146456.0,1318.1,86465.3,605.26,15584.2,1246.73,83032.3,0.4267,0.9032,0.9936,0.0,3429.73,21.3634,1500000
Oklahoma City,2023-08-06,163148.1,2936.67,47632.7,1619.51,251196.8,3014.36,72274.8,795.02,143530.8,1291.78,107521.9,752.65,21668.4,1733.47,109722.6,0.4833,1.0254,0.9823,0.0,3779.88,21.1198,1500000
Oklahoma City,2023-08-13,220691.2,3972.44,42456.6,1443.52,229556.6,2754.68,85053.0,935.58,157927.3,1421.35,87664.4,613.65,20976.7,1678.14,91924.2,0.5524,1.0248,0.9992,0.0,3961.45,21.4819,1500000
Oklahoma City,2023-08-20,211378.1,3804.81,50001.2,1700.04,345219.1,4142.63,67780.4,745.58,181953.7,1637.58,94819.8,663.74,19701.0,1576.08,100304.4,0.6278,1.1756,0.9659,1.0,4516.93,20.7672,1500000
Oklahoma City,2023-08-27,204127.8,3674.3,56286.8,1913.75,332527.7,3990.33,68444.1,752.89,175995.0,1583.95,98129.8,686.91,20628.6,1650.29,116378.4,0.7005,1.21,0.9343,1.0,4563.34,20.0867,1500000
Oklahoma City,2023-09-03,255010.7,4590.19,45653.4,1552.22,304201.3,3650.42,87426.9,961.7,175379.5,1578.42,90808.3,635.66,20198.5,1615.88,127142.3,0.7598,1.1348,0.968,1.0,5152.94,20.8126,1500000
Oklahoma City,2023-09-10,265497.0,4778.95,50876.9,1729.81,361844.7,4342.14,94963.0,1044.59,203476.9,1831.29,118360.9,828.53,19997.9,1599.84,127233.9,0.796,1.3376,1.0152,0.0,4685.3,21.8275,1500000
Oklahoma City,2023-09-17,248554.8,4473.99,57651.0,1960.14,329021.5,3948.26,95089.3,1045.98,180548.6,1624.94,114568.7,801.98,20046.0,1603.68,127944.6,0.8027,1.3511,1.0121,0.0,4518.62,21.7598,1500000
Oklahoma City,2023-09-24,212876.4,3831.77,60908.1,2070.87,349078.7,4188.94,83888.5,922.77,188684.6,1698.16,119672.9,837.71,26097.7,2087.82,122483.1,0.7786,1.2591,0.9971,0.0,4832.75,21.4382,1500000
Oklahoma City,2023-10-01,246456.9,4436.22,52275.1,1777.35,345994.5,4151.93,80633.4,886.97,172337.1,1551.03,109136.7,763.96,21841.3,1747.3,129185.9,0.7281,1.2443,1.001,0.0,4716.73,21.5206,1500000
Oklahoma City,2023-10-08,202748.6,3649.47,54112.8,1839.84,299734.6,3596.82,78949.4,868.44,168320.3,1514.88,104569.1,731.98,21098.9,1687.91,100323.9,0.6597,1.2684,0.983,0.0,4295.88,21.1341,1500000
Oklahoma City,2023-10-15,212907.3,3832.33,50671.3,1722.82,286442.4,3437.31,86303.5,949.34,150789.8,1357.11,98240.9,687.69,19564.1,1565.13,114814.9,0.5839,1.0452,1.0115,0.0,4074.86,21.7469,1500000
Oklahoma City,2023-10-22,191424.9,3445.65,39993.3,1359.77,256937.1,3083.24,62317.6,685.49,135911.6,1223.2,92399.7,646.8,16934.4,1354.75,98939.8,0.5105,0.8884,0.9622,1.0,4176.77,20.6868,1500000
Oklahoma City,2023-10-29,191714.6,3450.86,40153.9,1365.23,306438.7,3677.26,68373.2,752.11,156186.4,1405.68,109667.1,767.67,19489.5,1559.16,91179.8,0.4466,0.9769,0.9985,0.0,3500.8,21.4686,1500000
Oklahoma City,2023-11-05,175825.3,3164.86,40398.2,1373.54,228676.8,2744.12,74169.1,815.86,157613.6,1418.52,87495.9,612.47,21347.8,1707.83,75000.0,0.3959,1.0246,0.9985,0.0,3000.97,21.4683,1500000
Oklahoma City,2023-11-12,165559.1,2980.06,44645.3,1517.94,280492.3,3365.91,56108.0,617.19,141724.4,1275.52,86527.9,605.7,15698.8,1255.9,77264.8,0.359,0.9279,1.0059,0.0,3249.98,21.6261,1500000
Oklahoma City,2023-11-19,158243.8,2848.39,38812.3,1319.62,198465.9,2381.59,74575.7,820.33,152811.3,1375.3,112256.7,785.8,18452.2,1476.17,86678.7,0.3341,0.7543,0.9802,0.0,3411.04,21.0745,1500000
Oklahoma City,2023-11-26,167753.8,3019.57,41485.1,1410.49,233118.2,2797.42,63554.5,699.1,147663.3,1328.97,92740.2,649.18,17921.9,1433.75,91068.4,0.3185,0.8252,0.994,0.0,3113.98,21.3709,1500000
Oklahoma City,2023-12-03,151476.7,2726.58,36377.3,1236.83,273719.5,3284.63,54579.5,600.37,137193.6,1234.74,86680.2,606.76,18946.2,1515.69,84924.4,0.3094,0.8397,1.0013,0.0,2955.86,21.5286,1500000
Oklahoma City,2023-12-10,192155.8,3458.8,44987.8,1529.58,202679.6,2432.16,68253.8,750.79,148388.8,1335.5,95398.5,667.79,19624.0,1569.92,81648.0,0.3045,0.9081,0.9846,0.0,2947.19,21.1697,1500000
Oklahoma City,2023-12-17,156181.1,2811.26,42264.4,1436.99,240091.1,2881.09,63834.8,702.18,133168.7,1198.52,81070.8,567.5,13979.5,1118.36,84837.4,0.302,0.8721,0.9949,0.0,2919.39,21.3902,1500000
Oklahoma City,2023-12-24,147658.7,2657.86,41366.3,1406.45,219862.8,2638.35,63022.9,693.25,140460.7,1264.15,83279.5,582.96,15555.9,1244.47,77904.3,0.3009,0.8342,1.0064,0.0,2934.7,21.6384,1500000
Oklahoma City,2023-12-31,153463.8,2762.35,44116.8,1499.97,234715.8,2816.59,63097.9,694.08,127725.9,1149.53,80338.5,562.37,19773.0,1581.84,76704.8,0.3003,0.827,1.0193,0.0,3049.88,21.9149,1500000
Oklahoma City,2024-01-07,165659.3,2981.87,46617.4,1584.99,202681.6,2432.18,67624.4,743.87,145506.9,1309.56,95536.5,668.76,14443.1,1155.45,76299.0,0.3077,0.7194,0.999,0.0,2986.08,21.4779,1500000
Oklahoma City,2024-01-14,158082.0,2845.48,35958.4,1222.59,261750.7,3141.01,51550.8,567.06,111552.4,1003.97,88372.7,618.61,17124.0,1369.92,77792.0,0.3147,0.7938,0.9958,0.0,3265.89,21.4091,1500000
Oklahoma City,2024-01-21,199494.1,3590.89,47250.4,1606.51,233609.7,2803.32,54061.2,594.67,141192.0,1270.73,112728.5,789.1,17614.0,1409.12,82127.7,0.3268,0.8971,0.9855,0.0,3325.04,21.1872,1500000
Oklahoma City,2024-01-28,200910.1,3616.38,40992.1,1393.73,269226.1,3230.71,55629.9,611.93,131611.9,1184.51,105150.9,736.06,20421.6,1633.73,88636.5,0.3465,0.8566,1.0093,0.0,3270.83,21.6992,1500000
Oklahoma City,2024-02-04,195202.0,3513.64,38433.5,1306.74,251114.8,3013.38,75187.7,827.07,145090.5,1305.81,89738.9,628.17,16585.9,1326.87,83002.6,0.3768,0.8881,1.0032,0.0,3493.55,21.5685,1500000
Oklahoma City,2024-02-11,186772.2,3361.9,48301.6,1642.26,256211.9,3074.54,68808.6,756.9,116640.4,1049.76,105719.9,740.04,17923.9,1433.92,103098.0,0.421,0.8354,0.9984,0.0,3475.09,21.465,1500000
Oklahoma City,2024-02-18,228415.3,4111.47,45310.1,1540.54,262422.7,3149.07,62300.4,685.3,157706.6,1419.36,89850.7,628.95,16293.2,1303.46,97515.9,0.4817,1.0327,0.9801,0.0,3856.49,21.073,1500000
Oklahoma City,2024-02-25,197511.8,3555.21,53043.1,1803.47,263622.7,3163.47,64480.6,709.29,169139.7,1522.26,90665.8,634.66,20376.7,1630.13,109591.2,0.5601,1.1423,0.9688,1.0,4177.42,20.8291,1500000
Oklahoma City,2024-03-03,218367.0,3930.61,42851.1,1456.94,287313.0,3447.76,88109.3,969.2,173351.9,1560.17,99958.1,699.71,21672.3,1733.78,108466.4,0.655,1.0638,1.0052,0.0,4167.83,21.6123,1500000
Oklahoma City,2024-03-10,201846.9,3633.24,45369.6,1542.57,289690.2,3476.28,72004.6,792.05,143818.6,1294.37,103022.1,721.15,26356.8,2108.54,131396.2,0.7619,1.1351,0.9804,0.0,4734.45,21.0776,1500000
Oklahoma City,2024-03-17,264131.4,4754.37,50367.7,1712.5,345342.9,4144.11,72726.5,799.99,207918.2,1871.26,90509.4,633.57,25051.1,2004.08,143392.4,0.8728,1.2268,0.9821,0.0,4633.45,21.1145,1500000
Oklahoma City,2024-03-24,220953.2,3977.16,62637.9,2129.69,322527.0,3870.32,90705.2,997.76,189352.8,1704.18,110300.9,772.11,25121.7,2009.73,146253.0,0.9773,1.6056,1.0,0.0,5390.15,21.4999,1500000
Oklahoma City,2024-03-31,255457.2,4598.23,69257.9,2354.77,394735.6,4736.83,104963.9,1154.6,223017.6,2007.16,122169.6,855.19,23387.9,1871.04,148242.7,1.0633,1.4408,1.009,0.0,5394.11,21.6939,1500000
Oklahoma City,2024-04-07,280100.9,5041.82,69173.0,2351.88,342013.2,4104.16,98856.7,1087.42,237923.3,2141.31,100030.3,700.21,25302.1,2024.17,160494.2,1.1201,1.6094,0.9861,0.0,5566.84,21.2014,1500000
Oklahoma City,2024-04-14,302168.6,5439.03,57421.5,1952.33,396174.2,4754.09,117185.6,1289.04,237380.1,2136.42,99961.1,699.73,27505.8,2200.47,182751.6,1.14,1.8351,0.9883,0.0,5977.64,21.2486,1500000
Oklahoma City,2024-04-21,285486.6,5138.76,57582.2,1957.79,357966.5,4295.6,104906.8,1153.97,214983.5,1934.85,99778.0,698.45,27430.3,2194.42,159653.2,1.1201,1.5432,1.016,0.0,5769.25,21.845,1500000
Oklahoma City,2024-04-28,316070.7,5689.27,69788.2,2372.8,310185.4,3722.22,112705.3,1239.76,203457.2,1831.12,104830.1,733.81,22011.3,1760.91,162799.9,1.0633,1.3457,0.95,1.0,5947.95,20.4246,1500000
Oklahoma City,2024-05-05,271418.7,4885.54,51187.9,1740.39,325482.0,3905.78,98500.4,1083.5,172030.1,1548.27,92822.5,649.76,25058.6,2004.69,143880.7,0.9773,1.5751,0.9375,1.0,6191.47,20.1564,1500000
Oklahoma City,2024-05-12,244880.2,4407.84,52932.4,1799.7,286187.7,3434.25,76420.4,840.62,168425.5,1515.83,116437.5,815.06,28207.9,2256.63,153901.2,0.8729,1.5436,1.0189,0.0,4980.39,21.9061,1500000
Oklahoma City,2024-05-19,193777.0,3487.99,48112.2,1635.82,288314.9,3459.78,70247.3,772.72,163449.6,1471.05,90620.0,634.34,21334.4,1706.75,118824.5,0.7619,1.3059,0.9502,1.0,5368.2,20.4301,1500000
Oklahoma City,2024-05-26,236892.4,4264.06,45157.4,1535.35,280713.6,3368.56,80459.6,885.06,170541.9,1534.88,105566.2,738.96,21901.3,1752.1,116015.6,0.6552,1.2133,0.9897,0.0,4281.94,21.2779,1500000
Oklahoma City,2024-06-02,182360.5,3282.49,48476.6,1648.21,264918.6,3179.02,79040.9,869.45,179686.8,1617.18,102808.6,719.66,21746.1,1739.68,102911.6,0.5606,0.9892,1.0121,0.0,4100.77,21.7604,1500000
Oklahoma City,2024-06-09,185489.9,3338.82,38196.0,1298.67,250821.2,3009.85,74518.3,819.7,119740.9,1077.67,98131.6,686.92,20831.9,1666.55,98847.9,0.4829,0.8373,1.019,0.0,3950.97,21.9087,1500000
Oklahoma City,2024-06-16,154510.8,2781.19,41631.4,1415.47,302726.3,3632.72,77234.7,849.58,130105.9,1170.95,107767.1,754.37,16805.7,1344.45,93417.7,0.4238,0.8645,1.0169,0.0,3639.51,21.8632,1500000
Oklahoma City,2024-06-23,152756.0,2749.61,36897.1,1254.5,269015.7,3228.19,56759.5,624.35,147135.5,1324.22,103235.8,722.65,18240.9,1459.28,85768.6,0.383,0.9248,1.0026,0.0,3485.39,21.5555,1500000
Oklahoma City,2024-06-30,149092.1,2683.66,41178.2,1400.06,256497.4,3077.97,55544.5,610.99,117118.5,1054.07,114365.4,800.56,18818.8,1505.5,82795.4,0.3591,0.9127,0.9445,1.0,3593.84,20.3077,1500000
Oklahoma City,2024-07-07,206941.6,3724.95,39384.0,1339.06,233351.2,2800.21,66309.5,729.4,123243.5,1109.19,107438.1,752.07,18401.9,1472.15,76084.6,0.351,0.9011,0.9942,0.0,3312.26,21.3763,1500000
Oklahoma City,2024-07-14,170197.8,3063.56,39640.0,1347.76,255266.7,3063.2,69709.0,766.8,149284.9,1343.56,101432.9,710.03,14637.9,1171.03,89561.2,0.3582,0.9862,0.9817,0.0,3493.9,21.1074,1500000
Oklahoma City,2024-07-21,167162.1,3008.92,49090.1,1669.06,284792.1,3417.5,70153.1,771.68,116407.3,1047.67,101631.5,711.42,16940.2,1355.22,84659.1,0.3809,0.929,1.0058,0.0,3348.24,21.624,1500000
Oklahoma City,2024-07-28,192380.7,3462.85,50530.3,1718.03,285250.8,3423.01,61708.4,678.79,116808.4,1051.28,80496.5,563.48,19842.9,1587.43,84331.3,0.4198,0.8214,1.0133,0.0,3386.87,21.7866,1500000
Oklahoma City,2024-08-04,178142.5,3206.56,50914.0,1731.08,222959.8,2675.52,73146.0,804.61,170720.3,1536.48,107164.3,750.15,21173.7,1693.9,99452.8,0.4744,0.9269,1.0163,0.0,3820.53,21.8494,1500000
Oklahoma City,2024-08-11,176886.6,3183.96,54341.7,1847.62,300078.6,3600.94,84141.6,925.56,139357.8,1254.22,85760.0,600.32,18114.8,1449.19,115683.3,0.542,1.1674,1.0042,0.0,3935.26,21.5905,1500000
Oklahoma City,2024-08-18,249734.9,4495.23,44669.1,1518.75,259005.1,3108.06,74236.4,816.6,145181.0,1306.63,100463.5,703.24,18348.6,1467.89,112665.2,0.617,1.009,1.0055,0.0,3939.5,21.6191,1500000
Oklahoma City,2024-08-25,252900.9,4552.22,60010.5,2040.36,325827.7,3909.93,77257.2,849.83,194413.5,1749.72,108135.9,756.95,22923.4,1833.88,103309.6,0.6907,1.3546,0.996,0.0,4123.53,21.4147,1500000
Oklahoma City,2024-09-01,248164.5,4466.96,58930.7,2003.64,341830.1,4101.96,81018.2,891.2,190482.5,1714.34,91122.5,637.86,23647.3,1891.79,123728.1,0.7526,1.0921,0.9967,0.0,4502.07,21.428,1500000
Oklahoma City,2024-09-08,238279.9,4289.04,57885.5,1968.11,274604.8,3295.26,72303.2,795.34,187496.4,1687.47,86817.0,607.72,24248.5,1939.88,119829.9,0.7926,1.3232,0.9814,0.0,4268.32,21.1008,1500000
Oklahoma City,2024-09-15,225451.2,4058.12,49127.4,1670.33,321860.9,3862.33,78302.5,861.33,179563.2,1616.07,101045.4,707.32,25506.4,2040.51,129249.7,0.8037,1.2553,0.9996,0.0,4595.29,21.4923,1500000
Oklahoma City,2024-09-22,245588.1,4420.59,46043.4,1565.47,274078.7,3288.94,95269.3,1047.96,191974.4,1727.77,111182.4,778.28,20034.0,1602.72,126910.3,0.7838,1.1224,0.998,0.0,4553.14,21.458,1500000
Oklahoma City,2024-09-29,267472.8,4814.51,50094.1,1703.2,284723.1,3416.68,70549.9,776.05,190600.8,1715.41,95105.8,665.74,24523.1,1961.85,127017.0,0.7366,1.3387,0.9898,0.0,4426.68,21.2817,1500000
Oklahoma City,2024-10-06,207167.5,3729.02,52374.0,1780.72,321675.6,3860.11,72462.9,797.09,180126.2,1621.14,106307.8,744.15,19355.3,1548.42,106670.3,0.6701,1.2171,1.0111,0.0,3679.72,21.7384,1500000
Oklahoma City,2024-10-13,242569.7,4366.25,54277.8,1845.45,279282.7,3351.39,64515.3,709.67,182945.2,1646.51,84599.6,592.2,17285.9,1382.87,107529.1,0.5948,1.1192,1.0151,0.0,4002.13,21.8238,1500000
Oklahoma City,2024-10-20,183355.3,3300.4,48700.1,1655.8,249453.8,2993.45,68914.7,758.06,155271.9,1397.45,112326.5,786.29,22482.9,1798.63,92714.4,0.5205,0.9168,0.9991,0.0,3747.46,21.4806,1500000
Oklahoma City,2024-10-27,180373.7,3246.73,44253.4,1504.62,300424.2,3605.09,75092.0,826.01,162902.9,1466.13,99801.7,698.61,15872.4,1269.79,99302.2,0.455,0.9102,1.0104,0.0,3874.77,21.7242,1500000
Oklahoma City,2024-11-03,198253.4,3568.56,35082.0,1192.79,272331.1,3267.97,56160.8,617.77,117341.8,1056.08,83525.3,584.68,20027.1,1602.17,95935.2,0.4023,0.7684,1.0167,0.0,3631.38,21.86,1500000
Oklahoma City,2024-11-10,190449.5,3428.09,35605.6,1210.59,267047.9,3204.57,54047.4,594.52,158574.9,1427.17,87034.2,609.24,20084.4,1606.75,79316.9,0.3635,0.7624,1.0056,0.0,3276.88,21.6208,1500000
Oklahoma City,2024-11-17,200988.0,3617.78,45719.1,1554.45,210890.8,2530.69,66490.6,731.4,142271.2,1280.44,108174.5,757.22,16008.9,1280.72,91878.3,0.337,0.9478,1.0194,0.0,3197.62,21.9177,1500000
Oklahoma City,2024-11-24,189571.7,3412.29,34166.2,1161.65,234977.7,2819.73,66273.0,729.0,108159.4,973.43,92668.3,648.68,15228.2,1218.26,79945.5,0.3202,0.7807,0.9544,1.0,3280.92,20.5196,1500000
Oklahoma City,2024-12-01,193615.6,3485.08,45178.5,1536.07,224056.3,2688.68,58005.9,638.06,141386.5,1272.48,80889.6,566.23,15353.9,1228.31,74712.8,0.3104,0.852,0.9432,1.0,3718.82,20.2782,1500000
Oklahoma City,2024-12-08,194750.8,3505.51,46360.9,1576.27,263169.1,3158.03,58830.3,647.13,119731.0,1077.58,82211.0,575.48,18429.3,1474.34,75660.5,0.305,0.6976,0.9604,1.0,3392.56,20.6485,1500000
Oklahoma City,2024-12-15,189599.7,3412.8,37164.1,1263.58,195729.7,2348.76,52003.0,572.03,119968.3,1079.72,112120.8,784.85,19636.3,1570.9,80739.8,0.3023,0.7709,0.9328,1.0,3489.69,20.0554,1500000
Oklahoma City,2024-12-22,174546.9,3141.84,33698.2,1145.74,213876.5,2566.52,72683.3,799.52,141199.4,1270.79,93179.3,652.25,16099.4,1287.95,75723.7,0.301,0.8502,0.9811,0.0,3088.0,21.094,1500000
Oklahoma City,2024-12-29,200240.8,3604.33,41068.0,1396.31,246688.6,2960.26,63754.9,701.3,124813.8,1123.32,98570.9,690.0,19699.4,1575.96,72518.4,0.3004,0.8947,1.003,0.0,3093.03,21.5649,1500000
Oklahoma City,2025-01-05,185266.0,3334.79,45907.5,1560.86,218738.4,2624.86,73262.9,805.89,126353.3,1137.18,96050.9,672.36,18278.1,1462.25,80582.3,0.3064,0.688,0.9619,1.0,3634.5,20.6813,1500000
Oklahoma City,2025-01-12,146053.9,2628.97,46667.0,1586.68,215730.3,2588.76,65449.4,719.94,144269.2,1298.42,108497.5,759.48,19965.7,1597.25,85606.5,0.3123,0.9204,0.9428,1.0,3484.37,20.2701,1500000
Oklahoma City,2025-01-19,180258.0,3244.64,39391.0,1339.29,274623.2,3295.48,59195.9,651.16,143748.9,1293.74,82469.6,577.29,18102.0,1448.16,78958.7,0.3227,0.8284,1.0039,0.0,3326.46,21.5835,1500000
Oklahoma City,2025-01-26,188272.6,3388.91,41403.6,1407.72,274321.5,3291.86,71096.5,782.06,143200.6,1288.81,87077.4,609.54,19020.0,1521.6,86769.2,0.3399,0.9642,0.9855,0.0,3206.44,21.1888,1500000
Oklahoma City,2025-02-02,149315.2,2687.67,43412.0,1476.01,229950.7,2759.41,56202.8,618.23,142846.2,1285.62,100450.5,703.15,17349.8,1387.98,87512.6,0.3668,0.7422,0.9674,1.0,4149.14,20.8,1500000
Oklahoma City,2025-02-09,160503.1,2889.06,45983.8,1563.45,251712.7,3020.55,65102.2,716.12,145052.5,1305.47,102435.4,717.05,20427.5,1634.2,77321.4,0.4067,1.0322,1.0037,0.0,3444.9,21.5789,1500000
Oklahoma City,2025-02-16,172912.5,3112.43,43089.5,1465.04,267550.0,3210.6,67378.8,741.17,168828.1,1519.45,103143.7,722.01,15851.6,1268.13,99727.7,0.4625,0.9759,1.0167,0.0,3733.62,21.8591,1500000
Oklahoma City,2025-02-23,217264.5,3910.76,44613.3,1516.85,255883.3,3070.6,77439.1,851.83,125567.4,1130.11,93443.2,654.1,18416.0,1473.28,97744.8,0.5359,1.1908,0.9937,0.0,3624.05,21.3647,1500000
Oklahoma City,2025-03-02,248515.8,4473.28,52946.8,1800.19,245843.2,2950.12,90679.2,997.47,142741.2,1284.67,85561.4,598.93,18984.8,1518.78,122113.3,0.6264,0.973,1.0078,0.0,4146.13,21.668,1500000
Oklahoma City,2025-03-09,249252.7,4486.55,52337.9,1779.49,343274.8,4119.3,91739.7,1009.14,144326.2,1298.94,88370.9,618.6,19310.0,1544.8,123228.5,0.7305,1.2731,0.944,1.0,4749.08,20.295,1500000
Oklahoma City,2025-03-16,229550.9,4131.92,64423.2,2190.39,371895.7,4462.75,88577.9,974.36,200846.7,1807.62,102843.8,719.91,26534.2,2122.73,117963.5,0.8413,1.3793,0.9331,1.0,5059.33,20.0621,1500000
Oklahoma City,2025-03-23,254065.7,4573.18,54560.1,1855.04,359037.7,4308.45,102594.7,1128.54,204561.5,1841.05,123172.5,862.21,20630.8,1650.47,141531.8,0.9488,1.3045,0.9919,0.0,5102.3,21.3257,1500000
Oklahoma City,2025-03-30,283452.9,5102.15,64980.2,2209.33,384129.3,4609.55,79846.3,878.31,228112.9,2053.02,121198.7,848.39,26914.5,2153.16,142817.0,1.0413,1.4887,1.0185,0.0,5400.59,21.8985,1500000
Oklahoma City,2025-04-06,272260.7,4900.69,64828.6,2204.17,329736.8,3956.84,87817.3,965.99,183462.4,1651.16,124080.4,868.56,24408.1,1952.65,168888.6,1.1074,1.6614,1.0125,0.0,5731.5,21.7678,1500000
Oklahoma City,2025-04-13,280723.9,5053.03,63215.1,2149.31,358550.9,4302.61,103696.2,1140.66,238412.6,2145.71,99941.1,699.59,25700.0,2056.0,165696.7,1.1384,1.8738,0.9459,1.0,6797.28,20.3366,1500000
Oklahoma City,2025-04-20,297724.6,5359.04,73502.4,2499.08,363283.1,4359.4,84822.8,933.05,208644.6,1877.8,94163.3,659.14,26494.6,2119.57,149040.7,1.1298,1.5236,0.9847,0.0,5679.76,21.1708,1500000
Oklahoma City,2025-04-27,230175.5,4143.16,72232.6,2455.91,377978.4,4535.74,107105.1,1178.16,177943.6,1601.49,121600.7,851.2,27314.8,2185.18,161453.6,1.083,1.7392,1.0062,0.0,5825.58,21.6323,1500000
Oklahoma City,2025-05-04,301626.6,5429.28,50578.1,1719.66,356853.2,4282.24,85734.3,943.08,201304.7,1811.74,121310.2,849.17,21971.1,1757.68,139743.9,1.0043,1.3347,0.9815,0.0,5541.51,21.1029,1500000
Oklahoma City,2025-05-11,246481.4,4436.67,65573.3,2229.49,350581.8,4206.98,95877.2,1054.65,194659.4,1751.93,105715.7,740.01,26786.0,2142.88,143654.8,0.9039,1.2539,1.0167,0.0,5099.82,21.8596,1500000
Oklahoma City,2025-05-18,243955.9,4391.21,49431.3,1680.66,316622.1,3799.46,70919.7,780.12,165731.3,1491.58,91561.7,640.93,19130.2,1530.42,119117.6,0.7936,1.3554,0.9856,0.0,4518.79,21.1898,1500000
Oklahoma City,2025-05-25,252839.2,4551.1,51397.1,1747.5,307003.9,3684.05,90439.8,994.84,151016.2,1359.15,114785.0,803.49,20679.8,1654.38,118828.7,0.6847,1.1548,0.9373,1.0,5100.86,20.1526,1500000
Oklahoma City,2025-06-01,177176.6,3189.18,50761.5,1725.89,298785.9,3585.43,74233.8,816.57,183102.5,1647.92,113086.3,791.6,20534.6,1642.77,120184.6,0.586,0.9609,0.9893,0.0,4298.73,21.2705,1500000
Oklahoma City,2025-06-08,192307.1,3461.53,47803.0,1625.3,312237.5,3746.85,75479.7,830.28,138719.3,1248.47,108829.4,761.81,20032.9,1602.63,101312.7,0.5032,0.8979,0.9971,0.0,4108.98,21.4384,1500000
Oklahoma City,2025-06-15,217283.0,3911.09,48617.6,1653.0,304472.0,3653.66,65294.8,718.24,122590.4,1103.31,103116.3,721.81,21658.9,1732.71,98598.1,0.4388,0.9236,0.9825,0.0,3808.56,21.1238,1500000
Oklahoma City,2025-06-22,208086.6,3745.56,46826.2,1592.09,235700.4,2828.41,71012.3,781.14,132653.4,1193.88,102293.9,716.06,19462.6,1557.01,87237.0,0.3929,0.8615,1.0198,0.0,3512.86,21.9266,1500000
Oklahoma City,2025-06-29,182649.2,3287.69,36128.6,1228.37,272207.1,3266.48,57351.6,630.87,150955.8,1358.6,94579.9,662.06,18786.4,1502.91,86636.1,0.3643,0.9208,0.9828,0.0,3416.42,21.1299,1500000
Oklahoma City,2025-07-06,204733.8,3685.21,44223.4,1503.6,211217.7,2534.61,69460.7,764.07,113346.2,1020.12,87775.5,614.43,19228.9,1538.31,75682.8,0.3517,0.7943,1.0015,0.0,3205.5,21.5327,1500000
Oklahoma City,2025-07-13,194097.5,3493.75,47239.4,1606.14,281707.7,3380.49,62418.8,686.61,143411.3,1290.7,95905.7,671.34,14581.7,1166.53,85217.3,0.3545,0.7713,1.0008,0.0,3167.86,21.5181,1500000
Oklahoma City,2025-07-20,168902.0,3040.24,44319.7,1506.87,256517.1,3078.21,53824.9,592.07,137398.8,1236.59,105065.1,735.46,17821.6,1425.73,94000.7,0.3728,0.8517,0.9997,0.0,3265.0,21.4943,1500000
Oklahoma City,2025-07-27,167215.2,3009.87,46798.5,1591.15,247028.5,2964.34,68474.4,753.22,153167.2,1378.5,103396.1,723.77,18150.8,1452.06,101399.0,0.4071,0.8652,0.9885,0.0,3535.78,21.2538,1500000
Oklahoma City,2025-08-03,206859.0,3723.46,47878.1,1627.86,219354.4,2632.25,64003.0,704.03,141468.8,1273.22,82025.6,574.18,20712.1,1656.96,83978.1,0.4573,0.9065,1.0052,0.0,3396.49,21.6123,1500000
Oklahoma City,2025-08-10,232658.5,4187.85,51814.7,1761.7,263579.5,3162.95,63307.8,696.39,126626.1,1139.63,104610.7,732.27,16766.3,1341.31,113674.8,0.5216,1.055,0.9878,0.0,3906.72,21.237,1500000
Oklahoma City,2025-08-17,197752.5,3559.55,57086.3,1940.93,308141.8,3697.7,82573.7,908.31,154619.7,1391.58,95340.1,667.38,20150.0,1612.0,119281.9,0.5952,1.1529,0.9483,1.0,4855.39,20.3886,1500000
Oklahoma City,2025-08-24,242826.5,4370.88,49602.5,1686.48,335965.3,4031.58,84770.7,932.48,175691.3,1581.22,102336.6,716.36,22573.8,1805.91,108579.8,0.6703,1.1255,0.9851,0.0,4398.08,21.1802,1500000
Oklahoma City,2025-08-31,250167.4,4503.01,43846.9,1490.79,336268.3,4035.22,69507.3,764.58,157677.4,1419.1,102943.5,720.6,20670.4,1653.63,113010.5,0.7367,1.2773,0.9835,0.0,4269.03,21.1457,1500000
Oklahoma City,2025-09-07,209322.7,3767.81,50773.0,1726.28,357866.6,4294.4,83310.7,916.42,152171.4,1369.54,99798.4,698.59,20312.0,1624.96,138239.5,0.7839,1.3029,0.9835,0.0,4589.48,21.146,1500000
Oklahoma City,2025-09-14,234274.8,4216.95,56886.0,1934.12,266563.6,3198.76,91556.7,1007.12,173986.5,1565.88,86471.2,605.3,23066.0,1845.28,124725.1,0.8037,1.2739,1.0152,0.0,4892.62,21.8275,1500000
Oklahoma City,2025-09-21,232243.8,4180.39,52993.3,1801.77,276664.0,3319.97,86284.7,949.13,186690.8,1680.22,108849.0,761.94,22822.8,1825.82,132641.5,0.7926,1.2579,0.9401,1.0,5303.81,20.2129,1500000
Oklahoma City,2025-09-28,224058.6,4033.05,46852.0,1592.97,292163.7,3505.96,80129.3,881.42,181767.8,1635.91,90620.6,634.34,22950.3,1836.02,117645.2,0.7525,1.1026,1.0006,0.0,4403.01,21.5123,1500000
Oklahoma City,2025-10-05,190326.7,3425.88,52075.8,1770.58,293154.7,3517.86,85606.4,941.67,176848.8,1591.64,108597.3,760.18,23624.8,1889.98,112141.1,0.6905,1.0631,0.9364,1.0,5090.54,20.1337,1500000
Oklahoma City,2025-10-12,183599.3,3304.79,45564.2,1549.18,306344.0,3676.13,83525.6,918.78,160174.0,1441.57,95191.7,666.34,20238.8,1619.1,121589.2,0.6166,1.1397,1.0074,0.0,4323.14,21.6586,1500000
Oklahoma City,2025-10-19,206144.3,3710.6,51835.4,1762.4,299374.3,3592.49,85259.4,937.85,167241.2,1505.17,87027.3,609.19,20768.4,1661.47,107973.6,0.5411,0.9106,1.0022,0.0,3852.33,21.547,1500000
Oklahoma City,2025-10-26,200184.6,3603.32,41997.2,1427.91,220639.3,2647.67,64161.4,705.78,160586.9,1445.28,99786.5,698.51,20547.8,1643.83,84747.8,0.4725,1.0766,1.0185,0.0,3675.77,21.8986,1500000
Oklahoma City,2025-11-02,153627.4,2765.29,39684.2,1349.26,272693.5,3272.32,56633.8,622.97,129873.5,1168.86,102928.7,720.5,16549.1,1323.93,81448.3,0.416,1.0024,0.9953,0.0,3307.67,21.3989,1500000
Oklahoma City,2025-11-09,187006.8,3366.12,38173.5,1297.9,247961.7,2975.54,60503.8,665.54,141266.4,1271.4,82565.1,577.96,19717.5,1577.4,88513.6,0.3732,0.8779,1.003,0.0,3218.69,21.5641,1500000
Oklahoma City,2025-11-16,163572.2,2944.3,47597.8,1618.32,211108.0,2533.3,73887.1,812.76,130161.0,1171.45,87789.0,614.52,17491.6,1399.33,93840.0,0.3434,0.7978,0.9882,0.0,3302.14,21.2467,1500000
Oklahoma City,2025-11-23,203121.2,3656.18,41368.6,1406.53,248355.9,2980.27,69987.2,769.86,121732.9,1095.6,113501.5,794.51,15692.9,1255.43,82361.0,0.3242,0.8045,0.9632,1.0,3634.86,20.708,1500000
Oklahoma City,2025-11-30,185315.0,3335.67,44470.7,1512.0,255901.2,3070.81,55605.5,611.66,149039.7,1341.36,96376.6,674.64,14168.2,1133.46,88972.7,0.3127,0.8177,0.981,0.0,3053.59,21.0904,1500000
Oklahoma City,2025-12-07,188908.9,3400.36,35662.1,1212.51,224705.9,2696.47,72134.1,793.47,109148.6,982.34,108647.9,760.54,19703.6,1576.29,79666.2,0.3062,0.7153,0.9812,0.0,3259.3,21.0949,1500000
Oklahoma City,2025-12-14,202130.7,3638.35,38538.3,1310.3,265486.1,3185.83,58325.8,641.58,143205.2,1288.85,91158.5,638.11,16570.7,1325.66,74510.7,0.3029,0.8045,0.9877,0.0,3282.82,21.2349,1500000
Oklahoma City,2025-12-21,189191.6,3405.45,45719.8,1554.47,208444.8,2501.34,61697.3,678.67,129285.9,1163.57,81549.6,570.85,15871.2,1269.7,80329.0,0.3012,0.8033,1.0169,0.0,3048.67,21.8629,1500000
Memphis,2023-01-01,135553.4,2439.96,34109.4,1159.72,220684.7,2648.22,67710.8,744.82,136966.8,1232.7,80414.9,562.9,16352.6,1308.21,78487.5,0.3043,0.745,1.0146,0.0,2761.5,21.8137,1400000
Memphis,2023-01-08,156286.6,2813.16,43634.5,1483.57,237173.9,2846.09,61638.3,678.02,109751.6,987.76,104916.0,734.41,16198.6,1295.89,79771.2,0.3085,0.9249,0.9851,0.0,2984.89,21.1797,1400000
Memphis,2023-01-15,162563.2,2926.14,30727.7,1044.74,201853.2,2422.24,67723.5,744.96,116525.0,1048.73,97039.1,679.27,17775.0,1422.0,80782.7,0.3161,0.7552,0.9805,0.0,3024.41,21.0816,1400000
Memphis,2023-01-22,143938.4,2590.89,39038.1,1327.29,260583.5,3127.0,54404.8,598.45,122040.5,1098.36,78785.4,551.5,18281.9,1462.55,76993.6,0.3291,0.8854,0.9929,0.0,3075.1,21.3464,1400000
Memphis,2023-01-29,168224.7,3028.04,40436.1,1374.83,210949.3,2531.39,53224.7,585.47,136885.3,1231.97,85746.5,600.23,15061.5,1204.92,77255.5,0.3501,0.9551,1.0125,0.0,3035.46,21.7692,1400000
Memphis,2023-02-05,178820.3,3218.76,40814.8,1387.7,272948.3,3275.38,62256.1,684.82,119760.5,1077.84,89026.1,623.18,16751.7,1340.14,91212.1,0.3822,0.8384,1.0124,0.0,3177.71,21.7671,1400000
Memphis,2023-02-12,159447.6,2870.06,38996.5,1325.88,200571.3,2406.86,68126.4,749.39,119531.8,1075.79,83062.9,581.44,17005.6,1360.44,88834.9,0.4286,0.8809,1.007,0.0,3342.09,21.6499,1400000
Memphis,2023-02-19,195425.4,3517.66,46645.0,1585.93,286060.7,3432.73,75536.5,830.9,139683.6,1257.15,84545.3,591.82,18492.1,1479.37,89282.5,0.4918,1.0863,0.9942,0.0,3555.85,21.3751,1400000
Memphis,2023-02-26,174905.7,3148.3,49618.7,1687.03,272914.9,3274.98,81265.7,893.92,158209.3,1423.88,89205.5,624.44,17275.5,1382.04,100351.2,0.5727,1.0439,0.9642,1.0,4056.87,20.7305,1400000
Memphis,2023-03-05,200762.9,3613.73,48313.5,1642.66,300462.0,3605.54,71258.7,783.85,150805.2,1357.25,93560.1,654.92,21611.6,1728.93,102884.3,0.6697,1.2535,1.0149,0.0,3907.49,21.8205,1400000
Memphis,2023-03-12,181822.1,3272.8,47182.3,1604.2,250900.7,3010.81,76747.7,844.22,146449.9,1318.05,90504.4,633.53,21267.7,1701.42,116544.6,0.7777,1.2925,1.0105,0.0,4538.65,21.7253,1400000
Memphis,2023-03-19,208064.7,3745.16,54084.6,1838.88,352515.5,4230.19,86903.7,955.94,164291.3,1478.62,105564.8,738.95,18964.9,1517.19,136361.2,0.8884,1.3851,0.9993,0.0,4485.18,21.4842,1400000
Memphis,2023-03-26,229376.6,4128.78,63478.4,2158.26,356418.0,4277.02,77596.9,853.57,179434.2,1614.91,90877.1,636.14,24140.6,1931.25,138782.2,0.991,1.2708,0.9994,0.0,4994.12,21.4878,1400000
Memphis,2023-04-02,237518.5,4275.33,61870.9,2103.61,349367.2,4192.41,111668.3,1228.35,164171.0,1477.54,105424.6,737.97,27310.6,2184.85,151320.5,1.0735,1.7686,1.0082,0.0,4831.0,21.6757,1400000
Memphis,2023-04-09,296929.4,5344.73,57339.3,1949.54,369547.7,4434.57,90915.6,1000.07,194222.2,1748.0,86232.5,603.63,23754.9,1900.39,152123.1,1.1254,1.8335,1.0126,0.0,5420.32,21.7713,1400000
Memphis,2023-04-16,269483.9,4850.71,69740.5,2371.18,373928.3,4487.14,83637.5,920.01,173056.9,1557.51,114309.6,800.17,26949.0,2155.92,154283.8,1.1396,1.4923,1.0082,0.0,5358.33,21.6753,1400000
Memphis,2023-04-23,251496.2,4526.93,64351.7,2187.96,298895.6,3586.75,94454.9,1039.0,159358.6,1434.23,109497.1,766.48,21458.4,1716.67,152336.0,1.1142,1.7614,1.0149,0.0,5063.92,21.8211,1400000
Memphis,2023-04-30,251397.5,4525.16,53367.2,1814.48,281791.2,3381.49,106958.2,1176.54,186244.2,1676.2,93876.0,657.13,26846.1,2147.69,153417.5,1.0526,1.7783,1.0108,0.0,5093.1,21.7318,1400000
Memphis,2023-05-07,248926.8,4480.68,57838.4,1966.51,366392.4,4396.71,87686.8,964.55,167683.1,1509.15,106543.7,745.81,19787.2,1582.98,143182.3,0.9632,1.6826,0.963,1.0,5482.77,20.705,1400000
Memphis,2023-05-14,221638.8,3989.5,49746.6,1691.39,310818.8,3729.83,79848.9,878.34,157076.1,1413.69,98326.2,688.28,21195.7,1695.66,115734.5,0.8571,1.3228,1.0084,0.0,4439.52,21.6814,1400000
Memphis,2023-05-21,208442.7,3751.97,53404.1,1815.74,281749.4,3380.99,81126.6,892.39,147252.2,1325.27,111131.9,777.92,20882.4,1670.59,103512.9,0.7462,1.1195,0.9805,0.0,4093.76,21.0806,1400000
Memphis,2023-05-28,184055.5,3313.0,43534.2,1480.16,308405.5,3700.87,85868.5,944.55,140917.8,1268.26,105042.5,735.3,16863.5,1349.08,109658.1,0.6408,1.223,0.9975,0.0,3824.62,21.4453,1400000
Memphis,2023-06-04,186904.0,3364.27,41117.5,1398.0,255346.7,3064.16,77092.5,848.02,122509.6,1102.59,81279.0,568.95,16040.5,1283.24,99719.7,0.5484,1.0538,1.0137,0.0,3491.03,21.7943,1400000
Memphis,2023-06-11,155975.3,2807.56,34687.9,1179.39,279030.9,3348.37,71893.5,790.83,136007.8,1224.07,85651.5,599.56,19580.3,1566.42,86468.3,0.4733,1.0553,0.9631,1.0,4053.0,20.7075,1400000
Memphis,2023-06-18,189523.1,3411.41,40527.4,1377.93,216720.8,2600.65,69995.6,769.95,109943.0,989.49,75964.2,531.75,14855.9,1188.47,93210.9,0.4169,0.9663,1.0143,0.0,3458.76,21.8075,1400000
Memphis,2023-06-25,164937.9,2968.88,44161.7,1501.5,227087.0,2725.04,73900.8,812.91,117824.7,1060.42,106335.9,744.35,16829.6,1346.37,79008.2,0.3786,0.76,1.0063,0.0,3147.09,21.6352,1400000
Memphis,2023-07-02,166522.5,2997.41,40074.9,1362.55,254709.3,3056.51,68125.1,749.38,104020.6,936.19,75574.2,529.02,15355.6,1228.45,86354.7,0.357,0.9826,0.9993,0.0,2958.65,21.4839,1400000
Memphis,2023-07-09,144065.7,2593.18,41680.3,1417.13,265367.7,3184.41,54286.4,597.15,114281.8,1028.54,79746.7,558.23,15911.0,1272.88,74158.9,0.3511,0.9511,1.0041,0.0,2939.16,21.5885,1400000
Memphis,2023-07-16,139852.2,2517.34,39995.3,1359.84,212865.8,2554.39,72546.9,798.02,123707.9,1113.37,96601.8,676.21,17759.7,1420.77,80067.9,0.3604,0.8743,1.0104,0.0,3129.75,21.7243,1400000
Memphis,2023-07-23,144249.4,2596.49,32866.7,1117.47,247706.8,2972.48,72451.0,796.96,116097.9,1044.88,83845.8,586.92,17357.2,1388.58,81773.4,0.3855,0.8537,0.984,0.0,3184.22,21.157,1400000
Memphis,2023-07-30,192497.5,3464.96,47180.9,1604.15,206924.1,2483.09,67269.9,739.97,113043.2,1017.39,92842.6,649.9,19697.4,1575.79,77154.4,0.4267,1.0488,0.9937,0.0,3063.64,21.3646,1400000
Memphis,2023-08-06,204034.7,3672.63,44517.8,1513.61,268210.7,3218.53,67920.5,747.13,141035.4,1269.32,82169.4,575.19,19381.7,1550.54,88254.0,0.4833,0.8682,0.9938,0.0,3397.82,21.3672,1400000
Memphis,2023-08-13,163015.4,2934.28,49713.3,1690.25,279758.2,3357.1,74071.4,814.79,152697.0,1374.27,91986.0,643.9,16220.3,1297.63,85884.3,0.5524,1.0302,1.0084,0.0,3400.67,21.6815,1400000
Memphis,2023-08-20,186828.1,3362.91,47938.1,1629.89,261693.3,3140.32,89755.4,987.31,139049.8,1251.45,100100.6,700.7,19097.4,1527.79,96727.3,0.6278,1.2399,1.0098,0.0,3716.12,21.7106,1400000
Memphis,2023-08-27,179805.5,3236.5,55411.0,1883.97,330706.8,3968.48,80751.1,888.26,166279.3,1496.51,86694.6,606.86,20322.9,1625.83,98145.6,0.7005,1.2474,0.9939,0.0,3825.83,21.3686,1400000
Memphis,2023-09-03,210269.5,3784.85,45489.0,1546.62,277900.2,3334.8,94366.0,1038.03,182329.2,1640.96,104248.0,729.74,23374.7,1869.98,115110.3,0.7598,1.2732,1.018,0.0,4325.46,21.888,1400000
Memphis,2023-09-10,241806.3,4352.51,49566.3,1685.26,312205.2,3746.46,85303.7,938.34,192446.8,1732.02,102871.1,720.1,25378.8,2030.31,110957.3,0.796,1.3515,0.9946,0.0,4302.0,21.3846,1400000
Memphis,2023-09-17,203085.7,3655.54,43423.5,1476.4,339320.7,4071.85,78265.9,860.93,187225.6,1685.03,106315.5,744.21,19380.3,1550.42,119708.3,0.8027,1.2722,0.9613,1.0,4744.87,20.669,1400000
Memphis,2023-09-24,191992.1,3455.86,42982.1,1461.39,254084.0,3049.01,92332.7,1015.66,170005.9,1530.05,86416.5,604.92,21614.4,1729.15,104213.4,0.7786,1.2404,1.0067,0.0,4320.41,21.644,1400000
Memphis,2023-10-01,205712.5,3702.82,46823.5,1592.0,265035.6,3180.43,86126.1,947.39,177602.0,1598.42,108920.8,762.45,21711.0,1736.88,95839.2,0.7281,1.2781,0.9904,0.0,3836.79,21.2928,1400000
Memphis,2023-10-08,227762.8,4099.73,49461.5,1681.69,249929.7,2999.16,85568.3,941.25,145582.1,1310.24,104186.7,729.31,22250.5,1780.04,114476.9,0.6597,1.2324,1.02,0.0,3967.5,21.9298,1400000
Memphis,2023-10-15,162821.6,2930.79,52278.2,1777.46,275540.6,3306.49,72950.0,802.45,149372.9,1344.36,99039.1,693.27,17198.3,1375.86,101486.7,0.5839,1.0381,0.9666,1.0,4011.59,20.7826,1400000
Memphis,2023-10-22,164360.7,2958.49,50044.4,1701.51,251490.3,3017.88,58654.3,645.2,129090.1,1161.81,78034.8,546.24,17271.9,1381.76,92910.6,0.5105,0.8831,1.0155,0.0,3662.23,21.8322,1400000
Memphis,2023-10-29,199212.3,3585.82,37706.2,1282.01,243517.7,2922.21,66642.2,733.06,155745.3,1401.71,89636.8,627.46,15196.9,1215.75,86135.8,0.4466,1.0024,0.9537,1.0,3533.23,20.5055,1400000
Memphis,2023-11-05,186671.9,3360.09,33410.5,1135.96,215768.0,2589.22,58316.4,641.48,108734.1,978.61,89078.0,623.55,15247.3,1219.78,72912.8,0.3959,0.7824,0.9842,0.0,2926.39,21.1603,1400000
Memphis,2023-11-12,137238.8,2470.3,33058.2,1123.98,203940.6,2447.29,65522.2,720.74,123928.3,1115.35,90347.9,632.43,17651.1,1412.08,86942.8,0.359,0.889,0.9968,0.0,3274.31,21.4313,1400000
Memphis,2023-11-19,153694.0,2766.49,31991.4,1087.71,211033.0,2532.4,64138.5,705.52,137681.9,1239.14,100308.7,702.16,17897.9,1431.83,74873.9,0.3341,0.9363,0.9551,1.0,3579.93,20.5341,1400000
Memphis,2023-11-26,189703.7,3414.67,32652.4,1110.18,216063.4,2592.76,53393.6,587.33,123479.7,1111.32,93340.4,653.38,14724.3,1177.94,70476.4,0.3185,0.829,0.9819,0.0,2678.73,21.111,1400000
Memphis,2023-12-03,174877.5,3147.79,40151.5,1365.15,245966.1,2951.59,59523.7,654.76,130822.1,1177.4,79953.5,559.67,18644.7,1491.57,70843.0,0.3094,0.9102,0.9595,1.0,3308.09,20.63,1400000
Memphis,2023-12-10,159594.1,2872.69,37145.0,1262.93,182643.5,2191.72,61341.1,674.75,125474.4,1129.27,101906.8,713.35,16354.7,1308.37,68387.6,0.3045,0.742,0.9952,0.0,3071.5,21.3969,1400000
Memphis,2023-12-17,185750.0,3343.5,31442.8,1069.06,206991.4,2483.9,58963.4,648.6,125253.7,1127.28,78464.5,549.25,13156.6,1052.53,72009.4,0.302,0.8826,0.9415,1.0,2989.17,20.2424,1400000
Memphis,2023-12-24,144704.7,2604.68,32842.0,1116.63,186417.6,2237.01,52731.8,580.05,99047.2,891.42,87009.0,609.06,15282.5,1222.6,80093.2,0.3009,0.905,0.9364,1.0,3267.11,20.1331,1400000
Memphis,2023-12-31,170195.6,3063.52,43092.9,1465.16,213994.2,2567.93,56477.5,621.25,112588.5,1013.3,73919.4,517.44,16519.1,1321.53,79823.0,0.3003,0.8156,0.983,0.0,2933.75,21.1338,1400000
Memphis,2024-01-07,173149.0,3116.68,37045.0,1259.53,219135.4,2629.62,51325.5,564.58,119445.3,1075.01,87617.0,613.32,16670.3,1333.62,74153.0,0.3077,0.7059,1.0188,0.0,3006.51,21.9032,1400000
Memphis,2024-01-14,146750.6,2641.51,35042.8,1191.45,187698.2,2252.38,69957.2,769.53,125663.6,1130.97,89192.4,624.35,14532.4,1162.59,72673.6,0.3147,0.7195,1.0041,0.0,2986.74,21.5873,1400000
Memphis,2024-01-21,157501.8,2835.03,33444.7,1137.12,215632.1,2587.58,53380.4,587.18,105064.6,945.58,79225.5,554.58,13709.5,1096.76,73697.9,0.3268,0.8974,0.9867,0.0,2931.86,21.2141,1400000
Memphis,2024-01-28,137026.7,2466.48,38768.6,1318.13,188767.5,2265.21,54220.2,596.42,136680.5,1230.12,88375.1,618.63,17369.6,1389.57,68441.6,0.3465,0.8882,1.0098,0.0,2816.76,21.7114,1400000
Memphis,2024-02-04,169005.7,3042.1,43230.8,1469.85,237397.4,2848.77,57087.6,627.96,144383.6,1299.45,88940.4,622.58,16724.4,1337.95,83377.6,0.3768,0.9939,1.0129,0.0,3025.51,21.777,1400000
Memphis,2024-02-11,191222.9,3442.01,43225.9,1469.68,275983.5,3311.8,60169.2,661.86,124232.0,1118.09,78200.2,547.4,19024.2,1521.94,98125.0,0.421,0.8716,0.993,0.0,3256.0,21.3488,1400000
Memphis,2024-02-18,167850.8,3021.31,44493.3,1512.77,276951.0,3323.41,80959.3,890.55,118037.8,1062.34,94465.2,661.26,19194.8,1535.59,95535.6,0.4817,0.8891,0.991,0.0,3341.44,21.3057,1400000
Memphis,2024-02-25,186231.3,3352.16,38891.5,1322.31,278458.4,3341.5,67011.1,737.12,151118.1,1360.06,105819.8,740.74,19906.5,1592.52,104397.4,0.5601,1.0224,1.016,0.0,3848.59,21.8438,1400000
Memphis,2024-03-03,174524.8,3141.45,51279.5,1743.5,284991.9,3419.9,80486.9,885.36,126766.6,1140.9,79358.4,555.51,20101.5,1608.12,103704.1,0.655,1.0717,0.9683,1.0,4599.15,20.8178,1400000
Memphis,2024-03-10,246730.6,4441.15,46220.2,1571.49,290459.7,3485.52,70921.2,780.13,186183.1,1675.65,100565.0,703.96,20197.9,1615.83,102758.5,0.7619,1.388,1.0089,0.0,4039.72,21.691,1400000
Memphis,2024-03-17,237309.5,4271.57,56542.4,1922.44,304150.5,3649.81,74435.1,818.79,183911.6,1655.2,96516.4,675.61,21412.0,1712.96,126813.5,0.8728,1.1722,1.0105,0.0,4619.88,21.7263,1400000
Memphis,2024-03-24,201306.5,3623.52,52353.7,1780.03,286193.2,3434.32,83362.5,916.99,189021.4,1701.19,85556.5,598.9,25357.5,2028.6,154364.6,0.9773,1.625,0.9585,1.0,5788.4,20.6085,1400000
Memphis,2024-03-31,218776.8,3937.98,51461.7,1749.7,361257.6,4335.09,84336.9,927.71,197563.5,1778.07,93746.1,656.22,20759.8,1660.79,162020.5,1.0633,1.685,1.0041,0.0,5025.65,21.5875,1400000
Memphis,2024-04-07,233428.4,4201.71,64343.8,2187.69,309734.4,3716.81,97950.8,1077.46,203145.3,1828.31,113809.6,796.67,21081.2,1686.49,149251.9,1.1201,1.7796,1.0073,0.0,5344.98,21.657,1400000
Memphis,2024-04-14,243275.5,4378.96,64490.8,2192.69,338809.0,4065.71,88340.6,971.75,206648.2,1859.83,99585.0,697.1,28507.7,2280.61,157349.4,1.14,1.5724,0.9994,0.0,5692.81,21.4861,1400000
Memphis,2024-04-21,280424.9,5047.65,69716.6,2370.36,334849.1,4018.19,81170.1,892.87,202545.9,1822.91,107105.4,749.74,23831.9,1906.55,132608.1,1.1201,1.5205,0.986,0.0,5095.56,21.1984,1400000
Memphis,2024-04-28,214670.2,3864.06,50684.3,1723.27,406391.4,4876.7,92098.2,1013.08,215140.7,1936.27,108383.8,758.69,20565.2,1645.22,137390.6,1.0633,1.4682,0.9652,1.0,6267.22,20.7527,1400000
Memphis,2024-05-05,256954.5,4625.18,63289.6,2151.85,368153.8,4417.85,85315.3,938.47,164595.0,1481.35,101380.2,709.66,25036.8,2002.94,129475.1,0.9773,1.4309,0.9907,0.0,4575.66,21.2994,1400000
Memphis,2024-05-12,260855.7,4695.4,50386.1,1713.13,292212.6,3506.55,74253.0,816.78,182385.5,1641.47,99613.8,697.3,25801.4,2064.12,120793.8,0.8729,1.5662,0.9895,0.0,4760.35,21.2746,1400000
Memphis,2024-05-19,210667.8,3792.02,57046.6,1939.58,269002.4,3228.03,93385.8,1027.24,142936.9,1286.43,89315.6,625.21,21123.1,1689.85,112193.1,0.7619,1.2611,0.9975,0.0,4309.56,21.4455,1400000
Memphis,2024-05-26,166821.8,3002.79,52065.8,1770.24,291766.6,3501.2,67316.8,740.48,173595.0,1562.35,100539.4,703.78,17518.7,1401.49,114408.0,0.6552,1.2884,0.9919,0.0,3929.69,21.3268,1400000
Memphis,2024-06-02,158903.3,2860.26,44936.4,1527.84,229726.6,2756.72,70600.9,776.61,126102.8,1134.92,87546.2,612.82,20931.9,1674.55,97317.2,0.5606,0.9041,0.9957,0.0,3452.38,21.408,1400000
Memphis,2024-06-09,176034.4,3168.62,43333.5,1473.34,290790.9,3489.49,71304.7,784.35,144913.0,1304.22,95697.4,669.88,20869.6,1669.57,90558.1,0.4829,0.9888,1.0012,0.0,3393.7,21.5267,1400000
Memphis,2024-06-16,162393.6,2923.09,38192.4,1298.54,282107.5,3385.29,62175.4,683.93,139987.8,1259.89,92575.4,648.03,15533.2,1242.65,83035.1,0.4238,1.013,1.0157,0.0,3488.79,21.8385,1400000
Memphis,2024-06-23,172459.9,3104.28,35995.2,1223.84,209386.7,2512.64,55505.3,610.56,114320.0,1028.88,77139.4,539.98,18114.7,1449.18,90050.3,0.383,0.8932,1.0078,0.0,3375.12,21.6669,1400000
Memphis,2024-06-30,151934.9,2734.83,34534.8,1174.18,196863.5,2362.36,64917.3,714.09,106603.3,959.43,100151.0,701.06,17929.8,1434.39,71597.3,0.3591,0.9612,0.9857,0.0,3109.65,21.193,1400000
Memphis,2024-07-07,137175.1,2469.15,34549.9,1174.7,243744.6,2924.94,61810.6,679.92,135183.6,1216.65,76687.5,536.81,17377.8,1390.22,74604.6,0.351,0.7315,0.9924,0.0,3116.92,21.3374,1400000
Memphis,2024-07-14,159629.1,2873.32,32648.0,1110.03,190331.7,2283.98,67939.1,747.33,138788.2,1249.09,99434.7,696.04,17278.0,1382.24,89664.9,0.3582,0.9756,0.9978,0.0,3120.46,21.4535,1400000
Memphis,2024-07-21,148361.5,2670.51,42568.3,1447.32,238780.3,2865.36,57249.0,629.74,132556.1,1193.0,81606.2,571.24,17904.6,1432.37,83700.9,0.3809,0.8695,1.0111,0.0,3116.92,21.7377,1400000
Memphis,2024-07-28,196983.4,3545.7,39068.4,1328.33,202915.4,2434.99,77604.8,853.65,131115.9,1180.04,88561.9,619.93,18512.5,1481.0,89031.5,0.4198,0.8718,0.9339,1.0,3786.23,20.0779,1400000
Memphis,2024-08-04,175563.0,3160.13,37963.7,1290.77,269680.4,3236.16,79688.2,876.57,155084.1,1395.76,90840.4,635.88,16682.1,1334.57,98872.9,0.4744,0.8908,0.9916,0.0,3403.86,21.3184,1400000
Memphis,2024-08-11,206115.4,3710.08,46893.5,1594.38,269889.4,3238.67,70246.0,772.71,147086.7,1323.78,83378.5,583.65,20995.0,1679.6,106365.1,0.542,1.1971,0.9849,0.0,3898.15,21.1762,1400000
Memphis,2024-08-18,223841.8,4029.15,41801.5,1421.25,222735.4,2672.82,79628.2,875.91,170890.8,1538.02,96050.4,672.35,21447.7,1715.82,97021.9,0.617,1.1588,1.0157,0.0,3977.5,21.8369,1400000
Memphis,2024-08-25,241744.1,4351.39,55819.9,1897.88,264799.2,3177.59,73854.9,812.4,152819.9,1375.38,78651.3,550.56,17162.5,1373.0,102470.1,0.6907,1.0194,1.0163,0.0,3946.34,21.8511,1400000
Memphis,2024-09-01,184996.7,3329.94,51177.1,1740.02,267101.1,3205.21,74169.1,815.86,172289.5,1550.61,110813.8,775.7,17877.7,1430.22,110951.9,0.7526,1.2087,0.9855,0.0,4245.29,21.1889,1400000
Memphis,2024-09-08,249910.7,4498.39,42962.6,1460.73,352561.2,4230.73,73607.6,809.68,189637.1,1706.73,82950.1,580.65,24569.1,1965.52,126277.8,0.7926,1.4454,1.0173,0.0,4270.12,21.8712,1400000
Memphis,2024-09-15,185451.4,3338.13,48278.9,1641.48,289693.1,3476.32,79079.6,869.88,174505.1,1570.55,83854.7,586.98,24234.4,1938.75,106928.3,0.8037,1.1437,1.0106,0.0,4169.39,21.7287,1400000
Memphis,2024-09-22,212600.0,3826.8,47761.8,1623.9,287107.7,3445.29,70611.8,776.73,160670.1,1446.03,93422.1,653.95,20006.7,1600.54,121516.7,0.7838,1.1867,1.0145,0.0,4058.65,21.8107,1400000
Memphis,2024-09-29,180759.8,3253.68,43050.6,1463.72,273595.6,3283.15,92543.7,1017.98,155677.1,1401.09,99067.3,693.47,22533.4,1802.67,106900.5,0.7366,1.3379,0.9882,0.0,4196.11,21.2464,1400000
Memphis,2024-10-06,233491.6,4202.85,41087.6,1396.98,291192.1,3494.31,85448.5,939.93,152515.9,1372.64,79963.0,559.74,17392.4,1391.39,103618.1,0.6701,1.1899,0.9898,0.0,3880.5,21.2807,1400000
Memphis,2024-10-13,186957.4,3365.23,37410.9,1271.97,222908.3,2674.9,77201.0,849.21,143659.4,1292.93,107417.2,751.92,18441.1,1475.29,106721.6,0.5948,1.0642,1.0088,0.0,3795.5,21.6892,1400000
Memphis,2024-10-20,154665.1,2783.97,40489.8,1376.65,276109.3,3313.31,81720.4,898.92,157159.9,1414.44,98388.0,688.72,16558.0,1324.64,94548.9,0.5205,1.1664,0.981,0.0,3465.96,21.0907,1400000
Memphis,2024-10-27,160974.4,2897.54,40997.2,1393.91,257946.3,3095.36,72699.0,799.69,114023.0,1026.21,85573.5,599.01,14517.2,1161.38,80514.1,0.455,1.0026,1.012,0.0,3077.92,21.7583,1400000
Memphis,2024-11-03,152134.5,2738.42,38090.5,1295.08,252255.7,3027.07,62107.4,683.18,133326.2,1199.94,105765.5,740.36,14390.4,1151.23,84569.1,0.4023,0.923,1.0045,0.0,2976.33,21.597,1400000
Memphis,2024-11-10,185571.2,3340.28,35341.7,1201.62,246605.5,2959.27,62927.0,692.2,121975.2,1097.78,98113.1,686.79,19390.0,1551.2,78830.6,0.3635,0.77,0.9872,0.0,3066.19,21.224,1400000
Memphis,2024-11-17,148571.5,2674.29,33908.5,1152.89,195647.9,2347.77,73737.5,811.11,103302.5,929.72,80314.2,562.2,14795.6,1183.65,75609.1,0.337,0.7353,1.0152,0.0,3037.91,21.8259,1400000
Memphis,2024-11-24,155902.5,2806.24,34410.0,1169.94,213301.7,2559.62,58842.7,647.27,143106.3,1287.96,104289.1,730.02,14410.8,1152.86,72261.8,0.3202,0.9272,0.9659,1.0,3295.92,20.7659,1400000
Memphis,2024-12-01,166145.6,2990.62,39811.7,1353.6,241983.7,2903.8,51260.8,563.87,110140.8,991.27,93675.4,655.73,13816.4,1105.31,81007.8,0.3104,0.824,0.9641,1.0,3352.63,20.7288,1400000
Memphis,2024-12-08,147251.9,2650.53,32017.7,1088.6,226463.0,2717.56,72451.2,796.96,125302.2,1127.72,102076.4,714.53,13024.2,1041.93,70136.0,0.305,0.7606,0.9857,0.0,2732.46,21.1924,1400000
Memphis,2024-12-15,167425.7,3013.66,34558.3,1174.98,246090.3,2953.08,56659.0,623.25,101631.4,914.68,97360.2,681.52,14824.5,1185.96,79063.8,0.3023,0.9046,1.0171,0.0,2829.8,21.8675,1400000
Memphis,2024-12-22,148788.9,2678.2,33955.4,1154.48,216991.5,2603.9,53597.6,589.57,133354.0,1200.19,93644.2,655.51,17380.1,1390.41,64161.7,0.301,0.7962,1.0066,0.0,2952.66,21.6421,1400000
Memphis,2024-12-29,162208.7,2919.76,43246.9,1470.39,249966.1,2999.59,61367.6,675.04,100690.2,906.21,77272.2,540.91,16138.3,1291.06,64752.6,0.3004,0.7359,0.995,0.0,3140.29,21.3928,1400000
Memphis,2025-01-05,153308.2,2759.55,35565.8,1209.24,187848.7,2254.18,70319.3,773.51,121969.7,1097.73,104775.7,733.43,18393.0,1471.44,70601.6,0.3064,0.7634,1.0143,0.0,2938.95,21.8073,1400000
Memphis,2025-01-12,148758.3,2677.65,40533.2,1378.13,187704.2,2252.45,59306.3,652.37,99536.8,895.83,90247.4,631.73,13811.7,1104.94,69549.0,0.3123,0.7191,1.0084,0.0,2790.57,21.6796,1400000
Memphis,2025-01-19,149601.1,2692.82,38432.1,1306.69,262807.6,3153.69,66017.7,726.19,140270.9,1262.44,78365.6,548.56,16206.4,1296.51,85183.1,0.3227,0.7008,1.0018,0.0,3268.11,21.5394,1400000
Memphis,2025-01-26,160042.0,2880.76,43440.1,1476.96,194394.3,2332.73,60459.2,665.05,113635.6,1022.72,94838.6,663.87,15330.9,1226.47,70408.9,0.3399,0.7558,0.9925,0.0,3015.88,21.3379,1400000
Memphis,2025-02-02,183929.7,3310.74,43086.2,1464.93,198945.5,2387.35,75047.9,825.53,140216.8,1261.95,92592.6,648.15,16979.5,1358.36,79130.1,0.3668,0.8228,0.9416,1.0,3606.32,20.2452,1400000
Memphis,2025-02-09,167617.2,3017.11,42154.9,1433.27,216371.6,2596.46,77042.1,847.46,110635.5,995.72,99222.8,694.56,16881.6,1350.53,84558.7,0.4067,0.9665,1.0091,0.0,3414.38,21.695,1400000
Memphis,2025-02-16,149613.0,2693.03,35902.9,1220.7,275302.9,3303.63,72811.0,800.92,111564.3,1004.08,78088.9,546.62,19219.1,1537.53,96565.3,0.4625,1.0717,1.0017,0.0,3273.18,21.537,1400000
Memphis,2025-02-23,186076.9,3349.38,38010.7,1292.36,290445.2,3485.34,61662.1,678.28,148614.5,1337.53,98580.7,690.06,17781.6,1422.53,88409.9,0.5359,0.9312,0.985,0.0,3579.44,21.1781,1400000
Memphis,2025-03-02,209742.0,3775.36,53255.2,1810.68,313831.6,3765.98,68007.3,748.08,144814.8,1303.33,88016.4,616.11,19806.1,1584.49,100492.7,0.6264,1.0498,0.9398,1.0,4502.47,20.2065,1400000
Memphis,2025-03-09,216424.2,3895.64,47220.6,1605.5,239800.9,2877.61,74829.5,823.12,167482.3,1507.34,105879.8,741.16,17393.3,1391.47,128613.0,0.7305,1.204,0.9897,0.0,4175.6,21.278,1400000
Memphis,2025-03-16,215944.4,3887.0,59326.8,2017.11,350662.5,4207.95,77566.7,853.23,171530.3,1543.77,105670.1,739.69,22917.7,1833.41,139412.2,0.8413,1.1901,1.0103,0.0,4754.52,21.7216,1400000
Memphis,2025-03-23,234274.8,4216.95,47828.6,1626.17,268045.6,3216.55,85716.1,942.88,147065.5,1323.59,81387.5,569.71,19764.8,1581.18,133724.3,0.9488,1.4043,0.9854,0.0,4515.99,21.1853,1400000
Memphis,2025-03-30,208025.6,3744.46,49994.9,1699.83,401500.9,4818.01,78870.3,867.57,186650.4,1679.85,100785.1,705.5,26570.5,2125.64,126767.7,1.0413,1.4135,0.9942,0.0,4835.4,21.375,1400000
Memphis,2025-04-06,287561.2,5176.1,63900.1,2172.6,290583.1,3487.0,95973.1,1055.7,198170.3,1783.53,117220.0,820.54,26837.7,2147.01,145162.1,1.1074,1.4701,1.0131,0.0,5134.77,21.7811,1400000
Memphis,2025-04-13,248782.3,4478.08,50422.7,1714.37,349075.9,4188.91,113117.7,1244.3,213833.4,1924.5,104268.3,729.88,22066.2,1765.3,153860.2,1.1384,1.5689,0.9828,0.0,5164.17,21.131,1400000
Memphis,2025-04-20,285290.7,5135.23,58631.5,1993.47,380715.8,4568.59,88411.5,972.53,211632.8,1904.69,100362.1,702.53,26081.2,2086.49,155011.9,1.1298,1.7454,0.9636,1.0,6265.79,20.7172,1400000
Memphis,2025-04-27,268022.6,4824.41,65030.4,2211.03,333336.5,4000.04,83959.0,923.55,174331.6,1568.98,102518.9,717.63,25730.7,2058.46,156102.8,1.083,1.5894,1.0121,0.0,5149.73,21.7593,1400000
Memphis,2025-05-04,246375.3,4434.76,58751.2,1997.54,394579.5,4734.95,104922.4,1154.15,175181.1,1576.63,82202.6,575.42,28110.0,2248.8,144385.8,1.0043,1.544,0.9439,1.0,5734.6,20.2947,1400000
Memphis,2025-05-11,213137.8,3836.48,62610.1,2128.74,329153.5,3949.84,96340.5,1059.75,205042.9,1845.39,86758.2,607.31,26531.2,2122.5,139809.7,0.9039,1.4712,0.9936,0.0,4792.4,21.3615,1400000
Memphis,2025-05-18,206496.5,3716.94,47404.3,1611.75,346187.5,4154.25,75737.8,833.12,148033.8,1332.3,109833.9,768.84,25036.8,2002.94,131372.0,0.7936,1.2957,1.0138,0.0,4307.46,21.7961,1400000
Memphis,2025-05-25,222232.1,4000.18,41605.2,1414.58,310359.9,3724.32,85237.4,937.61,128513.9,1156.62,83151.1,582.06,19876.8,1590.14,100008.2,0.6847,1.1961,0.9588,1.0,4411.71,20.6148,1400000
Memphis,2025-06-01,195035.9,3510.65,41944.2,1426.1,283166.2,3397.99,80955.2,890.51,162629.8,1463.67,84969.7,594.79,18986.3,1518.9,101275.0,0.586,0.9257,0.9888,0.0,3808.35,21.2581,1400000
Memphis,2025-06-08,196446.9,3536.04,40701.0,1383.83,293339.1,3520.07,81806.9,899.88,122200.1,1099.8,104933.1,734.53,16989.0,1359.12,102445.0,0.5032,1.1411,0.9874,0.0,3485.19,21.2301,1400000
Memphis,2025-06-15,203265.8,3658.78,34627.8,1177.34,219958.1,2639.5,60696.4,667.66,134590.5,1211.31,94655.8,662.59,18414.6,1473.16,83236.1,0.4388,0.97,0.9849,0.0,3205.19,21.176,1400000
Memphis,2025-06-22,191066.6,3439.2,40276.9,1369.41,215852.3,2590.23,76988.9,846.88,130564.8,1175.08,78711.2,550.98,14101.1,1128.08,84044.9,0.3929,0.829,0.9847,0.0,3241.65,21.1716,1400000
Memphis,2025-06-29,140634.8,2531.43,41289.5,1403.84,218464.2,2621.57,60806.2,668.87,138159.0,1243.43,94721.9,663.05,19021.4,1521.71,78961.1,0.3643,0.9889,0.9962,0.0,3144.56,21.4192,1400000
Memphis,2025-07-06,161648.4,2909.67,39349.8,1337.89,220285.9,2643.43,73441.6,807.86,125654.2,1130.89,78574.4,550.02,18856.1,1508.49,71277.6,0.3517,0.8989,0.9846,0.0,2699.28,21.1685,1400000
Memphis,2025-07-13,159876.7,2877.78,41916.3,1425.15,236512.1,2838.15,54047.3,594.52,113730.2,1023.57,74452.7,521.17,13544.7,1083.58,83392.0,0.3545,0.9283,0.9989,0.0,2821.09,21.476,1400000
Memphis,2025-07-20,196836.4,3543.06,40339.6,1371.55,253632.9,3043.59,69337.1,762.71,116585.1,1049.27,98615.9,690.31,17049.1,1363.93,88184.7,0.3728,0.8853,0.9886,0.0,2921.48,21.2555,1400000
Memphis,2025-07-27,149812.0,2696.62,34304.3,1166.35,211190.6,2534.29,55964.1,615.6,130891.2,1178.02,89497.2,626.48,17128.1,1370.25,92957.5,0.4071,0.898,0.9932,0.0,3278.86,21.3536,1400000
Memphis,2025-08-03,176122.7,3170.21,43588.0,1481.99,206821.8,2481.86,62252.8,684.78,110571.0,995.14,106316.5,744.22,19867.0,1589.36,85480.3,0.4573,0.8796,1.0055,0.0,3586.36,21.6174,1400000
Memphis,2025-08-10,203145.0,3656.61,39435.2,1340.8,245723.1,2948.68,72209.7,794.31,142893.7,1286.04,82072.0,574.5,15144.8,1211.58,102385.3,0.5216,1.1161,0.9842,0.0,3644.35,21.161,1400000
Memphis,2025-08-17,180279.1,3245.02,44691.2,1519.5,247886.6,2974.64,74069.9,814.77,136259.5,1226.34,108672.5,760.71,18054.4,1444.36,99325.1,0.5952,1.1346,0.9993,0.0,3788.71,21.4845,1400000
Memphis,2025-08-24,196996.1,3545.93,41983.4,1427.44,267714.7,3212.58,70690.4,777.59,137858.1,1240.72,88715.4,621.01,20560.6,1644.85,102964.7,0.6703,1.0036,0.9422,1.0,4563.68,20.2563,1400000
Memphis,2025-08-31,240413.4,4327.44,44730.8,1520.85,266177.8,3194.13,90260.6,992.87,145976.7,1313.79,96752.2,677.27,21936.3,1754.91,105105.5,0.7367,1.0619,1.0125,0.0,3965.97,21.7698,1400000
Memphis,2025-09-07,253248.8,4558.48,50716.8,1724.37,321036.0,3852.43,69991.8,769.91,190512.4,1714.61,78796.3,551.57,19470.4,1557.64,114083.9,0.7839,1.1199,1.0018,0.0,4537.07,21.5391,1400000
Memphis,2025-09-14,235129.4,4232.33,58309.2,1982.51,313415.1,3760.98,96939.0,1066.33,166954.1,1502.59,84700.9,592.91,18546.9,1483.75,113859.1,0.8037,1.2387,0.9842,0.0,4676.79,21.1602,1400000
Memphis,2025-09-21,244142.9,4394.57,54522.1,1853.75,294369.6,3532.43,86151.2,947.66,160107.9,1440.97,100410.4,702.87,22672.4,1813.79,130071.9,0.7926,1.1547,0.9992,0.0,4264.07,21.4827,1400000
Memphis,2025-09-28,180260.8,3244.69,55072.1,1872.45,319122.4,3829.47,82701.6,909.72,154379.2,1389.41,90883.2,636.18,20467.6,1637.41,109465.5,0.7525,1.3531,0.9968,0.0,3889.44,21.4313,1400000
Memphis,2025-10-05,189685.3,3414.34,48675.7,1654.97,275936.7,3311.24,90512.0,995.63,180305.9,1622.75,79064.5,553.45,22280.7,1782.46,110747.7,0.6905,1.0253,0.9959,0.0,3915.02,21.4115,1400000
Memphis,2025-10-12,219303.0,3947.45,37970.3,1290.99,269214.4,3230.57,63010.8,693.12,145525.4,1309.73,92267.6,645.87,21730.8,1738.46,103942.3,0.6166,1.2569,1.0135,0.0,3949.42,21.7911,1400000
Memphis,2025-10-19,157845.2,2841.21,49058.1,1667.98,258009.7,3096.12,83123.5,914.36,133509.9,1201.59,103339.3,723.37,19561.9,1564.95,94618.0,0.5411,1.0706,1.0033,0.0,3707.88,21.5714,1400000
Memphis,2025-10-26,204797.4,3686.35,48729.5,1656.8,255768.5,3069.22,67694.1,744.64,141036.1,1269.33,89010.6,623.07,14672.1,1173.77,98785.4,0.4725,1.0321,1.0012,0.0,3602.95,21.5259,1400000
Memphis,2025-11-02,145020.1,2610.36,36126.8,1228.31,253474.7,3041.7,78572.6,864.3,137950.5,1241.55,77691.1,543.84,20225.9,1618.07,80786.6,0.416,0.9769,1.0074,0.0,3265.14,21.6583,1400000
Memphis,2025-11-09,138386.6,2490.96,42989.1,1461.63,232764.0,2793.17,73819.9,812.02,114666.0,1031.99,74790.1,523.53,17838.1,1427.05,75101.4,0.3732,0.8443,1.0038,0.0,2874.41,21.5808,1400000
Memphis,2025-11-16,185322.8,3335.81,38852.0,1320.97,218292.9,2619.51,69653.5,766.19,126314.6,1136.83,83975.0,587.82,14638.4,1171.07,72652.7,0.3434,0.8356,1.0145,0.0,3017.0,21.8109,1400000
Memphis,2025-11-23,156543.1,2817.78,36474.2,1240.12,230210.6,2762.53,65872.8,724.6,128478.5,1156.31,75783.2,530.48,16543.1,1323.45,77041.0,0.3242,0.835,0.9314,1.0,3319.27,20.0246,1400000
Memphis,2025-11-30,145534.9,2619.63,35868.2,1219.52,221403.1,2656.84,57761.6,635.38,128955.3,1160.6,91039.0,637.27,13865.9,1109.27,78856.6,0.3127,0.7743,0.9918,0.0,3147.9,21.3241,1400000
Memphis,2025-12-07,182182.1,3279.28,40867.2,1389.49,237250.2,2847.0,58337.0,641.71,118317.1,1064.85,84754.6,593.28,15206.3,1216.5,68763.9,0.3062,0.8707,0.9999,0.0,3005.28,21.4982,1400000
Memphis,2025-12-14,182641.7,3287.55,42735.7,1453.01,208155.3,2497.86,70929.4,780.22,121456.9,1093.11,80573.7,564.02,17869.8,1429.59,67927.0,0.3029,0.8408,0.9833,0.0,2801.22,21.1419,1400000
Memphis,2025-12-21,157067.4,2827.21,37237.1,1266.06,210988.6,2531.86,52164.8,573.81,118004.6,1062.04,97863.9,685.05,15239.4,1219.15,75372.8,0.3012,0.7833,1.0125,0.0,2744.25,21.7678,1400000
New Orleans,2023-01-01,177077.0,3187.39,42215.9,1435.34,194886.9,2338.64,51406.6,565.47,121481.9,1093.34,77519.0,542.63,13546.6,1083.73,77378.3,0.3043,0.8024,0.9355,1.0,3006.23,20.1124,1400000
New Orleans,2023-01-08,178366.6,3210.6,33300.0,1132.2,209611.2,2515.33,69916.6,769.08,115793.6,1042.14,88861.9,622.03,17103.1,1368.25,79462.4,0.3086,0.7263,1.0011,0.0,3046.77,21.5245,1400000
New Orleans,2023-01-15,168169.3,3027.05,31636.3,1075.63,191708.4,2300.5,53864.2,592.51,124027.2,1116.24,101111.2,707.78,17621.5,1409.72,82309.1,0.3164,0.8522,1.0168,0.0,3095.46,21.8606,1400000
New Orleans,2023-01-22,183926.6,3310.68,36413.2,1238.05,219979.6,2639.75,52269.7,574.97,132302.5,1190.72,85953.3,601.67,18512.3,1480.99,85129.5,0.3296,0.7979,0.9806,0.0,3031.12,21.0831,1400000
New Orleans,2023-01-29,160596.1,2890.73,34144.5,1160.91,196288.5,2355.46,62107.7,683.19,135723.5,1221.51,83058.2,581.41,15696.5,1255.72,86296.5,0.3509,0.9289,0.9952,0.0,2856.73,21.3975,1400000
New Orleans,2023-02-05,182582.3,3286.48,39011.7,1326.4,225506.9,2706.08,65479.6,720.28,123570.1,1112.13,106020.0,742.14,14160.9,1132.87,80485.1,0.3835,0.7645,1.0124,0.0,3013.68,21.7659,1400000
New Orleans,2023-02-12,161315.5,2903.68,39256.6,1334.72,239350.6,2872.21,60659.4,667.25,153675.2,1383.08,107187.0,750.31,16134.0,1290.72,84144.5,0.4307,0.9623,1.0118,0.0,3202.96,21.7546,1400000
New Orleans,2023-02-19,173077.5,3115.4,37005.5,1258.19,260537.0,3126.44,82117.5,903.29,115781.5,1042.03,89662.4,627.64,19658.8,1572.7,90255.9,0.495,1.0484,1.0066,0.0,3684.95,21.6424,1400000
New Orleans,2023-02-26,184766.6,3325.8,41438.7,1408.91,213284.3,2559.41,74898.0,823.88,147590.4,1328.31,93019.3,651.14,20036.1,1602.89,92044.1,0.5773,1.1553,1.0091,0.0,3785.79,21.6955,1400000
New Orleans,2023-03-05,168476.7,3032.58,48176.9,1638.02,280480.5,3365.77,68445.6,752.9,150746.8,1356.72,84843.5,593.9,17557.1,1404.56,115217.3,0.6758,1.0647,0.9566,1.0,4986.19,20.5659,1400000
New Orleans,2023-03-12,227291.0,4091.24,44438.0,1510.89,259470.8,3113.65,74048.9,814.54,171470.9,1543.24,104890.7,734.23,19254.1,1540.32,117952.6,0.7856,1.3263,1.0018,0.0,4416.24,21.5394,1400000
New Orleans,2023-03-19,192089.2,3457.61,48810.2,1659.55,288763.2,3465.16,96691.9,1063.61,143305.5,1289.75,88212.1,617.48,26592.5,2127.4,131360.5,0.8982,1.4274,0.9888,0.0,4637.17,21.2599,1400000
New Orleans,2023-03-26,249348.9,4488.28,56816.1,1931.75,348878.4,4186.54,77798.2,855.78,188355.0,1695.2,98930.5,692.51,22458.4,1796.68,129245.4,1.0025,1.3091,0.9624,1.0,5695.42,20.6915,1400000
New Orleans,2023-04-02,285501.9,5139.03,59836.3,2034.44,322500.0,3870.0,113354.9,1246.9,202350.3,1821.15,102289.7,716.03,25583.9,2046.71,158878.9,1.0864,1.7128,1.0106,0.0,5521.88,21.7287,1400000
New Orleans,2023-04-09,230845.2,4155.21,55910.9,1900.97,336245.7,4034.95,109553.3,1205.09,208909.5,1880.19,100436.5,703.06,27398.2,2191.86,153968.1,1.1391,1.8467,1.0119,0.0,5233.07,21.7549,1400000
New Orleans,2023-04-16,246027.1,4428.49,54452.0,1851.37,364294.0,4371.53,100969.4,1110.66,170777.8,1537.0,87126.5,609.89,27484.4,2198.75,157018.9,1.1536,1.7497,0.9564,1.0,6117.78,20.5627,1400000
New Orleans,2023-04-23,222606.1,4006.91,61058.2,2075.98,369373.5,4432.48,115082.0,1265.9,223863.3,2014.77,85913.3,601.39,23174.0,1853.92,164374.0,1.1277,1.7601,0.9976,0.0,5453.93,21.4485,1400000
New Orleans,2023-04-30,228696.1,4116.53,51568.1,1753.31,271773.3,3261.28,109850.0,1208.35,185505.5,1669.55,92806.1,649.64,20604.0,1648.32,159253.4,1.0651,1.605,0.9881,0.0,5150.25,21.2443,1400000
New Orleans,2023-05-07,275999.8,4968.0,62028.4,2108.96,261412.7,3136.95,95518.7,1050.71,204128.6,1837.16,105012.7,735.09,20036.4,1602.91,139795.0,0.9743,1.5112,0.9981,0.0,4656.4,21.4585,1400000
New Orleans,2023-05-14,253762.2,4567.72,51650.1,1756.1,299895.5,3598.75,91247.3,1003.72,153480.3,1381.32,104280.8,729.97,23500.3,1880.02,138096.6,0.8664,1.4756,0.9676,1.0,5032.66,20.8041,1400000
New Orleans,2023-05-21,234962.7,4229.33,43129.1,1466.39,269922.2,3239.07,70320.5,773.53,132162.8,1189.47,102576.1,718.03,22013.7,1761.09,107887.1,0.7536,1.4151,1.0127,0.0,3964.83,21.7734,1400000
New Orleans,2023-05-28,174225.6,3136.06,38550.5,1310.72,276248.5,3314.98,83330.6,916.64,152602.0,1373.42,77230.0,540.61,23371.1,1869.69,117787.9,0.6465,0.9987,0.9999,0.0,3769.04,21.4982,1400000
New Orleans,2023-06-04,209589.4,3772.61,47776.7,1624.41,285296.4,3423.56,74303.5,817.34,116898.4,1052.09,84137.4,588.96,16017.3,1281.38,101992.3,0.5525,0.9897,1.0104,0.0,3498.78,21.7233,1400000
New Orleans,2023-06-11,188779.5,3398.03,43018.9,1462.64,273841.6,3286.1,71884.3,790.73,127614.7,1148.53,94414.5,660.9,20199.8,1615.98,83842.1,0.4762,1.1117,0.982,0.0,3481.37,21.1128,1400000
New Orleans,2023-06-18,163005.2,2934.09,45702.5,1553.88,216890.8,2602.69,57030.1,627.33,139337.7,1254.04,96659.4,676.62,17933.9,1434.71,83903.0,0.4189,0.9163,1.0166,0.0,3042.96,21.8578,1400000
New Orleans,2023-06-25,146338.7,2634.1,34940.1,1187.96,230036.2,2760.43,53487.2,588.36,132432.4,1191.89,75111.0,525.78,16015.6,1281.25,76633.3,0.3799,0.7546,0.9929,0.0,3095.84,21.3465,1400000
New Orleans,2023-07-02,179498.1,3230.97,43227.4,1469.73,228756.5,2745.08,65644.6,722.09,125559.7,1130.04,81963.4,573.74,14543.9,1163.51,82942.8,0.358,0.7737,1.0044,0.0,3139.3,21.5952,1400000
New Orleans,2023-07-09,195487.7,3518.78,35618.4,1211.02,187553.5,2250.64,71978.6,791.76,103704.5,933.34,76013.3,532.09,15839.3,1267.15,85858.1,0.3519,0.9668,1.0046,0.0,2944.25,21.5985,1400000
New Orleans,2023-07-16,157341.7,2832.15,45400.2,1543.61,177585.3,2131.02,58388.2,642.27,113683.6,1023.15,80956.1,566.69,18744.0,1499.52,78342.1,0.3614,0.9399,0.9445,1.0,3466.76,20.3057,1400000
New Orleans,2023-07-23,196349.1,3534.28,36389.4,1237.24,222214.7,2666.58,62804.2,690.85,123604.0,1112.44,100403.3,702.82,18764.6,1501.17,90167.3,0.3869,0.9228,0.9812,0.0,3319.43,21.0957,1400000
New Orleans,2023-07-30,178338.2,3210.09,40718.2,1384.42,212760.2,2553.12,70782.9,778.61,136235.3,1226.12,91521.0,640.65,20428.4,1634.27,75877.4,0.4288,0.8539,1.0068,0.0,3429.3,21.6456,1400000
New Orleans,2023-08-06,189533.1,3411.6,38988.8,1325.62,234715.6,2816.59,81663.4,898.3,145922.5,1313.3,75525.6,528.68,15139.2,1211.14,89353.7,0.4864,0.8754,0.9966,0.0,3686.02,21.4269,1400000
New Orleans,2023-08-13,159870.2,2877.66,41424.9,1408.45,234575.9,2814.91,63007.9,693.09,166528.5,1498.76,102215.3,715.51,17422.0,1393.76,90202.8,0.5566,1.1688,1.0128,0.0,3321.03,21.7762,1400000
New Orleans,2023-08-20,210544.4,3789.8,41782.8,1420.62,283279.4,3399.35,64953.2,714.49,159349.1,1434.14,94624.6,662.37,21286.0,1702.88,102310.7,0.6333,1.1094,0.9546,1.0,4240.67,20.5234,1400000
New Orleans,2023-08-27,208902.2,3760.24,53341.8,1813.62,224676.7,2696.12,65773.7,723.51,161309.1,1451.78,99682.0,697.77,17574.1,1405.93,105945.6,0.7072,1.3856,0.9859,0.0,3657.17,21.1977,1400000
New Orleans,2023-09-03,249270.9,4486.88,56338.7,1915.52,303499.2,3641.99,96188.7,1058.08,171628.0,1544.65,102801.2,719.61,19318.2,1545.45,117699.6,0.7675,1.2557,0.9896,0.0,3989.28,21.2765,1400000
New Orleans,2023-09-10,212871.6,3831.69,59566.4,2025.26,287996.7,3455.96,74979.7,824.78,160168.9,1441.52,80143.7,561.01,25282.9,2022.63,128937.9,0.8043,1.285,0.9881,0.0,4639.06,21.2432,1400000
New Orleans,2023-09-17,199230.9,3586.16,55254.9,1878.67,247631.7,2971.58,69913.2,769.04,191705.6,1725.35,102186.9,715.31,26024.6,2081.97,121043.8,0.8111,1.132,0.987,0.0,4728.69,21.2201,1400000
New Orleans,2023-09-24,219428.0,3949.7,47331.9,1609.28,308119.3,3697.43,77280.1,850.08,159882.9,1438.95,102237.9,715.67,24628.8,1970.31,114084.5,0.7866,1.2598,1.018,0.0,3992.25,21.8875,1400000
New Orleans,2023-10-01,178432.6,3211.79,55742.4,1895.24,318179.6,3818.16,70544.9,775.99,133796.6,1204.17,92506.4,647.54,24652.5,1972.2,105813.0,0.7352,1.1509,1.0195,0.0,3818.81,21.9182,1400000
New Orleans,2023-10-08,227703.9,4098.67,51029.7,1735.01,274711.7,3296.54,85134.7,936.48,167068.8,1503.62,105268.4,736.88,22328.1,1786.25,102014.5,0.6657,1.1797,1.0126,0.0,4068.94,21.7712,1400000
New Orleans,2023-10-15,200167.0,3603.01,41145.0,1398.93,235610.4,2827.32,68934.3,758.28,149774.8,1347.97,89105.7,623.74,22766.2,1821.3,106042.2,0.5886,1.0955,0.9803,0.0,3750.9,21.0771,1400000
New Orleans,2023-10-22,195361.7,3516.51,46105.6,1567.59,248909.5,2986.91,61776.4,679.54,158939.4,1430.45,86313.9,604.2,17271.4,1381.71,98083.3,0.514,0.8829,0.9343,1.0,3932.0,20.0874,1400000
New Orleans,2023-10-29,149061.4,2683.11,35401.6,1203.65,263346.9,3160.16,58272.8,641.0,126166.1,1135.49,91309.4,639.17,16032.8,1282.62,82118.3,0.4491,0.8714,0.9562,1.0,3710.14,20.5581,1400000
New Orleans,2023-11-05,193540.8,3483.73,43391.4,1475.31,260862.1,3130.35,76856.3,845.42,128268.7,1154.42,85798.6,600.59,15649.7,1251.98,82569.5,0.3975,0.9318,1.0012,0.0,3253.5,21.5261,1400000
New Orleans,2023-11-12,152620.2,2747.16,43490.9,1478.69,198082.4,2376.99,66581.3,732.39,130552.9,1174.98,100322.8,702.26,14482.1,1158.57,81687.8,0.36,0.9776,0.9812,0.0,3084.65,21.0951,1400000
New Orleans,2023-11-19,142607.7,2566.94,41542.8,1412.45,219219.6,2630.64,58605.3,644.66,131931.5,1187.38,76697.1,536.88,14972.9,1197.83,78605.6,0.3346,0.8243,0.9624,1.0,3442.35,20.6918,1400000
New Orleans,2023-11-26,160096.9,2881.74,43461.9,1477.7,174784.0,2097.41,57249.2,629.74,140482.1,1264.34,97367.3,681.57,14749.5,1179.96,69462.6,0.3188,0.7918,1.0174,0.0,3072.29,21.8751,1400000
New Orleans,2023-12-03,133737.4,2407.27,43909.2,1492.91,190772.1,2289.27,51164.9,562.81,131324.7,1181.92,74627.5,522.39,17806.6,1424.53,63882.8,0.3096,0.7544,0.9384,1.0,3146.22,20.1765,1400000
New Orleans,2023-12-10,183201.0,3297.62,33881.2,1151.96,221143.8,2653.73,51704.1,568.75,106023.0,954.21,105077.4,735.54,15437.9,1235.03,63681.8,0.3046,0.7338,0.9942,0.0,2785.19,21.3754,1400000
New Orleans,2023-12-17,157568.3,2836.23,41519.1,1411.65,191660.2,2299.92,56421.0,620.63,115101.6,1035.91,75398.9,527.79,13367.2,1069.38,81119.0,0.3021,0.8175,1.0061,0.0,2775.82,21.631,1400000
New Orleans,2023-12-24,164513.3,2961.24,32923.2,1119.39,223974.8,2687.7,52954.3,582.5,101633.1,914.7,88928.9,622.5,18140.6,1451.25,69485.2,0.3009,0.6816,1.0021,0.0,2841.22,21.5457,1400000
New Orleans,2023-12-31,158272.1,2848.9,31752.9,1079.6,195220.4,2342.65,53558.6,589.14,105485.4,949.37,98423.8,688.97,14977.2,1198.18,73700.0,0.3003,0.6838,0.9387,1.0,3213.77,20.1824,1400000
New Orleans,2024-01-07,187014.4,3366.26,39980.8,1359.35,198484.7,2381.82,60360.7,663.97,126286.5,1136.58,75918.8,531.43,18608.5,1488.68,79901.6,0.3078,0.9072,0.9875,0.0,3082.26,21.2304,1400000
New Orleans,2024-01-14,146055.2,2628.99,31993.2,1087.77,206614.2,2479.37,55669.1,612.36,122435.2,1101.92,90093.4,630.65,17182.8,1374.62,77662.5,0.315,0.7721,1.0068,0.0,2813.65,21.6469,1400000
New Orleans,2024-01-21,151623.1,2729.22,38136.5,1296.64,196384.7,2356.62,65836.6,724.2,142795.3,1285.16,88960.3,622.72,14696.5,1175.72,83697.5,0.3272,0.8545,1.0059,0.0,2933.17,21.6261,1400000
New Orleans,2024-01-28,192002.4,3456.04,41015.7,1394.54,197813.3,2373.76,62783.7,690.62,131992.1,1187.93,84491.6,591.44,16387.1,1310.97,91194.6,0.3472,0.9025,1.0036,0.0,3244.25,21.5764,1400000
New Orleans,2024-02-04,190677.0,3432.19,37386.1,1271.13,187437.8,2249.25,61641.3,678.05,143639.2,1292.75,77927.6,545.49,18086.3,1446.9,73957.0,0.3781,0.7576,1.004,0.0,2961.63,21.5869,1400000
New Orleans,2024-02-11,156151.3,2810.72,44462.6,1511.73,204378.1,2452.54,60502.6,665.53,145683.5,1311.15,80766.1,565.36,19093.2,1527.46,83333.4,0.423,0.9498,0.9805,0.0,3611.3,21.0814,1400000
New Orleans,2024-02-18,181823.2,3272.82,38050.0,1293.7,209765.1,2517.18,81601.7,897.62,125501.6,1129.51,89176.3,624.23,18100.6,1448.05,97416.2,0.4847,1.0443,0.9918,0.0,3268.07,21.3242,1400000
New Orleans,2024-02-25,169472.2,3050.5,40345.9,1371.76,261318.9,3135.83,65173.0,716.9,158663.1,1427.97,83063.9,581.45,15975.0,1278.0,108021.8,0.5644,1.0086,0.9849,0.0,3739.87,21.1744,1400000
New Orleans,2024-03-03,222326.8,4001.88,42561.5,1447.09,292611.5,3511.34,64636.7,711.0,129196.5,1162.77,79576.3,557.03,17761.3,1420.9,106042.7,0.6609,1.1902,1.0175,0.0,4216.02,21.8768,1400000
New Orleans,2024-03-10,243574.8,4384.35,44109.5,1499.72,232443.8,2789.33,77475.4,852.23,179494.6,1615.45,91135.7,637.95,19211.6,1536.93,112856.0,0.7696,1.4584,0.9994,0.0,4060.41,21.4863,1400000
New Orleans,2024-03-17,192219.1,3459.94,49846.5,1694.78,280491.8,3365.9,102385.1,1126.24,153538.4,1381.85,91860.6,643.02,26313.3,2105.06,134281.8,0.8824,1.5192,1.0162,0.0,4785.8,21.8487,1400000
New Orleans,2024-03-24,260349.0,4686.28,46982.0,1597.39,279489.7,3353.88,104255.8,1146.81,160490.2,1444.41,91766.7,642.37,25922.6,2073.81,121102.7,0.9886,1.6674,0.9375,1.0,5323.99,20.1566,1400000
New Orleans,2024-03-31,214904.8,3868.29,60211.1,2047.18,339491.6,4073.9,87601.2,963.61,161782.4,1456.04,81656.6,571.6,25047.6,2003.81,141107.8,1.0761,1.6906,0.9891,0.0,5162.66,21.2659,1400000
New Orleans,2024-04-07,280889.2,5056.01,63604.8,2162.56,352707.4,4232.49,83210.6,915.32,196798.3,1771.18,117078.7,819.55,26688.9,2135.11,166744.3,1.1338,1.7784,0.9915,0.0,5178.03,21.3183,1400000
New Orleans,2024-04-14,302761.5,5449.71,60071.4,2042.43,294285.3,3531.42,109597.2,1205.57,223779.6,2014.02,100128.6,700.9,29861.7,2388.94,163343.4,1.154,1.7318,0.9841,0.0,5497.76,21.159,1400000
New Orleans,2024-04-21,289197.5,5205.56,50005.7,1700.2,370964.2,4451.57,82017.4,902.19,215407.2,1938.66,97059.9,679.42,23969.2,1917.54,165803.2,1.1338,1.7538,0.992,0.0,5680.37,21.3276,1400000
New Orleans,2024-04-28,209982.3,3779.68,51220.3,1741.49,297233.7,3566.8,80542.4,885.97,181926.6,1637.34,82929.7,580.51,21887.9,1751.04,131446.7,1.0761,1.7248,0.9994,0.0,4868.91,21.4868,1400000
New Orleans,2024-05-05,244096.4,4393.74,62488.3,2124.6,288816.1,3465.79,98926.2,1088.19,212526.0,1912.73,98709.2,690.96,28460.6,2276.85,149818.9,0.9886,1.3338,1.0097,0.0,5126.2,21.7096,1400000
New Orleans,2024-05-12,197157.9,3548.84,48316.3,1642.76,274609.7,3295.32,78713.4,865.85,170215.1,1531.94,97116.6,679.82,27025.3,2162.03,127908.6,0.8824,1.4113,0.9996,0.0,4641.51,21.491,1400000
New Orleans,2024-05-19,214854.1,3867.37,51597.1,1754.3,268255.8,3219.07,83242.2,915.66,168537.2,1516.83,112320.9,786.25,17774.7,1421.97,128306.0,0.7696,1.4347,0.9833,0.0,4589.92,21.1399,1400000
New Orleans,2024-05-26,201561.1,3628.1,51322.3,1744.96,261992.1,3143.91,66556.0,732.12,149425.2,1344.83,96765.9,677.36,22022.8,1761.83,107388.9,0.6611,1.0868,0.9928,0.0,3937.07,21.346,1400000
New Orleans,2024-06-02,182946.0,3293.03,48972.6,1665.07,239726.6,2876.72,64908.2,713.99,140047.1,1260.42,79466.2,556.26,21401.9,1712.15,103412.4,0.5649,0.9641,1.0125,0.0,3863.96,21.7684,1400000
New Orleans,2024-06-09,176082.6,3169.49,45934.1,1561.76,257332.1,3087.98,77063.0,847.69,148117.7,1333.06,75970.1,531.79,18099.2,1447.93,104125.9,0.486,1.0769,1.0137,0.0,3661.74,21.7938,1400000
New Orleans,2024-06-16,177556.8,3196.02,44056.7,1497.93,189584.8,2275.02,62976.6,692.74,129657.2,1166.91,88440.0,619.08,14812.5,1185.0,96540.6,0.4259,0.9095,1.0117,0.0,3377.9,21.7524,1400000
New Orleans,2024-06-23,148079.1,2665.42,37049.0,1259.67,235630.8,2827.57,55761.6,613.38,143335.8,1290.02,77218.2,540.53,15627.3,1250.19,75298.6,0.3844,0.7679,0.988,0.0,3033.88,21.241,1400000
New Orleans,2024-06-30,164781.6,2966.07,31799.8,1081.19,236468.1,2837.62,69808.0,767.89,127091.2,1143.82,99449.3,696.15,14017.8,1121.42,83966.2,0.3601,0.9614,1.0045,0.0,3282.39,21.5972,1400000
New Orleans,2024-07-07,158267.2,2848.81,44519.3,1513.66,184561.1,2214.73,62536.4,687.9,140531.6,1264.78,92823.6,649.77,18792.9,1503.43,90445.5,0.3518,0.859,1.0127,0.0,3408.56,21.773,1400000
New Orleans,2024-07-14,187519.9,3375.36,32508.1,1105.27,177538.7,2130.46,59110.2,650.21,108240.8,974.17,104981.5,734.87,17060.3,1364.82,77465.1,0.3591,0.8436,0.9316,1.0,3412.31,20.0303,1400000
New Orleans,2024-07-21,158471.0,2852.48,42017.5,1428.6,241802.8,2901.63,70613.3,776.75,119623.5,1076.61,94125.9,658.88,18768.4,1501.47,86244.0,0.3823,0.9247,1.0007,0.0,3174.35,21.5158,1400000
New Orleans,2024-07-28,195146.7,3512.64,40960.4,1392.65,223627.9,2683.54,61371.5,675.09,131282.4,1181.54,92187.8,645.31,17555.6,1404.45,88945.0,0.4218,0.8845,0.9843,0.0,3091.85,21.1622,1400000
New Orleans,2024-08-04,165941.3,2986.94,45073.5,1532.5,244601.9,2935.22,58162.5,639.79,128756.4,1158.81,76446.3,535.12,20605.1,1648.41,90510.7,0.4773,0.9887,0.9831,0.0,3548.65,21.1365,1400000
New Orleans,2024-08-11,184116.2,3314.09,42975.2,1461.16,228524.8,2742.3,78137.8,859.52,162913.5,1466.22,106037.3,742.26,18733.1,1498.65,90071.8,0.546,1.0686,0.9991,0.0,3659.47,21.4815,1400000
New Orleans,2024-08-18,182874.8,3291.75,46766.7,1590.07,258428.9,3101.15,76742.2,844.16,155896.1,1403.07,77316.6,541.22,23182.1,1854.57,97345.3,0.6222,1.1309,1.0089,0.0,4000.35,21.6904,1400000
New Orleans,2024-08-25,240192.3,4323.46,54649.1,1858.07,277951.7,3335.42,66114.3,727.26,165326.8,1487.94,80566.1,563.96,21980.6,1758.45,113108.2,0.6972,1.1378,0.9458,1.0,4698.81,20.3337,1400000
New Orleans,2024-09-01,213386.1,3840.95,44551.2,1514.74,251435.1,3017.22,88705.5,975.76,147901.8,1331.12,100442.9,703.1,20247.2,1619.78,115195.7,0.7601,1.2803,1.0121,0.0,4070.54,21.7601,1400000
New Orleans,2024-09-08,205674.6,3702.14,58604.9,1992.57,257291.4,3087.5,98576.4,1084.34,175482.3,1579.34,93960.9,657.73,21366.6,1709.33,104307.7,0.8008,1.4447,0.9358,1.0,4865.88,20.1189,1400000
New Orleans,2024-09-15,222701.0,4008.62,47659.1,1620.41,248882.2,2986.59,80212.1,882.33,160893.8,1448.04,86963.7,608.75,19838.6,1587.09,137011.2,0.8121,1.4735,0.9869,0.0,4316.15,21.2192,1400000
New Orleans,2024-09-22,227633.2,4097.4,42299.0,1438.17,263385.8,3160.63,88613.9,974.75,176885.4,1591.97,106865.9,748.06,24313.6,1945.09,117212.7,0.7919,1.2081,0.9983,0.0,4102.29,21.4639,1400000
New Orleans,2024-09-29,226290.0,4073.22,55537.6,1888.28,271158.9,3253.91,83050.2,913.55,183260.1,1649.34,91729.9,642.11,24938.5,1995.08,116453.8,0.7439,1.273,1.0074,0.0,4059.19,21.6582,1400000
New Orleans,2024-10-06,207936.1,3742.85,45964.5,1562.79,280145.2,3361.74,77608.9,853.7,149032.5,1341.29,98535.9,689.75,19269.0,1541.52,101303.0,0.6763,1.0949,1.001,0.0,3830.54,21.5219,1400000
New Orleans,2024-10-13,180910.3,3256.39,53276.8,1811.41,254225.8,3050.71,74303.1,817.33,134597.1,1211.37,106995.5,748.97,16444.1,1315.53,97456.7,0.5997,1.1007,0.9955,0.0,3959.59,21.4024,1400000
New Orleans,2024-10-20,211637.5,3809.48,43470.3,1477.99,218575.9,2622.91,68713.2,755.84,159292.1,1433.63,102646.3,718.52,16648.1,1331.84,86569.9,0.5242,0.9734,1.0188,0.0,3509.93,21.9053,1400000
New Orleans,2024-10-27,155339.6,2796.11,43951.5,1494.35,247544.3,2970.53,64328.4,707.61,129207.4,1162.87,96459.0,675.21,17044.4,1363.56,93892.2,0.4576,1.0441,0.9333,1.0,3818.87,20.065,1400000
New Orleans,2024-11-03,153801.3,2768.42,37294.4,1268.01,216280.8,2595.37,68979.2,758.77,126602.3,1139.42,91995.8,643.97,16552.3,1324.18,84928.2,0.404,1.0352,0.9987,0.0,3289.27,21.4729,1400000
New Orleans,2024-11-10,186988.7,3365.8,41701.5,1417.85,229375.3,2752.5,59173.9,650.91,134915.5,1214.24,106593.9,746.16,17109.1,1368.73,75489.1,0.3645,0.8163,0.9391,1.0,3347.33,20.1898,1400000
New Orleans,2024-11-17,159091.6,2863.65,41950.3,1426.31,243793.9,2925.53,58936.1,648.3,108985.0,980.86,91301.8,639.11,14534.7,1162.77,74559.1,0.3376,0.8237,0.984,0.0,2901.96,21.1555,1400000
New Orleans,2024-11-24,153447.4,2762.05,39966.2,1358.85,200430.4,2405.16,60036.5,660.4,117702.9,1059.33,93617.1,655.32,18687.2,1494.97,82108.5,0.3206,0.8247,0.9955,0.0,2866.98,21.4028,1400000
New Orleans,2024-12-01,166523.9,2997.43,39937.1,1357.86,232774.7,2793.3,72107.1,793.18,105692.4,951.23,81908.8,573.36,15782.6,1262.61,66643.6,0.3106,0.7822,0.9895,0.0,2591.96,21.2753,1400000
New Orleans,2024-12-08,180461.9,3248.31,40529.6,1378.01,189300.5,2271.61,65467.5,720.14,104249.1,938.24,98920.4,692.44,16715.7,1337.26,75543.5,0.3051,0.8663,1.0037,0.0,2962.7,21.5792,1400000
New Orleans,2024-12-15,171499.2,3086.99,41320.1,1404.88,174250.2,2091.0,71650.8,788.16,110034.7,990.31,84724.5,593.07,16334.8,1306.78,70711.3,0.3023,0.7626,1.0077,0.0,2881.0,21.6656,1400000
New Orleans,2024-12-22,175615.2,3161.07,40165.9,1365.64,177762.2,2133.15,50717.5,557.89,115326.2,1037.94,105256.4,736.79,14865.3,1189.22,76430.3,0.301,0.6916,0.9826,0.0,3000.95,21.1255,1400000
New Orleans,2024-12-29,156090.1,2809.62,32205.7,1094.99,217760.4,2613.12,70029.2,770.32,108292.7,974.63,103178.9,722.25,17332.9,1386.63,72619.4,0.3004,0.7476,0.9929,0.0,2834.19,21.3464,1400000
New Orleans,2025-01-05,155778.0,2804.0,40813.2,1387.65,241789.1,2901.47,55474.1,610.22,122681.2,1104.13,79529.7,556.71,18336.9,1466.95,82254.5,0.3065,0.874,0.9994,0.0,3064.86,21.4876,1400000
New Orleans,2025-01-12,149579.2,2692.43,38108.4,1295.69,237857.1,2854.29,61426.8,675.7,133268.7,1199.42,80944.4,566.61,15651.8,1252.15,76974.8,0.3125,0.8516,1.0089,0.0,2895.02,21.6904,1400000
New Orleans,2025-01-19,154597.3,2782.75,31463.5,1069.76,247013.3,2964.16,63457.1,698.03,127158.5,1144.43,94617.8,662.32,17400.7,1392.05,68531.6,0.3231,0.8942,0.9879,0.0,2653.76,21.2393,1400000
New Orleans,2025-01-26,189135.6,3404.44,39917.5,1357.2,243809.5,2925.71,59704.8,656.75,134167.2,1207.51,95681.7,669.77,17987.1,1438.97,82707.5,0.3406,0.8429,1.0147,0.0,3026.27,21.8164,1400000
New Orleans,2025-02-02,165692.2,2982.46,38728.8,1316.78,185916.5,2231.0,62818.2,691.0,113724.7,1023.52,75124.0,525.87,17676.3,1414.1,70996.8,0.3679,0.8116,0.9885,0.0,2983.2,21.2535,1400000
New Orleans,2025-02-09,190826.5,3434.88,33184.1,1128.26,262531.4,3150.38,66162.8,727.79,142052.6,1278.47,76112.0,532.78,17387.0,1390.96,79649.1,0.4085,1.0429,0.9837,0.0,3152.37,21.1487,1400000
New Orleans,2025-02-16,151350.3,2724.31,40418.2,1374.22,267902.7,3214.83,76217.7,838.39,114277.6,1028.5,86500.6,605.5,17351.3,1388.1,80544.9,0.4652,1.0642,0.9647,1.0,3997.03,20.7402,1400000
New Orleans,2025-02-23,184363.9,3318.55,46856.8,1593.13,241314.1,2895.77,81286.2,894.15,134160.9,1207.45,86780.5,607.46,18672.8,1493.82,89821.7,0.5398,0.9993,1.001,0.0,3426.62,21.5225,1400000
New Orleans,2025-03-02,229370.4,4128.67,41140.0,1398.76,301986.3,3623.84,88248.8,970.74,142916.3,1286.25,81404.7,569.83,20938.0,1675.04,105301.9,0.6318,1.0742,0.9986,0.0,3562.48,21.4704,1400000
New Orleans,2025-03-09,184440.0,3319.92,57152.8,1943.2,294163.4,3529.96,76617.1,842.79,178458.1,1606.12,84072.2,588.51,23053.0,1844.24,114366.7,0.7377,1.3725,1.0096,0.0,4086.59,21.7069,1400000
New Orleans,2025-03-16,262927.8,4732.7,48447.7,1647.22,262624.1,3151.49,74752.3,822.28,179724.4,1617.52,81886.5,573.21,23764.5,1901.16,135300.2,0.8503,1.371,1.0079,0.0,4697.14,21.6709,1400000
New Orleans,2025-03-23,242036.7,4356.66,47169.1,1603.75,360399.8,4324.8,96846.4,1065.31,180380.9,1623.43,80735.3,565.15,25089.5,2007.16,129548.8,0.9596,1.5202,1.0155,0.0,5040.89,21.8333,1400000
New Orleans,2025-03-30,216975.5,3905.56,47418.6,1612.23,329100.0,3949.2,83653.7,920.19,190654.3,1715.89,84400.7,590.81,23908.4,1912.67,147443.5,1.0537,1.3405,1.0179,0.0,5013.35,21.8851,1400000
New Orleans,2025-04-06,277910.4,5002.39,58499.0,1988.96,347874.4,4174.49,113850.4,1252.35,208660.2,1877.94,82848.2,579.94,23590.3,1887.22,155741.6,1.1209,1.6323,0.9817,0.0,5129.85,21.1058,1400000
New Orleans,2025-04-13,217802.0,3920.44,69592.0,2366.13,328725.3,3944.7,99127.9,1090.41,221371.6,1992.34,114496.0,801.47,30329.1,2426.33,169827.0,1.1523,1.554,1.0141,0.0,5553.89,21.8038,1400000
New Orleans,2025-04-20,277105.1,4987.89,59738.5,2031.11,388128.1,4657.54,92956.9,1022.53,195029.3,1755.26,94467.7,661.27,22710.6,1816.85,163061.3,1.1436,1.5836,0.9818,0.0,5257.0,21.109,1400000
New Orleans,2025-04-27,238851.3,4299.32,55297.5,1880.11,322285.6,3867.43,106737.2,1174.11,175795.1,1582.16,108314.2,758.2,28969.9,2317.59,161968.6,1.096,1.7045,0.9806,0.0,5009.79,21.0837,1400000
New Orleans,2025-05-04,203758.1,3667.65,55090.6,1873.08,268422.6,3221.07,88828.3,977.11,154333.0,1389.0,106065.9,742.46,26239.9,2099.19,150780.1,1.016,1.6952,0.9609,1.0,5764.91,20.6591,1400000
New Orleans,2025-05-11,225500.1,4059.0,53819.4,1829.86,264067.2,3168.81,94239.8,1036.64,177338.4,1596.05,94426.0,660.98,19741.9,1579.35,126282.2,0.9139,1.2704,1.0103,0.0,4346.53,21.7218,1400000
New Orleans,2025-05-18,184740.6,3325.33,55995.2,1903.84,295356.3,3544.28,76235.4,838.59,179250.9,1613.26,97095.2,679.67,19149.2,1531.94,133302.7,0.8018,1.3138,0.9314,1.0,5004.54,20.0241,1400000
New Orleans,2025-05-25,174030.9,3132.56,50541.3,1718.41,225639.1,2707.67,89594.0,985.53,135192.1,1216.73,85753.3,600.27,23826.9,1906.15,122520.0,0.6911,1.0126,0.9921,0.0,4411.8,21.3298,1400000
New Orleans,2025-06-01,168272.3,3028.9,50987.8,1733.59,280098.2,3361.18,84403.8,928.44,167001.2,1503.01,107841.6,754.89,16059.5,1284.76,100658.5,0.5908,0.9273,0.9964,0.0,4258.72,21.4217,1400000
New Orleans,2025-06-08,187467.6,3374.42,36716.6,1248.37,251437.3,3017.25,59021.7,649.24,114745.6,1032.71,84721.8,593.05,17709.1,1416.73,92790.9,0.5066,1.1549,0.9949,0.0,3539.15,21.3906,1400000
New Orleans,2025-06-15,168188.4,3027.39,43039.7,1463.35,264437.2,3173.25,79013.2,869.15,129307.2,1163.76,103437.8,724.06,18673.1,1493.85,87699.6,0.4411,1.0486,1.0196,0.0,2984.75,21.9214,1400000
New Orleans,2025-06-22,142520.9,2565.38,41389.2,1407.23,256909.6,3082.92,76313.8,839.45,120900.7,1088.11,81054.5,567.38,15226.6,1218.13,83013.1,0.3944,0.8785,0.9834,0.0,3348.37,21.1421,1400000
New Orleans,2025-06-29,188501.3,3393.02,44256.0,1504.7,249671.7,2996.06,65087.3,715.96,116522.5,1048.7,84405.9,590.84,15364.9,1229.19,76610.2,0.3654,0.8967,1.0195,0.0,3121.96,21.9192,1400000
New Orleans,2025-07-06,193721.0,3486.98,39882.6,1356.01,232477.0,2789.72,58092.0,639.01,110759.0,996.83,101883.2,713.18,18674.8,1493.99,72839.6,0.3526,0.8583,1.0176,0.0,3054.18,21.8791,1400000
New Orleans,2025-07-13,182618.8,3287.14,34350.7,1167.92,187704.9,2252.46,71609.2,787.7,143102.1,1287.92,99407.3,695.85,15255.5,1220.44,82615.2,0.3554,0.8217,1.001,0.0,2945.8,21.5213,1400000
New Orleans,2025-07-20,156287.7,2813.18,36520.2,1241.69,241145.5,2893.75,55094.9,606.04,134317.1,1208.85,75724.1,530.07,17521.1,1401.69,75344.8,0.374,0.8192,0.991,0.0,3083.69,21.3056,1400000
New Orleans,2025-07-27,169605.7,3052.9,45751.0,1555.53,245399.9,2944.8,58441.1,642.85,115047.1,1035.42,106640.8,746.49,15820.6,1265.65,85584.8,0.4088,1.0334,0.9429,1.0,3435.31,20.2723,1400000
New Orleans,2025-08-03,190427.5,3427.69,34828.3,1184.16,224649.3,2695.79,59884.7,658.73,147015.7,1323.14,103723.6,726.07,19998.0,1599.84,87044.6,0.4599,0.9471,0.9803,0.0,3523.22,21.0775,1400000
New Orleans,2025-08-10,202772.4,3649.9,49244.6,1674.32,229697.2,2756.37,66152.3,727.68,162110.4,1458.99,107172.0,750.2,18391.8,1471.35,100478.4,0.5253,1.127,0.9534,1.0,3902.32,20.4988,1400000
New Orleans,2025-08-17,194568.9,3502.24,39202.6,1332.89,215974.4,2591.69,69354.9,762.9,142432.4,1281.89,83001.9,581.01,19219.4,1537.56,108506.2,0.6002,1.2301,0.9868,0.0,3817.1,21.217,1400000
New Orleans,2025-08-24,167517.2,3015.31,51043.7,1735.48,273635.2,3283.62,74379.5,818.17,162360.8,1461.25,87619.1,613.33,20454.4,1636.35,98650.9,0.6765,1.2984,0.9996,0.0,3925.39,21.4919,1400000
New Orleans,2025-08-31,187938.0,3382.88,48424.8,1646.44,312424.2,3749.09,72754.8,800.3,166118.7,1495.07,110264.3,771.85,19119.8,1529.59,109052.3,0.744,1.3704,0.9915,0.0,4173.19,21.3171,1400000
New Orleans,2025-09-07,193698.2,3486.57,47528.9,1615.98,267962.2,3215.55,78933.1,868.26,181333.5,1632.0,102167.9,715.18,20492.7,1639.41,119823.3,0.7919,1.3947,1.0194,0.0,4102.62,21.9177,1400000
New Orleans,2025-09-14,245714.5,4422.86,43555.3,1480.88,253542.1,3042.5,75444.7,829.89,189126.8,1702.14,100319.7,702.24,25721.4,2057.71,121254.1,0.8121,1.3197,1.009,0.0,4043.72,21.6938,1400000
New Orleans,2025-09-21,246022.7,4428.41,55043.3,1871.47,234951.7,2819.42,86724.2,953.97,156138.0,1405.24,85035.3,595.25,19462.6,1557.01,109966.0,0.8008,1.3165,0.9918,0.0,4192.14,21.3245,1400000
New Orleans,2025-09-28,227182.2,4089.28,50058.3,1701.98,226988.1,2723.86,92373.8,1016.11,141786.4,1276.08,84437.8,591.06,18433.5,1474.68,119475.1,0.76,1.2029,1.0071,0.0,4119.56,21.6516,1400000
New Orleans,2025-10-05,234628.0,4223.3,48647.4,1654.01,295923.7,3551.08,78169.2,859.86,171851.4,1546.66,111537.8,780.76,18615.4,1489.23,112771.2,0.697,1.2622,0.9919,0.0,3905.38,21.3268,1400000
New Orleans,2025-10-12,195894.8,3526.11,42892.4,1458.34,258788.9,3105.47,63078.4,693.86,140621.1,1265.59,97667.8,683.67,19167.3,1533.39,109708.6,0.6219,1.1859,0.9949,0.0,3754.16,21.3899,1400000
New Orleans,2025-10-19,178531.9,3213.57,40905.6,1390.79,221311.0,2655.73,78539.5,863.93,151152.0,1360.37,103987.3,727.91,19107.4,1528.59,91505.2,0.5451,1.1012,0.9834,0.0,3777.76,21.1437,1400000
New Orleans,2025-10-26,203811.1,3668.6,40865.0,1389.41,225101.6,2701.22,58543.6,643.98,132435.4,1191.92,85721.6,600.05,16420.6,1313.65,87070.1,0.4754,0.9367,0.9416,1.0,3704.57,20.244,1400000
New Orleans,2025-11-02,146451.8,2636.13,40705.7,1383.99,220814.9,2649.78,64066.6,704.73,151913.7,1367.22,79687.2,557.81,14893.4,1191.47,84670.4,0.4179,0.8626,0.9334,1.0,3416.67,20.0689,1400000
New Orleans,2025-11-09,162181.2,2919.26,38176.4,1298.0,189347.7,2272.17,65564.3,721.21,143943.7,1295.49,77032.0,539.22,14239.6,1139.17,81724.1,0.3744,0.9097,0.9967,0.0,3401.54,21.4301,1400000
New Orleans,2025-11-16,161248.5,2902.47,35726.4,1214.7,207734.2,2492.81,66856.5,735.42,123335.5,1110.02,80390.9,562.74,18349.6,1467.97,77605.5,0.3441,0.937,1.0189,0.0,2954.74,21.9057,1400000
New Orleans,2025-11-23,135744.8,2443.41,31029.9,1055.02,196676.9,2360.12,71700.4,788.7,102161.4,919.45,97675.5,683.73,18318.9,1465.51,78501.6,0.3246,0.7481,1.0017,0.0,3100.3,21.536,1400000
New Orleans,2025-11-30,175122.4,3152.2,31677.0,1077.02,241622.0,2899.46,63183.0,695.01,108970.4,980.73,103073.0,721.51,18565.1,1485.21,80017.5,0.3129,0.9002,1.0073,0.0,3096.36,21.6579,1400000
New Orleans,2025-12-07,135116.9,2432.1,32899.1,1118.57,176581.3,2118.98,52235.7,574.59,116555.1,1049.0,76778.5,537.45,16156.0,1292.48,71310.5,0.3063,0.9016,1.0154,0.0,2876.79,21.8307,1400000
New Orleans,2025-12-14,173137.5,3116.48,33202.2,1128.88,213703.7,2564.44,60426.0,664.69,133006.5,1197.06,102673.4,718.71,13223.3,1057.87,75605.9,0.3029,0.7501,0.9802,0.0,2846.4,21.0741,1400000
New Orleans,2025-12-21,158671.0,2856.08,36788.9,1250.82,227241.7,2726.9,60816.5,668.98,118595.9,1067.36,100191.1,701.34,17521.3,1401.7,68700.0,0.3013,0.7873,0.9667,1.0,3218.24,20.7833,1400000
Richmond,2023-01-01,173700.0,3126.6,29159.4,991.42,180198.3,2162.38,61907.0,680.98,124824.6,1123.42,97373.1,681.61,14923.2,1193.85,70035.1,0.3041,0.7358,0.9907,0.0,2558.53,21.299,1300000
Richmond,2023-01-08,146968.0,2645.42,34530.5,1174.04,156836.2,1882.03,62503.2,687.54,122758.0,1104.82,88389.6,618.73,12049.5,963.96,65710.0,0.3081,0.804,1.0057,0.0,2583.12,21.6223,1300000
Richmond,2023-01-15,153842.6,2769.17,37379.2,1270.89,149198.7,1790.38,54988.9,604.88,124521.2,1120.69,87152.6,610.07,13514.7,1081.17,75163.4,0.3153,0.8317,0.9876,0.0,2720.15,21.2325,1300000
Richmond,2023-01-22,136782.5,2462.08,39230.3,1333.83,173009.1,2076.11,60349.5,663.84,126091.8,1134.83,79701.7,557.91,15376.0,1230.08,69731.5,0.3276,0.8339,0.9898,0.0,3051.25,21.28,1300000
Richmond,2023-01-29,140410.5,2527.39,36709.0,1248.11,153018.1,1836.22,56246.0,618.71,101426.5,912.84,90550.1,633.85,16697.2,1335.78,79043.2,0.3476,0.9061,0.989,0.0,2796.51,21.264,1300000
Richmond,2023-02-05,162890.3,2932.03,30604.2,1040.54,163947.9,1967.37,78513.8,863.65,123998.6,1115.99,88974.7,622.82,16771.3,1341.71,78958.1,0.3781,0.993,1.0081,0.0,3166.27,21.6745,1300000
Richmond,2023-02-12,156024.0,2808.43,37873.3,1287.69,202543.1,2430.52,61905.6,680.96,112190.8,1009.72,72526.6,507.69,15815.7,1265.26,84080.4,0.4221,0.8364,0.9863,0.0,2906.43,21.2058,1300000
Richmond,2023-02-19,157166.5,2829.0,41424.8,1408.44,219448.0,2633.38,66205.6,728.26,140231.0,1262.08,94551.6,661.86,16533.0,1322.64,89621.9,0.4822,0.957,1.0084,0.0,3116.99,21.6817,1300000
Richmond,2023-02-26,176286.7,3173.16,39958.2,1358.58,238446.5,2861.36,79881.2,878.69,156286.9,1406.58,99711.1,697.98,15369.3,1229.54,96180.3,0.5591,1.1618,0.9317,1.0,3535.17,20.0306,1300000
Richmond,2023-03-05,185806.1,3344.51,48682.3,1655.2,236579.7,2838.96,69920.6,769.13,155555.9,1400.0,84616.7,592.32,16205.6,1296.45,111704.6,0.6512,0.9834,1.0018,0.0,3713.23,21.5379,1300000
Richmond,2023-03-12,180096.7,3241.74,51699.2,1757.77,254802.8,3057.63,81382.3,895.2,160141.9,1441.28,87043.4,609.3,17146.5,1371.72,115105.4,0.7538,1.241,1.0199,0.0,3990.69,21.9287,1300000
Richmond,2023-03-19,222282.3,4001.08,52614.7,1788.9,257752.4,3093.03,96155.5,1057.71,133267.9,1199.41,92236.9,645.66,19685.9,1574.87,112097.8,0.859,1.1655,0.9983,0.0,4143.96,21.4637,1300000
Richmond,2023-03-26,199255.4,3586.6,53113.5,1805.86,235546.7,2826.56,100860.6,1109.47,174516.0,1570.64,91462.6,640.24,21698.8,1735.9,124229.0,0.9564,1.3901,0.9916,0.0,4195.89,21.3184,1300000
Richmond,2023-04-02,274855.9,4947.41,56220.1,1911.48,262483.3,3149.8,116666.1,1283.33,183107.4,1647.97,78863.7,552.05,21191.0,1695.28,125286.1,1.0348,1.5415,0.9821,0.0,4576.6,21.1145,1300000
Richmond,2023-04-09,281370.2,5064.66,52962.3,1800.72,315092.0,3781.1,111176.3,1222.94,204996.7,1844.97,108127.2,756.89,20866.2,1669.29,122280.8,1.0841,1.5168,1.0102,0.0,4749.59,21.7203,1300000
Richmond,2023-04-16,233085.6,4195.54,54776.7,1862.41,283186.6,3398.24,121168.3,1332.85,181810.7,1636.3,81309.4,569.17,21417.4,1713.4,137284.0,1.0976,1.6686,0.9806,0.0,4803.4,21.083,1300000
Richmond,2023-04-23,220535.9,3969.65,48624.5,1653.23,317907.9,3814.89,116462.1,1281.08,205571.5,1850.14,105934.6,741.54,25412.1,2032.96,140727.4,1.0734,1.8025,1.005,0.0,4754.76,21.6079,1300000
Richmond,2023-04-30,270613.9,4871.05,53889.4,1832.24,275704.0,3308.45,111639.7,1228.04,195576.7,1760.19,107208.1,750.46,23223.5,1857.88,138977.2,1.015,1.4868,1.0037,0.0,4687.24,21.5801,1300000
Richmond,2023-05-07,237910.3,4282.39,47825.4,1626.06,246828.8,2961.95,90168.3,991.85,192745.7,1734.71,95036.6,665.26,23427.2,1874.17,113020.9,0.93,1.4076,0.9635,1.0,4853.95,20.7158,1300000
Richmond,2023-05-14,210062.8,3781.13,51551.9,1752.76,262747.9,3152.97,92446.8,1016.92,129534.1,1165.81,95695.6,669.87,16948.1,1355.85,114377.8,0.8293,1.1875,0.9632,1.0,4834.93,20.7089,1300000
Richmond,2023-05-21,225305.3,4055.5,50716.4,1724.36,251881.5,3022.58,89001.2,979.01,141442.2,1272.98,103767.8,726.37,15321.5,1225.72,117336.5,0.7239,1.2576,0.9824,0.0,4166.57,21.121,1300000
Richmond,2023-05-28,165880.3,2985.84,45164.7,1535.6,208509.4,2502.11,88665.4,975.32,133340.9,1200.07,85852.9,600.97,17853.8,1428.3,105043.4,0.6237,1.0999,1.0113,0.0,3721.22,21.7439,1300000
Richmond,2023-06-04,155946.1,2807.03,42815.0,1455.71,230957.3,2771.49,85948.4,945.43,139674.2,1257.07,79618.4,557.33,18275.1,1462.01,87124.2,0.536,1.1797,0.9974,0.0,3556.58,21.4446,1300000
Richmond,2023-06-11,197175.1,3549.15,37714.7,1282.3,209379.5,2512.55,78381.7,862.2,129892.8,1169.04,74617.0,522.32,12967.8,1037.42,83418.4,0.4647,0.9386,0.9678,1.0,3801.36,20.8082,1300000
Richmond,2023-06-18,144082.7,2593.49,32008.7,1088.29,213830.1,2565.96,69878.6,768.66,139884.2,1258.96,78550.3,549.85,13690.7,1095.26,80374.1,0.4111,0.828,1.0112,0.0,3156.48,21.7407,1300000
Richmond,2023-06-25,144019.7,2592.35,34425.3,1170.46,164128.2,1969.54,59897.6,658.87,127008.8,1143.08,98137.0,686.96,14593.1,1167.45,75906.3,0.3747,0.9804,0.9958,0.0,2757.81,21.4103,1300000
Richmond,2023-07-02,127494.5,2294.9,41877.3,1423.83,148134.2,1777.61,68850.7,757.36,107094.5,963.85,84830.4,593.81,14094.6,1127.57,72711.1,0.3542,0.7505,0.9987,0.0,2665.58,21.4729,1300000
Richmond,2023-07-09,161674.3,2910.14,34217.7,1163.4,172706.2,2072.47,61074.3,671.82,100280.7,902.53,83931.2,587.52,12897.1,1031.77,72434.1,0.3485,0.7881,0.9869,0.0,2797.22,21.2175,1300000
Richmond,2023-07-16,147151.6,2648.73,41919.9,1425.28,175035.4,2100.43,76210.5,838.32,133252.4,1199.27,96988.1,678.92,16335.5,1306.84,74281.1,0.3574,0.8839,0.9811,0.0,2857.5,21.0941,1300000
Richmond,2023-07-23,180399.6,3247.19,36834.7,1252.38,185016.5,2220.2,61724.1,678.97,115050.9,1035.46,76783.5,537.48,15978.1,1278.25,72576.6,0.3812,0.827,1.0183,0.0,2730.86,21.8941,1300000
Richmond,2023-07-30,172034.7,3096.62,33435.8,1136.82,170332.2,2043.99,57690.7,634.6,103669.2,933.02,93551.6,654.86,17312.0,1384.96,86621.8,0.4203,1.0202,1.0194,0.0,2968.33,21.9171,1300000
Richmond,2023-08-06,154780.9,2786.06,39890.0,1356.26,209404.9,2512.86,77365.9,851.03,118394.0,1065.55,98154.5,687.08,13506.1,1080.49,76142.5,0.4741,0.9624,0.995,0.0,2884.91,21.3935,1300000
Richmond,2023-08-13,169457.4,3050.23,33638.0,1143.69,235466.8,2825.6,73526.6,808.79,119887.6,1078.99,97136.1,679.95,13882.7,1110.62,82655.4,0.5398,1.036,0.9523,1.0,4119.16,20.4743,1300000
Richmond,2023-08-20,187875.6,3381.76,44798.0,1523.13,240631.7,2887.58,86842.9,955.27,160297.8,1442.68,91407.1,639.85,18318.8,1465.5,91672.5,0.6114,1.2201,1.0192,0.0,3389.06,21.9133,1300000
Richmond,2023-08-27,205284.9,3695.13,49665.9,1688.64,205917.2,2471.01,73223.2,805.46,161321.6,1451.89,74416.3,520.91,18909.0,1512.72,99321.8,0.6805,1.3238,1.0004,0.0,3323.77,21.5082,1300000
Richmond,2023-09-03,188498.0,3392.96,53874.2,1831.72,243012.3,2916.15,79788.3,877.67,140088.1,1260.79,87922.0,615.45,22066.5,1765.32,101266.1,0.7368,1.1619,0.9923,0.0,3632.81,21.3345,1300000
Richmond,2023-09-10,199931.1,3598.76,40447.5,1375.21,215600.6,2587.21,98638.3,1085.02,132325.9,1190.93,99699.3,697.89,17776.1,1422.09,107996.4,0.7712,1.4078,0.9861,0.0,3692.25,21.2009,1300000
Richmond,2023-09-17,179535.1,3231.63,44292.8,1505.95,192496.4,2309.96,81193.0,893.12,131459.3,1183.13,89898.8,629.29,18289.4,1463.16,103188.1,0.7776,1.4584,0.9343,1.0,4062.29,20.0876,1300000
Richmond,2023-09-24,165354.3,2976.38,51006.7,1734.23,187041.1,2244.49,71247.9,783.73,150515.2,1354.64,73116.1,511.81,16807.9,1344.63,100529.0,0.7547,1.3545,0.9825,0.0,3835.02,21.1245,1300000
Richmond,2023-10-01,184712.3,3324.82,42442.1,1443.03,221805.9,2661.67,74875.8,823.63,151036.1,1359.32,80209.0,561.46,17500.5,1400.04,93466.2,0.7067,1.1462,0.947,1.0,3966.03,20.3604,1300000
Richmond,2023-10-08,200523.9,3609.43,37154.6,1263.26,207137.8,2485.65,68302.5,751.33,118595.8,1067.36,91537.4,640.76,19076.0,1526.08,84960.3,0.6417,1.2652,0.9827,0.0,3421.94,21.1285,1300000
Richmond,2023-10-15,185000.4,3330.01,34791.1,1182.9,167972.0,2015.66,87702.6,964.73,145217.1,1306.95,90923.6,636.46,18708.6,1496.68,95483.3,0.5697,1.1505,0.9942,0.0,3465.89,21.3757,1300000
Richmond,2023-10-22,144929.9,2608.74,46704.3,1587.95,202585.9,2431.03,73544.6,808.99,124442.1,1119.98,84879.2,594.15,15741.2,1259.29,74642.2,0.5,1.0898,0.9657,1.0,3364.57,20.7629,1300000
Richmond,2023-10-29,139959.7,2519.28,39408.2,1339.88,205455.6,2465.47,79945.4,879.4,102523.9,922.72,78640.6,550.48,16714.3,1337.14,85174.2,0.4393,0.838,0.987,0.0,3135.1,21.2212,1300000
Richmond,2023-11-05,183671.4,3306.09,38903.8,1322.73,190138.7,2281.66,63143.5,694.58,115561.3,1040.05,81465.9,570.26,17503.4,1400.27,68496.8,0.3911,0.8453,1.0062,0.0,2655.93,21.6339,1300000
Richmond,2023-11-12,182759.7,3289.67,33234.7,1129.98,181937.0,2183.24,64049.6,704.55,135639.8,1220.76,77433.9,542.04,12256.6,980.53,68883.2,0.356,0.9607,0.9376,1.0,3043.88,20.1579,1300000
Richmond,2023-11-19,143140.3,2576.53,36627.3,1245.33,196970.3,2363.64,70900.3,779.9,99707.9,897.37,72849.6,509.95,13169.8,1053.58,65255.6,0.3324,0.8111,0.9958,0.0,2616.28,21.4095,1300000
Richmond,2023-11-26,155870.4,2805.67,36906.2,1254.81,163361.6,1960.34,64422.5,708.65,117624.3,1058.62,74466.5,521.27,13568.5,1085.48,69294.3,0.3176,0.8653,0.9998,0.0,2641.96,21.495,1300000
Richmond,2023-12-03,175701.9,3162.63,39818.1,1353.81,151307.5,1815.69,54248.7,596.74,107852.1,970.67,73928.0,517.5,12991.8,1039.34,63976.0,0.3089,0.8643,0.9927,0.0,2666.07,21.3435,1300000
Richmond,2023-12-10,164417.5,2959.52,36256.0,1232.7,162870.4,1954.44,74058.5,814.64,95208.8,856.88,80027.1,560.19,13969.5,1117.56,63274.1,0.3043,0.7262,0.9432,1.0,2822.88,20.2791,1300000
Richmond,2023-12-17,173326.8,3119.88,30366.7,1032.47,154957.9,1859.49,69731.9,767.05,122568.6,1103.12,90621.0,634.35,12412.4,992.99,61462.0,0.3019,0.7048,0.9632,1.0,3066.43,20.7097,1300000
Richmond,2023-12-24,167668.1,3018.03,34991.0,1189.69,160775.0,1929.3,69836.6,768.2,112478.8,1012.31,68408.3,478.86,12604.7,1008.38,70011.1,0.3008,0.7961,0.9877,0.0,2834.4,21.2356,1300000
Richmond,2023-12-31,143662.5,2585.92,32807.4,1115.45,141837.0,1702.04,72236.9,794.61,105555.4,950.0,81702.9,571.92,11853.3,948.26,76104.8,0.3003,0.7357,0.9888,0.0,2627.51,21.2596,1300000
Richmond,2024-01-07,133843.2,2409.18,32755.8,1113.7,189903.8,2278.85,63826.0,702.09,104306.9,938.76,74762.1,523.33,11965.9,957.27,71424.5,0.3073,0.7135,0.9841,0.0,2742.86,21.1579,1300000
Richmond,2024-01-14,142060.0,2557.08,32794.7,1115.02,186188.5,2234.26,68272.4,751.0,128286.4,1154.58,69839.3,488.87,13139.8,1051.18,64367.3,0.314,0.897,1.0091,0.0,2603.3,21.696,1300000
Richmond,2024-01-21,150984.6,2717.72,35898.9,1220.56,189401.7,2272.82,56835.1,625.19,127594.5,1148.35,76018.8,532.13,13392.8,1071.43,66143.8,0.3255,0.7867,0.9816,0.0,2739.33,21.1034,1300000
Richmond,2024-01-28,149372.5,2688.7,38919.5,1323.26,188867.1,2266.41,62322.7,685.55,110131.3,991.18,98101.4,686.71,15897.4,1271.8,70232.0,0.3441,0.7247,1.0145,0.0,2813.94,21.8114,1300000
Richmond,2024-02-04,129821.6,2336.79,32119.2,1092.05,187455.8,2249.47,73941.6,813.36,106157.7,955.42,75895.2,531.27,15433.5,1234.68,84221.9,0.3729,0.9462,1.0175,0.0,3126.25,21.8759,1300000
Richmond,2024-02-11,162269.6,2920.85,36224.3,1231.63,206557.3,2478.69,68061.8,748.68,113446.5,1021.02,88882.6,622.18,16208.9,1296.71,76152.3,0.4149,0.823,1.0199,0.0,3022.38,21.928,1300000
Richmond,2024-02-18,177043.8,3186.79,35505.9,1207.2,193047.5,2316.57,71405.0,785.45,132368.6,1191.32,83044.5,581.31,12996.9,1039.75,76978.0,0.4726,0.8487,0.9803,0.0,2930.56,21.0757,1300000
Richmond,2024-02-25,156294.6,2813.3,38830.5,1320.24,213408.0,2560.9,72481.1,797.29,119221.8,1073.0,85710.4,599.97,14577.9,1166.23,86569.4,0.5471,1.0496,0.9856,0.0,3528.81,21.1907,1300000
Richmond,2024-03-03,176835.1,3183.03,37835.9,1286.42,187707.9,2252.49,69038.8,759.43,120723.8,1086.51,99161.8,694.13,18199.8,1455.98,98462.3,0.6372,1.2713,0.9315,1.0,4104.65,20.027,1300000
Richmond,2024-03-10,200731.6,3613.17,44267.3,1505.09,215415.1,2584.98,83621.2,919.83,151055.1,1359.5,74647.9,522.54,18928.9,1514.31,113833.7,0.7388,1.0946,0.9848,0.0,3830.44,21.1728,1300000
Richmond,2024-03-17,177850.2,3201.3,44545.3,1514.54,248412.0,2980.94,79527.3,874.8,159551.0,1435.96,76291.8,534.04,17978.6,1438.29,121464.0,0.8442,1.1911,1.0065,0.0,4019.04,21.6394,1300000
Richmond,2024-03-24,252919.2,4552.54,47478.9,1614.28,291208.7,3494.5,85938.8,945.33,157249.4,1415.24,95286.9,667.01,24008.6,1920.69,117211.0,0.9434,1.6351,0.9921,0.0,4233.51,21.3311,1300000
Richmond,2024-03-31,271101.7,4879.83,53398.3,1815.54,279327.7,3351.93,99661.0,1096.27,178887.9,1609.99,81429.7,570.01,20419.7,1633.57,143163.7,1.0252,1.6855,0.9361,1.0,5363.57,20.1254,1300000
Richmond,2024-04-07,248865.7,4479.58,59366.3,2018.45,233502.1,2802.03,97495.8,1072.45,201907.0,1817.16,102001.5,714.01,22164.1,1773.13,127114.7,1.0791,1.3665,1.016,0.0,4945.48,21.8436,1300000
Richmond,2024-04-14,238061.1,4285.1,57679.1,1961.09,312301.6,3747.62,102838.5,1131.22,187696.0,1689.26,78876.5,552.14,21258.4,1700.67,142406.5,1.098,1.6528,1.0041,0.0,4669.43,21.588,1300000
Richmond,2024-04-21,199221.5,3585.99,52208.8,1775.1,226070.0,2712.84,106897.7,1175.87,207113.2,1864.02,106818.1,747.73,24712.1,1976.97,140056.1,1.0791,1.4979,0.9991,0.0,4763.97,21.48,1300000
Richmond,2024-04-28,218712.3,3936.82,50656.6,1722.32,287559.5,3450.71,99245.5,1091.7,199616.1,1796.54,80839.2,565.87,22208.3,1776.67,124263.9,1.0252,1.5072,1.0153,0.0,4667.89,21.8295,1300000
Richmond,2024-05-05,199605.3,3592.9,50737.4,1725.07,261509.5,3138.11,91002.3,1001.03,180851.1,1627.66,84599.6,592.2,22646.3,1811.71,124805.3,0.9434,1.4351,1.0095,0.0,4468.31,21.7034,1300000
Richmond,2024-05-12,198879.6,3579.83,47425.9,1612.48,220348.0,2644.18,87593.7,963.53,151116.9,1360.05,83189.9,582.33,22253.6,1780.28,104166.8,0.8442,1.5439,1.0144,0.0,3889.43,21.8091,1300000
Richmond,2024-05-19,195638.9,3521.5,44153.4,1501.22,212504.5,2550.05,78954.3,868.5,146778.1,1321.0,74747.1,523.23,21146.5,1691.72,104073.2,0.7388,1.25,1.0014,0.0,4234.23,21.5306,1300000
Richmond,2024-05-26,169579.4,3052.43,48643.2,1653.87,202833.9,2434.01,74785.2,822.64,129813.0,1168.32,75988.8,531.92,20592.6,1647.4,94716.8,0.6374,1.1084,0.9411,1.0,4214.86,20.2341,1300000
Richmond,2024-06-02,190694.8,3432.51,36806.3,1251.42,186586.8,2239.04,89270.6,981.98,116301.8,1046.72,94758.4,663.31,13782.8,1102.62,94994.3,0.5476,0.977,1.0167,0.0,3441.0,21.8584,1300000
Richmond,2024-06-09,176607.1,3178.93,39237.3,1334.07,199667.5,2396.01,64160.5,705.77,144566.7,1301.1,99450.2,696.15,16626.6,1330.13,96434.5,0.4738,0.9844,0.997,0.0,3518.67,21.4362,1300000
Richmond,2024-06-16,159766.7,2875.8,38284.7,1301.68,182423.4,2189.08,64780.8,712.59,120332.2,1082.99,89827.0,628.79,15982.1,1278.56,89632.0,0.4176,0.8914,1.0019,0.0,3323.03,21.5409,1300000
Richmond,2024-06-23,178149.4,3206.69,42686.5,1451.34,175667.4,2108.01,61764.9,679.41,100373.4,903.36,88265.1,617.86,14444.5,1155.56,73660.1,0.3788,0.8554,0.9904,0.0,3110.02,21.2927,1300000
Richmond,2024-06-30,177957.1,3203.23,39707.7,1350.06,185187.2,2222.25,67907.3,746.98,116426.0,1047.83,91185.5,638.3,15025.2,1202.01,79453.4,0.3562,0.8437,0.935,1.0,3328.47,20.1032,1300000
Richmond,2024-07-07,130168.7,2343.04,30018.8,1020.64,147537.6,1770.45,61322.4,674.55,96802.9,871.23,73413.6,513.89,16517.7,1321.41,76467.8,0.3484,0.9065,1.0185,0.0,2716.89,21.8968,1300000
Richmond,2024-07-14,181311.4,3263.6,40246.1,1368.37,150960.8,1811.53,57526.2,632.79,101805.1,916.25,86268.3,603.88,13472.7,1077.82,71133.6,0.3552,0.8754,0.9834,0.0,2928.95,21.1422,1300000
Richmond,2024-07-21,150509.8,2709.18,33260.9,1130.87,191102.7,2293.23,77686.2,854.55,101943.9,917.5,87400.9,611.81,15594.5,1247.56,83939.8,0.3769,0.9024,0.9843,0.0,3163.04,21.1635,1300000
Richmond,2024-07-28,184121.8,3314.19,34923.4,1187.4,209787.5,2517.45,77545.4,853.0,103630.5,932.67,91581.0,641.07,14864.5,1189.16,82174.3,0.4138,0.9543,0.9806,0.0,2958.34,21.0835,1300000
Richmond,2024-08-04,164567.4,2962.21,39118.9,1330.04,202114.1,2425.37,71631.6,787.95,141360.8,1272.25,93626.9,655.39,13086.4,1046.91,92360.0,0.4656,1.0075,0.9806,0.0,3071.79,21.0835,1300000
Richmond,2024-08-11,190246.3,3424.43,47662.5,1620.53,216297.1,2595.57,81808.4,899.89,145604.6,1310.44,75223.8,526.57,15430.4,1234.43,90869.2,0.5299,0.9728,0.937,1.0,3762.5,20.1445,1300000
Richmond,2024-08-18,161836.5,2913.06,38443.3,1307.07,184942.9,2219.31,84060.1,924.66,155894.7,1403.05,94674.6,662.72,19861.8,1588.94,95269.2,0.6011,0.9669,0.999,0.0,3576.46,21.4775,1300000
Richmond,2024-08-25,208070.9,3745.28,47155.4,1603.28,198166.4,2378.0,73007.9,803.09,140280.6,1262.53,85650.6,599.55,17720.8,1417.67,97292.2,0.6711,1.1787,0.9635,1.0,4262.83,20.7158,1300000
Richmond,2024-09-01,164584.7,2962.52,38183.6,1298.24,212854.6,2554.26,83165.8,914.82,124601.1,1121.41,98098.6,686.69,21832.5,1746.6,93917.1,0.7299,1.0936,0.9856,0.0,3845.92,21.1909,1300000
Richmond,2024-09-08,205381.8,3696.87,39130.2,1330.43,230976.7,2771.72,99479.9,1094.28,140782.3,1267.04,82282.0,575.97,20307.5,1624.6,106755.9,0.768,1.1408,0.9902,0.0,4120.52,21.2892,1300000
Richmond,2024-09-15,233920.8,4210.57,55709.8,1894.13,191007.3,2292.09,88721.0,975.93,174971.9,1574.75,82219.2,575.53,21922.8,1753.82,107732.1,0.7785,1.3621,0.9834,0.0,3824.9,21.1428,1300000
Richmond,2024-09-22,228913.5,4120.44,52921.6,1799.34,221176.6,2654.12,100313.5,1103.45,174089.4,1566.8,76670.1,536.69,20660.6,1652.85,102225.4,0.7597,1.2671,0.9843,0.0,3679.52,21.1621,1300000
Richmond,2024-09-29,199943.4,3598.98,46850.3,1592.91,230382.0,2764.58,88496.1,973.46,130057.6,1170.52,88566.0,619.96,16282.1,1302.57,97592.0,0.7148,1.1294,0.9375,1.0,4466.52,20.1556,1300000
Richmond,2024-10-06,213107.6,3835.94,44940.3,1527.97,204113.6,2449.36,84330.6,927.64,142670.6,1284.03,93481.1,654.37,19327.7,1546.22,96216.9,0.6516,1.1666,1.0196,0.0,3666.16,21.9219,1300000
Richmond,2024-10-13,188607.5,3394.93,40832.6,1388.31,181042.7,2172.51,64028.1,704.31,149860.2,1348.74,76812.8,537.69,15541.9,1243.35,92228.4,0.58,1.0791,1.0011,0.0,3581.1,21.524,1300000
Richmond,2024-10-20,197169.3,3549.05,33257.4,1130.75,201257.7,2415.09,61116.6,672.28,149799.6,1348.2,97232.9,680.63,14033.4,1122.68,91811.6,0.5095,1.054,0.9944,0.0,3177.84,21.3796,1300000
Richmond,2024-10-27,179788.6,3236.2,43531.6,1480.07,197264.0,2367.17,77362.7,850.99,109521.3,985.69,78975.2,552.83,16615.1,1329.21,79250.6,0.4472,0.8474,0.9968,0.0,3227.42,21.4303,1300000
Richmond,2024-11-03,175677.8,3162.2,33521.9,1139.74,201074.6,2412.9,72217.6,794.39,141355.5,1272.2,92577.7,648.04,12920.9,1033.67,76652.5,0.3972,0.9263,0.9912,0.0,2804.0,21.311,1300000
Richmond,2024-11-10,153745.5,2767.42,33503.0,1139.1,150396.4,1804.76,65573.5,721.31,124227.4,1118.05,85368.2,597.58,14383.1,1150.64,66509.7,0.3603,0.934,0.9838,0.0,2700.04,21.1513,1300000
Richmond,2024-11-17,160862.2,2895.52,35499.2,1206.97,183397.6,2200.77,55654.0,612.19,121520.3,1093.68,79642.0,557.49,15504.3,1240.34,79317.0,0.3351,0.7409,0.9834,0.0,3099.83,21.1431,1300000
Richmond,2024-11-24,147636.6,2657.46,39472.8,1342.07,153982.4,1847.79,56265.6,618.92,97264.4,875.38,87937.9,615.57,14356.1,1148.49,62913.2,0.3192,0.7612,1.0135,0.0,2575.38,21.791,1300000
Richmond,2024-12-01,161226.7,2902.08,34562.4,1175.12,179375.7,2152.51,53034.8,583.38,123406.6,1110.66,94794.2,663.56,15306.8,1224.55,63813.6,0.3099,0.8728,1.0019,0.0,2403.94,21.5409,1300000
Richmond,2024-12-08,164951.9,2969.13,33605.1,1142.57,195117.7,2341.41,55338.7,608.73,109926.4,989.34,75616.1,529.31,13358.7,1068.69,73462.9,0.3048,0.8358,1.0156,0.0,2664.04,21.8348,1300000
Richmond,2024-12-15,167557.8,3016.04,39194.9,1332.63,175136.1,2101.63,55574.2,611.32,130402.2,1173.62,84545.9,591.82,15000.2,1200.02,69007.3,0.3022,0.7478,0.9893,0.0,2667.4,21.2691,1300000
Richmond,2024-12-22,164702.5,2964.64,33043.3,1123.47,182924.2,2195.09,52615.5,578.77,110576.2,995.19,75142.1,525.99,14420.4,1153.64,71117.3,0.3009,0.9007,0.9903,0.0,2543.95,21.2919,1300000
Richmond,2024-12-29,139118.9,2504.14,33500.0,1139.0,198269.2,2379.23,66602.4,732.63,113130.0,1018.17,70750.1,495.25,11507.9,920.63,70703.6,0.3004,0.7044,1.0013,0.0,2718.85,21.5286,1300000
Richmond,2025-01-05,134521.9,2421.39,34722.6,1180.57,157705.6,1892.47,70594.1,776.54,99545.3,895.91,91157.6,638.1,12888.0,1031.04,67838.4,0.306,0.867,1.0098,0.0,2710.02,21.7116,1300000
Richmond,2025-01-12,176717.9,3180.92,34691.6,1179.52,171686.0,2060.23,54348.3,597.83,119009.3,1071.08,97691.6,683.84,15313.6,1225.09,66726.2,0.3117,0.6999,0.9876,0.0,2406.54,21.2325,1300000
Richmond,2025-01-19,168250.6,3028.51,37388.8,1271.22,187576.2,2250.91,53509.6,588.61,95933.2,863.4,97300.8,681.11,13778.8,1102.31,64899.0,0.3216,0.7147,0.9872,0.0,2487.43,21.225,1300000
Richmond,2025-01-26,153817.2,2768.71,37643.9,1279.89,143653.9,1723.85,57861.3,636.47,105540.0,949.86,87570.1,612.99,14464.3,1157.14,76665.3,0.3379,0.7925,0.9855,0.0,2831.59,21.1889,1300000
Richmond,2025-02-02,128657.5,2315.84,39161.2,1331.48,183102.7,2197.23,69118.4,760.3,118524.8,1066.72,94725.1,663.08,12651.5,1012.12,71158.8,0.3635,0.7455,0.941,1.0,3366.09,20.2322,1300000
Richmond,2025-02-09,140562.2,2530.12,41760.4,1419.85,198731.5,2384.78,61218.3,673.4,109566.7,986.1,98506.8,689.55,15965.0,1277.2,87020.1,0.4014,0.7761,1.0169,0.0,3209.81,21.8635,1300000
Richmond,2025-02-16,172784.1,3110.11,34483.6,1172.44,158926.8,1907.12,78315.1,861.47,104676.3,942.09,70157.3,491.1,17695.7,1415.65,81288.8,0.4544,0.8918,0.9938,0.0,3005.77,21.3659,1300000
Richmond,2025-02-23,169754.6,3055.58,44021.2,1496.72,216164.5,2593.97,85092.0,936.01,136738.1,1230.64,82636.7,578.46,17519.8,1401.58,87206.1,0.5241,1.1491,0.9967,0.0,3166.38,21.4287,1300000
Richmond,2025-03-02,198373.5,3570.72,50333.5,1711.34,205952.0,2471.42,72097.0,793.07,131668.5,1185.02,100485.6,703.4,19567.0,1565.36,103067.5,0.6101,1.0885,1.0153,0.0,3942.51,21.8289,1300000
Richmond,2025-03-09,201785.5,3632.14,46677.0,1587.02,209982.6,2519.79,97921.6,1077.14,149803.6,1348.23,97890.4,685.23,19868.4,1589.47,108599.7,0.709,1.0936,0.983,0.0,3714.13,21.1347,1300000
Richmond,2025-03-16,200379.1,3606.82,44677.0,1519.02,266637.7,3199.65,98500.8,1083.51,140469.0,1264.22,78207.9,547.46,20501.6,1640.13,117160.8,0.8142,1.2425,1.0065,0.0,4341.91,21.6398,1300000
Richmond,2025-03-23,209662.7,3773.93,52353.8,1780.03,213006.1,2556.07,102446.9,1126.92,162319.5,1460.88,98251.0,687.76,17894.9,1431.59,111177.9,0.9163,1.2905,0.9811,0.0,4280.59,21.0947,1300000
Richmond,2025-03-30,243474.2,4382.53,54021.1,1836.72,305073.3,3660.88,104646.3,1151.11,143852.0,1294.67,79549.5,556.85,24620.6,1969.65,122757.9,1.0042,1.2928,0.9824,0.0,4660.96,21.1215,1300000
Richmond,2025-04-06,254829.3,4586.93,46731.7,1588.88,253152.6,3037.83,88427.2,972.7,204313.6,1838.82,106264.8,743.85,25315.2,2025.22,125052.8,1.0671,1.781,0.9908,0.0,4608.53,21.303,1300000
Richmond,2025-04-13,247597.9,4456.76,60555.6,2058.89,298482.7,3581.79,95601.6,1051.62,175333.4,1578.0,79127.2,553.89,21155.7,1692.46,143558.6,1.0964,1.6251,1.016,0.0,4548.66,21.844,1300000
Richmond,2025-04-20,260737.6,4693.28,48559.3,1651.02,310833.3,3730.0,110624.9,1216.87,202952.1,1826.57,105123.2,735.86,19868.0,1589.44,137956.8,1.0883,1.7281,1.0087,0.0,4870.34,21.6872,1300000
Richmond,2025-04-27,263433.4,4741.8,59265.0,2015.01,261194.8,3134.34,103674.5,1140.42,145497.1,1309.47,103121.7,721.85,18854.4,1508.35,134706.3,1.0438,1.7509,0.9914,0.0,4143.57,21.3143,1300000
Richmond,2025-05-04,265833.5,4785.0,49984.5,1699.47,294673.6,3536.08,89452.0,983.97,185228.3,1667.05,79478.7,556.35,23313.0,1865.04,124779.4,0.969,1.2883,0.9633,1.0,5134.79,20.7107,1300000
Richmond,2025-05-11,180519.0,3249.34,45871.5,1559.63,231881.4,2782.58,77800.8,855.81,137080.7,1233.73,88583.0,620.08,22128.9,1770.31,113505.6,0.8737,1.3859,0.9977,0.0,4078.17,21.4511,1300000
Richmond,2025-05-18,181544.8,3267.81,39023.1,1326.79,208655.8,2503.87,85653.3,942.19,129191.6,1162.72,89167.9,624.18,20971.9,1677.76,96817.7,0.7689,1.3529,0.9679,1.0,4476.8,20.8092,1300000
Richmond,2025-05-25,159207.0,2865.73,43245.7,1470.35,192667.7,2312.01,73253.1,805.78,152149.4,1369.34,76233.3,533.63,14893.4,1191.47,98428.2,0.6655,1.0819,1.0196,0.0,3907.63,21.9216,1300000
Richmond,2025-06-01,160376.7,2886.78,36892.1,1254.33,169169.5,2030.03,85610.0,941.71,111330.7,1001.98,95986.0,671.9,16494.5,1319.56,98432.0,0.5717,1.126,1.0107,0.0,3669.24,21.7291,1300000
Richmond,2025-06-08,189818.1,3416.73,36131.9,1228.49,192759.2,2313.11,85816.9,943.99,107939.8,971.46,74930.4,524.51,14097.3,1127.78,78727.1,0.4931,1.0779,1.0058,0.0,3166.18,21.6244,1300000
Richmond,2025-06-15,165538.4,2979.69,33116.4,1125.96,167167.4,2006.01,69586.6,765.45,122944.6,1106.5,85701.7,599.91,16289.4,1303.15,84683.9,0.4319,0.8567,0.998,0.0,3193.66,21.4561,1300000
Richmond,2025-06-22,162330.1,2921.94,37925.5,1289.47,159185.4,1910.22,64939.2,714.33,134150.9,1207.36,98360.4,688.52,12917.7,1033.41,85433.9,0.3882,0.9193,1.0171,0.0,3141.63,21.8673,1300000
Richmond,2025-06-29,165772.9,2983.91,33250.1,1130.5,191672.1,2300.07,65920.7,725.13,98018.9,882.17,90106.4,630.74,15720.8,1257.66,72521.9,0.3611,0.7808,0.9952,0.0,2811.9,21.3972,1300000
Richmond,2025-07-06,166720.3,3000.97,32716.9,1112.38,144019.0,1728.23,69181.4,761.0,109814.7,988.33,84408.9,590.86,16938.3,1355.06,87216.6,0.3492,0.8231,1.0075,0.0,2696.34,21.6619,1300000
Richmond,2025-07-13,178631.1,3215.36,29427.2,1000.52,181228.3,2174.74,55244.0,607.68,111855.7,1006.7,72213.4,505.49,14187.6,1135.01,85772.0,0.3518,0.7353,0.9842,0.0,2961.77,21.1613,1300000
Richmond,2025-07-20,152815.9,2750.69,40165.8,1365.64,200265.7,2403.19,67254.9,739.8,130088.3,1170.79,97103.7,679.73,16702.1,1336.17,74221.2,0.3692,0.963,0.9969,0.0,3227.82,21.4338,1300000
Richmond,2025-07-27,148636.0,2675.45,32781.7,1114.58,199049.3,2388.59,80441.9,884.86,100597.5,905.38,80559.5,563.92,14040.2,1123.21,79216.5,0.4017,0.8389,0.9908,0.0,3070.31,21.302,1300000
Richmond,2025-08-03,155208.4,2793.75,42184.1,1434.26,212611.4,2551.34,70094.1,771.04,121014.1,1089.13,78102.8,546.72,17706.9,1416.55,87975.2,0.4494,1.0802,0.9533,1.0,3548.32,20.4949,1300000
Richmond,2025-08-10,144157.6,2594.84,38230.8,1299.85,212812.8,2553.75,73198.6,805.18,120391.4,1083.52,71657.4,501.6,16233.8,1298.7,87347.1,0.5105,1.1412,0.988,0.0,3203.84,21.243,1300000
Richmond,2025-08-17,186144.6,3350.6,42238.9,1436.12,200810.6,2409.73,71910.0,791.01,158268.6,1424.42,83363.5,583.54,17096.7,1367.74,97018.7,0.5805,1.0693,0.9434,1.0,3855.4,20.2828,1300000
Richmond,2025-08-24,211822.0,3812.8,39488.1,1342.59,210263.1,2523.16,93502.8,1028.53,116972.3,1052.75,81174.9,568.22,16329.3,1306.34,99371.7,0.6518,1.2953,0.9936,0.0,3554.37,21.363,1300000
Richmond,2025-08-31,216586.0,3898.55,51957.5,1766.56,202148.5,2425.78,98427.1,1082.7,152807.8,1375.27,94231.8,659.62,20001.1,1600.09,96936.7,0.7149,1.0347,1.0118,0.0,3454.74,21.753,1300000
Richmond,2025-09-07,171214.8,3081.87,53501.3,1819.05,191030.0,2292.36,78411.2,862.52,167787.2,1510.08,89457.2,626.2,21085.1,1686.81,113601.1,0.7597,1.4378,0.9911,0.0,4052.33,21.3095,1300000
Richmond,2025-09-14,220033.1,3960.59,42909.5,1458.92,228584.4,2743.01,86642.0,953.06,168077.6,1512.7,87204.0,610.43,18266.0,1461.28,110944.1,0.7785,1.3146,1.0054,0.0,3864.78,21.6167,1300000
Richmond,2025-09-21,206233.9,3712.21,39474.7,1342.14,236352.5,2836.23,93128.1,1024.41,155846.7,1402.62,92413.3,646.89,18747.7,1499.82,112496.2,0.7679,1.4308,1.0197,0.0,3870.47,21.9237,1300000
Richmond,2025-09-28,199802.6,3596.45,48404.4,1645.75,243679.1,2924.15,84916.2,934.08,147405.9,1326.65,84797.7,593.58,16549.2,1323.93,107391.0,0.7299,1.2118,0.9965,0.0,3635.42,21.424,1300000
Richmond,2025-10-05,207897.0,3742.15,50554.1,1718.84,218156.1,2617.87,68234.2,750.58,168275.5,1514.48,85907.5,601.35,20083.6,1606.69,89603.3,0.671,1.0151,0.989,0.0,3521.34,21.264,1300000
Richmond,2025-10-12,180562.5,3250.12,34919.4,1187.26,233393.9,2800.73,88312.7,971.44,153517.2,1381.66,98785.2,691.5,15578.8,1246.3,94900.7,0.6008,1.0118,0.9834,0.0,3331.35,21.1436,1300000
Richmond,2025-10-19,204428.9,3679.72,47375.1,1610.75,164434.1,1973.21,78617.1,864.79,146537.8,1318.84,100445.6,703.12,16091.0,1287.28,79852.6,0.5291,1.0972,0.9805,0.0,3464.44,21.0814,1300000
Richmond,2025-10-26,177053.8,3186.97,35332.5,1201.31,189133.9,2269.61,69387.9,763.27,108793.8,979.14,82353.8,576.48,17945.5,1435.64,84538.5,0.4639,0.8621,0.984,0.0,3160.97,21.1551,1300000
Richmond,2025-11-02,173110.2,3115.98,35654.1,1212.24,168613.0,2023.36,61900.7,680.91,123800.3,1114.2,71471.8,500.3,17643.3,1411.47,80901.7,0.4102,0.9731,0.9938,0.0,3314.5,21.3666,1300000
Richmond,2025-11-09,147347.6,2652.26,30179.8,1026.11,182854.4,2194.25,61868.6,680.55,101697.2,915.27,77369.5,541.59,16162.3,1292.98,71924.8,0.3696,0.8474,1.0012,0.0,2783.03,21.5251,1300000
Richmond,2025-11-16,172643.6,3107.58,33342.1,1133.63,193078.6,2316.94,65269.9,717.97,117399.3,1056.59,95721.9,670.05,12825.7,1026.05,76563.0,0.3413,0.9306,1.0186,0.0,2917.45,21.8997,1300000
Richmond,2025-11-23,161697.6,2910.56,37824.5,1286.03,148529.2,1782.35,75278.5,828.06,98644.8,887.8,79015.6,553.11,13795.3,1103.62,68217.7,0.323,0.716,1.0069,0.0,2573.72,21.6492,1300000
Richmond,2025-11-30,144254.5,2596.58,34719.3,1180.46,173115.9,2077.39,54025.7,594.28,110905.6,998.15,83367.9,583.58,16297.5,1303.8,74426.9,0.312,0.7505,1.0032,0.0,2683.58,21.5692,1300000
Richmond,2025-12-07,152534.3,2745.62,29728.5,1010.77,164670.5,1976.05,73299.1,806.29,101608.1,914.47,74138.9,518.97,11614.6,929.17,75436.7,0.3059,0.7045,1.0187,0.0,2748.94,21.9015,1300000
Richmond,2025-12-14,148022.0,2664.4,28636.2,973.63,176696.9,2120.36,71360.3,784.96,108621.4,977.59,80294.6,562.06,13513.4,1081.07,75225.9,0.3027,0.8604,0.998,0.0,2996.98,21.457,1300000
Richmond,2025-12-21,148765.0,2677.77,29510.3,1003.35,187805.2,2253.66,67212.0,739.33,106363.9,957.27,72112.9,504.79,12696.2,1015.69,77491.0,0.3012,0.7772,0.9886,0.0,2670.38,21.2556,1300000
Tulsa,2023-01-01,112690.0,2028.42,24777.6,842.44,129083.2,1549.0,46161.5,507.78,78459.0,706.13,58842.1,411.89,12593.9,1007.51,50793.0,0.3043,0.8271,1.005,0.0,1917.04,21.6081,1000000
Tulsa,2023-01-08,107739.9,1939.32,23704.1,805.94,178557.1,2142.69,46147.4,507.62,89854.6,808.69,54039.9,378.28,11469.0,917.52,57597.0,0.3085,0.822,1.0035,0.0,2133.63,21.5759,1000000
Tulsa,2023-01-15,120440.7,2167.93,29500.1,1003.0,164110.1,1969.32,48698.3,535.68,93041.6,837.37,62816.0,439.71,11412.9,913.03,48068.4,0.3161,0.7484,0.9938,0.0,1978.62,21.3673,1000000
Tulsa,2023-01-22,125516.2,2259.29,22408.1,761.88,171742.0,2060.9,39353.8,432.89,72377.5,651.4,60627.4,424.39,10705.1,856.41,51480.4,0.3291,0.9191,1.0062,0.0,2152.08,21.6338,1000000
Tulsa,2023-01-29,136516.9,2457.3,32055.6,1089.89,174893.1,2098.72,47824.9,526.07,73931.0,665.38,62809.4,439.67,10936.5,874.92,60254.5,0.3501,0.9321,0.9804,0.0,2122.09,21.079,1000000
Tulsa,2023-02-05,123433.4,2221.8,32064.0,1090.18,138266.8,1659.2,50660.1,557.26,81110.9,730.0,61466.6,430.27,11012.2,880.98,60798.5,0.3822,0.7609,1.0005,0.0,2328.8,21.5113,1000000
Tulsa,2023-02-12,119300.8,2147.41,33453.9,1137.43,171286.0,2055.43,49243.6,541.68,89206.8,802.86,75022.8,525.16,11699.1,935.92,65902.6,0.4286,0.8297,0.9949,0.0,2558.97,21.3903,1000000
Tulsa,2023-02-19,149442.4,2689.96,25765.0,876.01,182244.9,2186.94,54995.5,604.95,100586.1,905.28,64766.0,453.36,12029.2,962.33,63292.5,0.4918,0.9385,0.9369,1.0,3072.14,20.144,1000000
Tulsa,2023-02-26,117948.7,2123.08,31414.6,1068.1,220651.6,2647.82,57345.0,630.8,87364.0,786.28,68532.6,479.73,12066.7,965.34,80590.2,0.5727,1.1746,0.9432,1.0,3181.33,20.2789,1000000
Tulsa,2023-03-05,146799.1,2642.38,30352.0,1031.97,199083.0,2389.0,60906.6,669.97,115531.8,1039.79,63885.9,447.2,12336.9,986.95,81527.2,0.6697,1.176,0.9926,0.0,2867.13,21.3413,1000000
Tulsa,2023-03-12,166921.3,3004.58,35122.1,1194.15,220776.5,2649.32,61795.0,679.75,105935.1,953.42,68732.7,481.13,16178.5,1294.28,80093.4,0.7777,1.4514,0.939,1.0,3594.25,20.1881,1000000
Tulsa,2023-03-19,171234.8,3082.23,41136.2,1398.63,263251.0,3159.01,62182.3,684.01,138108.5,1242.98,72105.6,504.74,16023.4,1281.87,86691.5,0.8884,1.2543,0.9901,0.0,3215.91,21.2871,1000000
Tulsa,2023-03-26,144075.7,2593.36,38530.0,1310.02,223398.1,2680.78,64251.9,706.77,130183.7,1171.65,78352.9,548.47,17737.1,1418.97,110921.8,0.991,1.3661,0.984,0.0,3627.95,21.1563,1000000
Tulsa,2023-04-02,182335.5,3282.04,46597.2,1584.3,217338.4,2608.06,68429.8,752.73,148858.5,1339.73,61385.7,429.7,17114.5,1369.16,97915.2,1.0735,1.5754,0.9525,1.0,4140.69,20.4779,1000000
Tulsa,2023-04-09,212891.6,3832.05,37724.0,1282.62,246533.4,2958.4,66089.4,726.98,154154.7,1387.39,78210.4,547.47,19091.0,1527.28,100370.7,1.1254,1.745,1.0011,0.0,3565.54,21.5238,1000000
Tulsa,2023-04-16,197310.6,3551.59,42802.6,1455.29,267916.7,3215.0,70862.1,779.48,149041.8,1341.38,67931.7,475.52,15207.2,1216.58,107694.7,1.1396,1.4545,0.9826,0.0,4056.17,21.1252,1000000
Tulsa,2023-04-23,213341.5,3840.15,36113.7,1227.87,283640.6,3403.69,61900.5,680.91,120450.5,1084.05,80729.7,565.11,15793.5,1263.48,113848.0,1.1142,1.7947,1.0075,0.0,4098.62,21.6605,1000000
Tulsa,2023-04-30,148504.5,2673.08,39393.9,1339.39,282801.9,3393.62,66441.6,730.86,137088.8,1233.8,60861.1,426.03,14941.0,1195.28,93038.9,1.0526,1.4871,1.0,0.0,3527.98,21.4998,1000000
Tulsa,2023-05-07,200205.7,3603.7,35301.0,1200.23,235340.6,2824.09,67494.2,742.44,112630.0,1013.67,66307.5,464.15,18314.8,1465.19,95684.6,0.9632,1.3252,0.9396,1.0,4225.83,20.2007,1000000
Tulsa,2023-05-14,179597.8,3232.76,32265.6,1097.03,207971.0,2495.65,56047.4,616.52,114189.4,1027.7,58560.0,409.92,16350.2,1308.01,81278.8,0.8571,1.5003,1.017,0.0,3355.97,21.8651,1000000
Tulsa,2023-05-21,127829.7,2300.93,33412.0,1136.01,182021.4,2184.26,54045.0,594.5,97964.7,881.68,75308.7,527.16,16325.6,1306.05,81636.8,0.7462,1.1955,0.9857,0.0,3024.45,21.1924,1000000
Tulsa,2023-05-28,149748.7,2695.48,35800.0,1217.2,184706.6,2216.48,56644.2,623.09,104818.0,943.36,61269.5,428.89,16163.6,1293.09,67376.8,0.6408,1.163,0.9991,0.0,2710.98,21.4805,1000000
Tulsa,2023-06-04,111763.2,2011.74,34005.5,1156.19,213339.9,2560.08,57077.8,627.86,112591.2,1013.32,66603.7,466.23,11179.4,894.35,67280.5,0.5484,1.1799,0.9952,0.0,2460.86,21.3958,1000000
Tulsa,2023-06-11,150567.2,2710.21,27240.9,926.19,203027.9,2436.34,48764.5,536.41,93264.5,839.38,70894.2,496.26,11714.3,937.15,61290.6,0.4733,1.0155,0.9884,0.0,2316.99,21.2498,1000000
Tulsa,2023-06-18,114622.9,2063.21,24172.0,821.85,179903.6,2158.84,49407.6,543.48,99545.6,895.91,64276.8,449.94,13523.6,1081.88,63135.0,0.4169,0.8367,0.9966,0.0,2417.79,21.426,1000000
Tulsa,2023-06-25,140208.2,2523.75,29234.5,993.97,140180.9,1682.17,40415.9,444.58,91607.0,824.46,71716.7,502.02,12251.4,980.12,64199.3,0.3786,0.7768,0.9894,0.0,2319.21,21.2728,1000000
Tulsa,2023-07-02,109061.1,1963.1,24772.8,842.27,157855.5,1894.27,44077.1,484.85,100557.4,905.02,57738.3,404.17,10258.4,820.67,53367.4,0.357,0.9493,1.0172,0.0,2261.88,21.8693,1000000
Tulsa,2023-07-09,103474.3,1862.54,23353.9,794.03,138652.1,1663.83,45825.0,504.07,104253.1,938.28,58859.6,412.02,12441.6,995.33,56757.8,0.3511,0.8054,0.9677,1.0,2552.07,20.8065,1000000
Tulsa,2023-07-16,109874.0,1977.73,27986.0,951.52,155959.2,1871.51,41051.9,451.57,81343.6,732.09,69967.1,489.77,11503.3,920.27,50878.3,0.3604,0.8706,0.9386,1.0,2555.23,20.1793,1000000
Tulsa,2023-07-23,122226.9,2200.08,28956.4,984.52,155762.1,1869.15,47500.0,522.5,90267.8,812.41,68464.3,479.25,11092.4,887.4,57317.0,0.3855,0.9037,0.9887,0.0,2188.84,21.2563,1000000
Tulsa,2023-07-30,131215.2,2361.87,26844.5,912.71,160602.6,1927.23,37634.1,413.98,92441.4,831.97,69917.4,489.42,12011.0,960.88,59056.6,0.4267,0.859,0.9844,0.0,2210.48,21.1635,1000000
Tulsa,2023-08-06,110266.2,1984.79,26270.7,893.2,198914.3,2386.97,48100.4,529.1,84317.5,758.86,56305.5,394.14,11850.2,948.01,72852.4,0.4833,1.0501,0.9614,1.0,2899.04,20.6711,1000000
Tulsa,2023-08-13,116886.8,2103.96,33375.5,1134.77,194316.6,2331.8,46021.0,506.23,94471.9,850.25,56986.6,398.91,11468.5,917.48,71106.9,0.5524,1.15,0.9995,0.0,2610.31,21.4892,1000000
Tulsa,2023-08-20,138881.8,2499.87,28899.4,982.58,172137.4,2065.65,54935.5,604.29,105556.7,950.01,66724.2,467.07,16152.3,1292.18,72139.1,0.6278,1.1952,1.0127,0.0,2874.16,21.7739,1000000
Tulsa,2023-08-27,122230.7,2200.15,31107.9,1057.67,191645.3,2299.74,54683.4,601.52,117299.4,1055.69,73859.3,517.01,16032.0,1282.56,78781.1,0.7005,1.2058,0.9871,0.0,2797.32,21.2224,1000000
Tulsa,2023-09-03,132020.8,2376.37,32340.9,1099.59,173945.2,2087.34,47037.2,517.41,117242.7,1055.18,77222.1,540.55,14743.5,1179.48,72696.9,0.7598,1.1052,1.0043,0.0,2906.25,21.5915,1000000
Tulsa,2023-09-10,135623.9,2441.23,36477.4,1240.23,206862.7,2482.35,47440.9,521.85,128754.9,1158.79,76689.5,536.83,17339.7,1387.18,84198.3,0.796,1.4639,0.9826,0.0,2841.69,21.1264,1000000
Tulsa,2023-09-17,156426.3,2815.67,41936.5,1425.84,202271.6,2427.26,51222.1,563.44,106812.4,961.31,74071.5,518.5,16079.7,1286.37,81397.5,0.8027,1.249,1.0176,0.0,2825.45,21.8785,1000000
Tulsa,2023-09-24,179725.6,3235.06,40849.6,1388.89,195401.8,2344.82,62323.6,685.56,118584.4,1067.26,63270.8,442.9,17079.5,1366.36,89226.1,0.7786,1.416,1.0089,0.0,2967.02,21.6923,1000000
Tulsa,2023-10-01,128826.4,2318.87,29575.7,1005.57,230856.1,2770.27,51719.3,568.91,101461.3,913.15,77895.4,545.27,14656.4,1172.51,75738.0,0.7281,1.2127,0.9612,1.0,3207.12,20.6664,1000000
Tulsa,2023-10-08,155798.0,2804.36,32559.6,1107.03,222576.5,2670.92,46383.4,510.22,121332.6,1091.99,73966.1,517.76,12350.0,988.0,83183.4,0.6597,1.2114,1.0161,0.0,2888.01,21.8452,1000000
Tulsa,2023-10-15,128759.8,2317.68,31075.5,1056.57,169285.8,2031.43,44020.1,484.22,94397.9,849.58,71123.3,497.86,11811.1,944.88,63790.2,0.5839,1.0488,0.9973,0.0,2406.82,21.441,1000000
Tulsa,2023-10-22,118466.0,2132.39,35775.6,1216.37,156737.4,1880.85,47099.5,518.09,85154.6,766.39,77141.6,539.99,10847.2,867.77,61909.1,0.5105,1.0851,1.0019,0.0,2505.94,21.5409,1000000
Tulsa,2023-10-29,133422.7,2401.61,30041.4,1021.41,178855.5,2146.27,52277.1,575.05,106556.0,959.0,73878.7,517.15,11635.9,930.87,54872.8,0.4466,0.9759,1.0168,0.0,2418.71,21.862,1000000
Tulsa,2023-11-05,109840.1,1977.12,26714.6,908.3,175559.9,2106.72,49632.2,545.95,88752.1,798.77,57868.2,405.08,10413.3,833.06,59863.7,0.3959,0.8771,0.9944,0.0,2188.34,21.3792,1000000
Tulsa,2023-11-12,98929.2,1780.72,32099.0,1091.37,186738.2,2240.86,46941.4,516.36,85238.5,767.15,53897.0,377.28,12248.5,979.88,58669.4,0.359,0.9515,1.0034,0.0,2133.37,21.5732,1000000
Tulsa,2023-11-19,108143.8,1946.59,28828.9,980.18,158434.4,1901.21,35795.0,393.75,103392.2,930.53,59510.8,416.58,12644.2,1011.53,59017.1,0.3341,0.9054,1.0139,0.0,2092.03,21.7992,1000000
Tulsa,2023-11-26,136075.0,2449.35,23130.2,786.43,149703.1,1796.44,37526.8,412.79,81214.3,730.93,53598.5,375.19,11837.0,946.96,60477.2,0.3185,0.7705,1.0111,0.0,2137.28,21.738,1000000
Tulsa,2023-12-03,121329.1,2183.92,25219.0,857.44,167644.3,2011.73,36557.3,402.13,75516.5,679.65,54347.0,380.43,11313.2,905.06,48477.3,0.3094,0.8201,0.9875,0.0,2234.17,21.2308,1000000
Tulsa,2023-12-10,132750.1,2389.5,30091.4,1023.11,181194.0,2174.33,37992.7,417.92,89220.6,802.99,58377.9,408.65,11526.7,922.14,51613.8,0.3045,0.7399,1.0153,0.0,2068.59,21.8293,1000000
Tulsa,2023-12-17,119051.1,2142.92,28260.3,960.85,134312.1,1611.74,44060.6,484.67,74283.3,668.55,58333.8,408.34,11657.5,932.6,52652.0,0.302,0.8622,1.0019,0.0,1933.28,21.5407,1000000
Tulsa,2023-12-24,111686.1,2010.35,26467.5,899.89,163918.6,1967.02,45745.0,503.2,93177.5,838.6,71508.0,500.56,9299.3,743.95,59869.6,0.3009,0.9096,0.9954,0.0,2153.92,21.4015,1000000
Tulsa,2023-12-31,108686.3,1956.35,25460.0,865.64,148910.7,1786.93,41371.0,455.08,98580.6,887.23,73921.4,517.45,13030.6,1042.45,50146.4,0.3003,0.6824,0.9892,0.0,1996.52,21.2669,1000000
Tulsa,2024-01-07,110783.9,1994.11,29126.6,990.3,129486.1,1553.83,44701.5,491.72,92847.6,835.63,67283.8,470.99,11554.3,924.34,53895.2,0.3077,0.8663,0.9904,0.0,1850.1,21.2945,1000000
Tulsa,2024-01-14,103483.5,1862.7,29164.5,991.59,181730.3,2180.76,46912.5,516.04,94858.2,853.72,58107.3,406.75,10819.0,865.52,54204.5,0.3147,0.8753,1.0096,0.0,2143.74,21.7069,1000000
Tulsa,2024-01-21,100257.7,1804.64,27323.1,928.98,187067.9,2244.81,47745.0,525.19,75406.8,678.66,67492.0,472.44,9981.4,798.51,60510.9,0.3268,0.7795,0.9939,0.0,2145.88,21.3696,1000000
Tulsa,2024-01-28,122687.4,2208.37,26886.2,914.13,183923.0,2207.08,49043.8,539.48,101783.5,916.05,59133.7,413.94,12824.7,1025.98,55288.7,0.3465,0.9051,0.9991,0.0,2394.06,21.4817,1000000
Tulsa,2024-02-04,113655.9,2045.81,24442.8,831.06,143111.1,1717.33,36368.6,400.05,105625.4,950.63,76121.5,532.85,11617.2,929.37,56683.3,0.3768,0.9998,1.0195,0.0,2247.57,21.9201,1000000
Tulsa,2024-02-11,111403.4,2005.26,31121.7,1058.14,173186.5,2078.24,44172.9,485.9,104726.5,942.54,73857.6,517.0,13345.7,1067.66,60838.5,0.421,0.9172,1.0042,0.0,2326.86,21.591,1000000
Tulsa,2024-02-18,109550.4,1971.91,25675.9,872.98,171338.1,2056.06,48060.8,528.67,101767.1,915.9,71724.9,502.07,15039.9,1203.19,64143.9,0.4817,0.9165,0.9906,0.0,2318.1,21.2982,1000000
Tulsa,2024-02-25,127533.5,2295.6,26666.4,906.66,208146.2,2497.75,44346.6,487.81,89400.0,804.6,65152.9,456.07,11775.9,942.07,71666.6,0.5601,0.993,0.9907,0.0,2616.49,21.3003,1000000
Tulsa,2024-03-03,122028.6,2196.52,30931.3,1051.66,213053.8,2556.65,60521.8,665.74,111129.4,1000.16,64839.2,453.87,14345.5,1147.64,75782.5,0.655,1.0257,1.003,0.0,2800.41,21.565,1000000
Tulsa,2024-03-10,176700.6,3180.61,41768.0,1420.11,241564.2,2898.77,59670.8,656.38,97295.6,875.66,66939.7,468.58,14596.5,1167.72,81851.0,0.7619,1.3853,0.9854,0.0,3219.7,21.1856,1000000
Tulsa,2024-03-17,165155.2,2972.79,40393.8,1373.39,234758.5,2817.1,61429.2,675.72,112600.5,1013.4,66666.9,466.67,17186.9,1374.95,83162.6,0.8728,1.2609,0.9509,1.0,3528.44,20.4446,1000000
Tulsa,2024-03-24,142608.0,2566.94,40418.7,1374.24,256298.0,3075.58,58904.5,647.95,138955.5,1250.6,73359.0,513.51,16207.8,1296.62,110287.3,0.9773,1.3038,1.0193,0.0,3474.8,21.9147,1000000
Tulsa,2024-03-31,203063.2,3655.14,48039.2,1633.33,255020.8,3060.25,59641.5,656.06,152886.0,1375.97,82127.3,574.89,18777.6,1502.21,120578.1,1.0633,1.7098,0.9901,0.0,3898.54,21.2882,1000000
Tulsa,2024-04-07,167441.2,3013.94,44779.5,1522.5,281538.5,3378.46,67257.9,739.84,143108.1,1287.97,71723.6,502.07,16852.4,1348.2,106972.9,1.1201,1.619,0.9913,0.0,3792.4,21.3139,1000000
Tulsa,2024-04-14,158029.6,2844.53,49576.6,1685.6,256798.7,3081.58,73179.1,804.97,126655.3,1139.9,84015.5,588.11,18849.9,1507.99,99789.9,1.14,1.8145,0.9917,0.0,3723.03,21.3214,1000000
Tulsa,2024-04-21,194517.3,3501.31,42612.5,1448.83,208658.2,2503.9,74137.7,815.51,154232.4,1388.09,70473.2,493.31,18196.9,1455.76,104891.2,1.1201,1.4185,1.0057,0.0,3798.4,21.6233,1000000
Tulsa,2024-04-28,159005.1,2862.09,47864.9,1627.41,203314.7,2439.78,74621.9,820.84,136408.3,1227.67,68948.5,482.64,18180.6,1454.45,105409.8,1.0633,1.6367,1.0181,0.0,3698.21,21.889,1000000
Tulsa,2024-05-05,169587.5,3052.57,34893.3,1186.37,202673.7,2432.08,52445.0,576.9,132405.1,1191.65,78370.1,548.59,17498.5,1399.88,104320.2,0.9773,1.6375,0.993,0.0,3488.26,21.3486,1000000
Tulsa,2024-05-12,143401.6,2581.23,33398.9,1135.56,231282.6,2775.39,55338.5,608.72,109681.4,987.13,62236.3,435.65,13998.0,1119.84,83405.0,0.8729,1.4834,0.9921,0.0,3175.51,21.3302,1000000
Tulsa,2024-05-19,147999.1,2663.98,35638.1,1211.69,186302.4,2235.63,52133.5,573.47,117841.1,1060.57,73006.4,511.05,14100.6,1128.05,85996.5,0.7619,1.2334,1.0089,0.0,3167.46,21.691,1000000
Tulsa,2024-05-26,162940.5,2932.93,35712.1,1214.21,198800.6,2385.61,47632.3,523.96,116326.7,1046.94,59908.5,419.36,11782.3,942.59,76627.7,0.6552,1.2452,1.014,0.0,2914.27,21.8001,1000000
Tulsa,2024-06-02,157653.3,2837.76,34647.6,1178.02,168592.5,2023.11,40583.5,446.42,91240.3,821.16,65151.3,456.06,12124.8,969.98,76237.3,0.5606,1.0918,1.0177,0.0,2698.98,21.88,1000000
Tulsa,2024-06-09,124068.2,2233.23,27687.2,941.36,146307.9,1755.7,40619.5,446.81,108158.6,973.43,66539.3,465.77,11191.3,895.3,62874.0,0.4829,0.9167,0.981,0.0,2715.28,21.0913,1000000
Tulsa,2024-06-16,121120.6,2180.17,26150.1,889.1,160716.5,1928.6,40463.4,445.1,88884.3,799.96,62906.6,440.35,13926.1,1114.08,59415.1,0.4238,1.0565,0.9886,0.0,2454.4,21.2545,1000000
Tulsa,2024-06-23,128179.8,2307.24,32771.1,1114.22,138640.0,1663.68,45159.1,496.75,75906.8,683.16,55902.2,391.32,13744.4,1099.55,58264.3,0.383,0.9747,1.0084,0.0,2334.52,21.6817,1000000
Tulsa,2024-06-30,125782.1,2264.08,31529.8,1072.01,145806.3,1749.68,41436.1,455.8,91922.0,827.3,74391.2,520.74,11921.9,953.75,63251.3,0.3591,0.912,1.0135,0.0,2234.71,21.7897,1000000
Tulsa,2024-07-07,101808.7,1832.56,30601.7,1040.46,180726.7,2168.72,36170.5,397.87,76823.6,691.41,64512.5,451.59,11177.2,894.17,54885.4,0.351,0.7425,1.016,0.0,2135.2,21.8433,1000000
Tulsa,2024-07-14,98687.4,1776.37,30434.1,1034.76,190612.5,2287.35,39776.1,437.54,95808.0,862.27,65537.9,458.77,10569.7,845.58,61905.8,0.3582,0.8323,1.0166,0.0,2317.08,21.8564,1000000
Tulsa,2024-07-21,133913.4,2410.44,27587.3,937.97,172538.0,2070.46,51045.1,561.5,101195.0,910.75,55013.4,385.09,13779.9,1102.4,55866.7,0.3809,0.8973,1.0138,0.0,2290.45,21.7963,1000000
Tulsa,2024-07-28,126704.1,2280.67,30306.0,1030.41,157358.6,1888.3,49902.5,548.93,96640.3,869.76,60757.3,425.3,13983.6,1118.69,55244.9,0.4198,0.8342,0.9884,0.0,2334.88,21.2499,1000000
Tulsa,2024-08-04,135147.4,2432.65,28000.4,952.01,208258.4,2499.1,45202.9,497.23,108862.9,979.77,62062.7,434.44,11671.9,933.75,61264.2,0.4744,0.9101,0.981,0.0,2249.6,21.092,1000000
Tulsa,2024-08-11,158592.5,2854.67,26556.5,902.92,169342.9,2032.11,56515.4,621.67,88141.4,793.27,59334.7,415.34,12570.2,1005.61,66906.7,0.542,1.0679,1.0184,0.0,2629.74,21.8956,1000000
Tulsa,2024-08-18,151520.5,2727.37,27489.8,934.65,190244.9,2282.94,46330.5,509.64,108019.6,972.18,75979.8,531.86,14469.8,1157.58,76846.9,0.617,1.0112,0.9533,1.0,3278.86,20.4964,1000000
Tulsa,2024-08-25,143978.2,2591.61,30652.9,1042.2,220170.0,2642.04,47287.8,520.17,124865.0,1123.79,63756.7,446.3,14080.0,1126.4,68536.4,0.6907,1.2001,0.9382,1.0,3049.78,20.1719,1000000
Tulsa,2024-09-01,127271.4,2290.88,29061.1,988.08,195734.6,2348.81,46931.4,516.25,121072.1,1089.65,60954.5,426.68,17548.9,1403.91,82901.5,0.7526,1.3397,1.0155,0.0,3130.11,21.8327,1000000
Tulsa,2024-09-08,178402.7,3211.25,34324.7,1167.04,228014.7,2736.18,49556.8,545.12,127440.8,1146.97,77011.8,539.08,15538.6,1243.09,82347.3,0.7926,1.1861,0.933,1.0,3710.48,20.0586,1000000
Tulsa,2024-09-15,183659.7,3305.87,41370.8,1406.61,188643.5,2263.72,52987.6,582.86,138807.5,1249.27,63839.8,446.88,17003.7,1360.3,78256.6,0.8037,1.4171,0.9882,0.0,2807.58,21.2469,1000000
Tulsa,2024-09-22,138144.7,2486.6,33455.9,1137.5,197246.1,2366.95,58341.0,641.75,128355.3,1155.2,68539.3,479.77,16064.2,1285.14,77474.9,0.7838,1.4444,0.9811,0.0,3052.81,21.0944,1000000
Tulsa,2024-09-29,155197.8,2793.56,36897.7,1254.52,176208.3,2114.5,49502.3,544.53,108233.7,974.1,74080.4,518.56,12694.4,1015.55,78648.4,0.7366,1.0896,0.9937,0.0,2911.76,21.3651,1000000
Tulsa,2024-10-06,132168.4,2379.03,35531.9,1208.08,211088.1,2533.06,60889.6,669.79,128371.6,1155.34,61554.5,430.88,11816.0,945.28,76542.1,0.6701,1.0919,0.9957,0.0,2974.1,21.4077,1000000
Tulsa,2024-10-13,138611.5,2495.01,37673.7,1280.91,173110.7,2077.33,50163.8,551.8,90811.0,817.3,64082.4,448.58,13535.1,1082.81,64998.5,0.5948,0.9772,1.0189,0.0,2538.93,21.9054,1000000
Tulsa,2024-10-20,125280.9,2255.06,35131.9,1194.48,199086.5,2389.04,56026.2,616.29,114734.7,1032.61,70661.4,494.63,13016.8,1041.34,63387.7,0.5205,0.9117,0.9967,0.0,2580.08,21.4298,1000000
Tulsa,2024-10-27,135534.6,2439.62,34785.7,1182.71,156548.8,1878.59,47913.6,527.05,81745.7,735.71,59577.5,417.04,13119.0,1049.52,67366.6,0.455,0.9889,1.0061,0.0,2444.36,21.6302,1000000
Tulsa,2024-11-03,134928.0,2428.7,31471.0,1070.01,153216.4,1838.6,40567.9,446.25,77351.3,696.16,54955.1,384.69,10000.7,800.06,59181.4,0.4023,0.9269,0.9957,0.0,2219.13,21.4081,1000000
Tulsa,2024-11-10,115700.4,2082.61,24500.7,833.03,193190.5,2318.29,45046.4,495.51,78913.8,710.22,64996.8,454.98,13671.4,1093.71,61694.0,0.3635,0.8959,0.9842,0.0,2324.05,21.1595,1000000
Tulsa,2024-11-17,132553.3,2385.96,23358.6,794.19,186274.5,2235.29,45435.3,499.79,83700.7,753.31,53433.0,374.03,11826.5,946.12,55048.5,0.337,0.7586,0.9805,0.0,2259.4,21.0814,1000000
Tulsa,2024-11-24,126405.3,2275.29,31035.2,1055.2,159752.0,1917.02,44970.6,494.68,74761.3,672.85,58372.4,408.61,12961.0,1036.88,49961.5,0.3202,0.8961,0.9947,0.0,2074.82,21.3862,1000000
Tulsa,2024-12-01,134038.5,2412.69,27668.0,940.71,131219.5,1574.63,43119.7,474.32,75603.4,680.43,53170.0,372.19,11750.1,940.01,55286.0,0.3104,0.7992,1.017,0.0,2098.82,21.8653,1000000
Tulsa,2024-12-08,99900.0,1798.2,29263.1,994.95,132461.5,1589.54,47747.6,525.22,79397.7,714.58,72228.0,505.6,9456.7,756.54,50761.7,0.305,0.8063,1.0165,0.0,2103.46,21.8558,1000000
Tulsa,2024-12-15,111003.0,1998.05,22023.8,748.81,147787.2,1773.45,37798.5,415.78,91058.9,819.53,60974.1,426.82,13187.6,1055.01,48016.5,0.3023,0.8803,1.0136,0.0,2005.61,21.793,1000000
Tulsa,2024-12-22,105187.6,1893.38,29392.3,999.34,147767.0,1773.2,34054.7,374.6,100833.9,907.5,61466.2,430.26,9436.2,754.89,54395.9,0.301,0.8779,0.9657,1.0,2151.16,20.763,1000000
Tulsa,2024-12-29,133680.6,2406.25,23826.4,810.1,151492.9,1817.92,40019.8,440.22,70493.2,634.44,60928.9,426.5,10165.6,813.25,52611.8,0.3004,0.8161,0.9886,0.0,1966.37,21.2552,1000000
Tulsa,2025-01-05,111924.2,2014.64,30816.4,1047.76,153152.4,1837.83,47208.9,519.3,98870.0,889.83,75260.6,526.82,9325.1,746.01,48009.3,0.3064,0.8106,1.0128,0.0,2028.45,21.7746,1000000
Tulsa,2025-01-12,96077.4,1729.39,28201.2,958.84,184808.0,2217.7,39241.0,431.65,101298.4,911.69,65594.5,459.16,11429.4,914.35,54401.7,0.3123,0.7477,1.0187,0.0,2196.1,21.902,1000000
Tulsa,2025-01-19,98545.3,1773.82,24873.3,845.69,131256.5,1575.08,35507.2,390.58,75861.2,682.75,67808.3,474.66,12193.8,975.5,49674.7,0.3227,0.9401,0.9812,0.0,2198.64,21.0962,1000000
Tulsa,2025-01-26,100696.1,1812.53,29893.7,1016.38,152194.7,1826.34,42840.4,471.24,76629.8,689.67,62456.3,437.19,11771.1,941.69,55748.8,0.3399,0.9359,0.9409,1.0,2479.0,20.2283,1000000
Tulsa,2025-02-02,112160.0,2018.88,26517.4,901.59,180087.0,2161.04,41399.9,455.4,103797.0,934.17,66155.1,463.09,9998.7,799.89,54841.2,0.3668,0.9019,1.0188,0.0,2297.7,21.904,1000000
Tulsa,2025-02-09,123062.0,2215.12,29785.0,1012.69,174518.6,2094.22,36819.0,405.01,95691.6,861.22,64278.2,449.95,10015.6,801.25,57029.4,0.4067,0.8778,0.9853,0.0,2087.08,21.1833,1000000
Tulsa,2025-02-16,114301.9,2057.43,34089.1,1159.03,169573.3,2034.88,51547.4,567.02,97392.8,876.54,64147.5,449.03,10429.6,834.36,60167.1,0.4625,1.0139,0.9872,0.0,2383.0,21.2241,1000000
Tulsa,2025-02-23,132675.3,2388.16,34231.7,1163.88,173913.5,2086.96,46825.1,515.08,99300.3,893.7,55234.5,386.64,13718.9,1097.51,65056.4,0.5359,0.9474,1.0013,0.0,2569.99,21.5278,1000000
Tulsa,2025-03-02,142882.5,2571.88,38508.2,1309.28,228363.6,2740.36,43720.4,480.92,115621.7,1040.6,55343.7,387.41,13703.5,1096.28,69901.4,0.6264,1.004,1.0174,0.0,2797.64,21.8741,1000000
Tulsa,2025-03-09,168102.4,3025.84,38225.1,1299.65,178685.4,2144.23,48954.1,538.49,132009.5,1188.09,67313.3,471.19,16477.9,1318.24,88127.3,0.7305,1.3185,1.0166,0.0,2873.19,21.8559,1000000
Tulsa,2025-03-16,182442.4,3283.96,33954.1,1154.44,242120.2,2905.44,53982.1,593.8,133870.9,1204.84,79841.7,558.89,16123.0,1289.84,84211.0,0.8413,1.3807,1.0032,0.0,3247.8,21.5688,1000000
Tulsa,2025-03-23,156966.7,2825.4,41199.5,1400.78,251817.1,3021.81,64784.2,712.63,109337.4,984.04,65316.3,457.21,15234.9,1218.79,98427.7,0.9488,1.6427,0.9568,1.0,3687.89,20.5719,1000000
Tulsa,2025-03-30,161415.2,2905.47,47332.6,1609.31,222443.9,2669.33,56737.7,624.11,127620.2,1148.58,79761.8,558.33,16461.6,1316.93,90852.7,1.0413,1.4095,0.9974,0.0,3517.97,21.4452,1000000
Tulsa,2025-04-06,176638.7,3179.5,39697.0,1349.7,240899.8,2890.8,74246.4,816.71,133034.5,1197.31,64269.6,449.89,19188.6,1535.09,111246.0,1.1074,1.776,0.9917,0.0,3824.71,21.3206,1000000
Tulsa,2025-04-13,210636.7,3791.46,36560.8,1243.07,271581.1,3258.97,68738.3,756.12,155604.6,1400.44,78207.2,547.45,20892.7,1671.41,115261.5,1.1384,1.816,1.0126,0.0,3732.25,21.7706,1000000
Tulsa,2025-04-20,166126.1,2990.27,49387.9,1679.19,232626.5,2791.52,72172.1,793.89,145412.8,1308.72,58832.9,411.83,20410.5,1632.84,98672.2,1.1298,1.7509,0.997,0.0,3563.51,21.4361,1000000
Tulsa,2025-04-27,154890.5,2788.03,38061.8,1294.1,229473.1,2753.68,73697.4,810.67,111542.9,1003.89,81994.2,573.96,14940.9,1195.27,98721.7,1.083,1.3597,0.9875,0.0,3534.37,21.2303,1000000
Tulsa,2025-05-04,168264.2,3028.76,40175.7,1365.97,267240.5,3206.89,69396.2,763.36,137307.2,1235.76,63836.6,446.86,17807.4,1424.59,97991.6,1.0043,1.3268,1.0005,0.0,3730.39,21.5117,1000000
Tulsa,2025-05-11,195117.1,3512.11,43229.2,1469.79,237016.8,2844.2,64933.8,714.27,111662.1,1004.96,69263.3,484.84,18249.5,1459.96,92363.4,0.9039,1.5995,0.9995,0.0,3230.57,21.4893,1000000
Tulsa,2025-05-18,148734.3,2677.22,41050.4,1395.71,200846.1,2410.15,63824.9,702.07,113073.3,1017.66,76186.3,533.3,17332.4,1386.59,81466.2,0.7936,1.1669,0.9865,0.0,3398.66,21.2101,1000000
Tulsa,2025-05-25,159556.8,2872.02,34757.4,1181.75,199693.7,2396.32,52479.6,577.28,112335.8,1011.02,63531.3,444.72,15540.0,1243.2,73224.6,0.6847,1.1938,0.9983,0.0,2871.3,21.4634,1000000
Tulsa,2025-06-01,125138.6,2252.49,29144.2,990.9,171435.7,2057.23,45042.8,495.47,95497.7,859.48,56906.8,398.35,11594.2,927.54,80691.6,0.586,1.0198,1.0121,0.0,2693.7,21.7612,1000000
Tulsa,2025-06-08,117639.3,2117.51,27264.2,926.98,177949.6,2135.4,53500.2,588.5,87490.4,787.41,69702.9,487.92,12295.0,983.6,69398.8,0.5032,1.0219,1.016,0.0,2555.56,21.8443,1000000
Tulsa,2025-06-15,131977.6,2375.6,33492.8,1138.75,180786.5,2169.44,44088.3,484.97,103704.7,933.34,60087.9,420.62,14513.3,1161.06,68837.8,0.4388,1.0792,0.9844,0.0,2537.99,21.1654,1000000
Tulsa,2025-06-22,129817.0,2336.71,28484.0,968.46,145558.0,1746.7,46812.3,514.94,91695.4,825.26,58443.7,409.11,13667.2,1093.38,63578.1,0.3929,1.0189,1.0041,0.0,2356.59,21.588,1000000
Tulsa,2025-06-29,124348.4,2238.27,31206.1,1061.01,161786.2,1941.43,50738.6,558.12,94165.5,847.49,64260.4,449.82,10497.0,839.76,61460.0,0.3643,0.9272,0.9604,1.0,2659.47,20.6481,1000000
Tulsa,2025-07-06,139824.6,2516.84,22596.6,768.29,138080.0,1656.96,46837.3,515.21,101957.2,917.62,57664.2,403.65,13514.6,1081.17,54530.5,0.3517,0.9687,1.0127,0.0,2163.37,21.7739,1000000
Tulsa,2025-07-13,134016.9,2412.3,31315.4,1064.72,141681.3,1700.18,38725.3,425.98,78056.2,702.51,73143.2,512.0,13091.0,1047.28,55852.7,0.3545,0.8538,0.9671,1.0,2509.66,20.7932,1000000
Tulsa,2025-07-20,100245.6,1804.42,32663.0,1110.54,171074.4,2052.89,49463.3,544.1,83969.6,755.73,58398.3,408.79,11375.3,910.03,60028.3,0.3728,0.9907,0.9919,0.0,2269.23,21.3249,1000000
Tulsa,2025-07-27,123416.8,2221.5,27881.9,947.98,158607.1,1903.28,39511.4,434.62,91644.1,824.8,66239.7,463.68,11464.5,917.16,64454.8,0.4071,1.0403,1.0007,0.0,2398.76,21.5146,1000000
Tulsa,2025-08-03,135593.5,2440.68,28079.8,954.71,168363.1,2020.36,43041.9,473.46,86794.6,781.15,69225.1,484.58,13764.8,1101.18,68926.3,0.4573,0.9932,0.959,1.0,2928.12,20.6184,1000000
Tulsa,2025-08-10,144551.4,2601.93,30163.7,1025.57,190346.1,2284.15,54473.3,599.21,82402.0,741.62,75354.2,527.48,14677.6,1174.21,74015.4,0.5216,1.1547,0.9821,0.0,2637.58,21.1144,1000000
Tulsa,2025-08-17,133019.7,2394.35,30729.9,1044.82,177323.9,2127.89,49261.3,541.87,86145.1,775.31,62015.9,434.11,11734.2,938.74,73090.2,0.5952,1.1015,0.9862,0.0,2712.02,21.203,1000000
Tulsa,2025-08-24,164026.3,2952.47,36592.9,1244.16,213706.1,2564.47,45918.5,505.1,94092.0,846.83,56041.8,392.29,14965.5,1197.24,83392.5,0.6703,1.2323,1.019,0.0,2910.27,21.9095,1000000
Tulsa,2025-08-31,156429.0,2815.72,37172.2,1263.85,243521.2,2922.25,49319.8,542.52,106359.0,957.23,58108.6,406.76,15346.1,1227.69,75949.2,0.7367,1.3271,0.9873,0.0,3221.23,21.2274,1000000
Tulsa,2025-09-07,142357.9,2562.44,30489.8,1036.65,201228.1,2414.74,53674.2,590.42,111330.6,1001.98,73037.5,511.26,16881.1,1350.49,78654.8,0.7839,1.4377,0.9938,0.0,3114.11,21.367,1000000
Tulsa,2025-09-14,156731.3,2821.16,35493.6,1206.78,233197.6,2798.37,59190.3,651.09,112575.3,1013.18,60297.2,422.08,13997.9,1119.83,85476.8,0.8037,1.3998,0.993,0.0,2964.24,21.349,1000000
Tulsa,2025-09-21,140582.8,2530.49,32523.2,1105.79,241724.3,2900.69,58262.6,640.89,126275.5,1136.48,66336.4,464.35,13669.9,1093.59,80582.6,0.7926,1.2391,0.9949,0.0,3277.54,21.3909,1000000
Tulsa,2025-09-28,166732.0,3001.18,31892.8,1084.36,217188.0,2606.26,63273.7,696.01,117771.2,1059.94,67004.1,469.03,12749.9,1019.99,71558.0,0.7525,1.245,1.0101,0.0,2898.31,21.7179,1000000
Tulsa,2025-10-05,154469.1,2780.44,30384.6,1033.08,206885.3,2482.62,49648.0,546.13,126775.6,1140.98,65182.2,456.28,13392.1,1071.37,80183.5,0.6905,1.1842,0.9924,0.0,2974.9,21.3371,1000000
Tulsa,2025-10-12,135981.7,2447.67,33425.4,1136.46,168821.7,2025.86,51394.3,565.34,121760.1,1095.84,68003.5,476.02,14818.4,1185.47,75217.8,0.6166,1.046,1.0127,0.0,2731.08,21.7734,1000000
Tulsa,2025-10-19,155120.9,2792.18,26989.5,917.64,201048.8,2412.59,45364.7,499.01,111816.0,1006.34,58681.0,410.77,12440.4,995.23,74132.0,0.5411,1.0167,0.9919,0.0,2665.14,21.3252,1000000
Tulsa,2025-10-26,131081.4,2359.46,33333.8,1133.35,171985.0,2063.82,50467.2,555.14,105748.9,951.74,57268.8,400.88,14405.5,1152.44,54479.2,0.4725,1.0428,1.0066,0.0,2333.33,21.6428,1000000
Tulsa,2025-11-02,122436.6,2203.86,28594.5,972.21,144269.3,1731.23,39812.1,437.93,104720.2,942.48,64132.2,448.93,11821.5,945.72,51343.7,0.416,0.8526,0.9365,1.0,2648.49,20.1356,1000000
Tulsa,2025-11-09,110624.4,1991.24,30282.1,1029.59,161900.3,1942.8,41128.2,452.41,93110.5,837.99,64663.8,452.65,9847.5,787.8,51985.2,0.3732,0.8019,0.9421,1.0,2462.98,20.2544,1000000
Tulsa,2025-11-16,127941.3,2302.94,25811.6,877.6,151887.5,1822.65,45623.5,501.86,80891.8,728.03,66739.9,467.18,11809.4,944.75,56330.4,0.3434,0.8817,1.0195,0.0,2121.28,21.9193,1000000
Tulsa,2025-11-23,96872.1,1743.7,25505.8,867.2,187386.5,2248.64,43290.1,476.19,82297.8,740.68,72098.5,504.69,10083.1,806.65,53907.8,0.3242,0.8793,0.9921,0.0,2127.65,21.3305,1000000
Tulsa,2025-11-30,115248.5,2074.47,22022.2,748.75,156767.8,1881.21,45812.4,503.94,101250.3,911.25,69801.5,488.61,12574.2,1005.94,52677.9,0.3127,0.718,1.0083,0.0,1944.23,21.6789,1000000
Tulsa,2025-12-07,126467.3,2276.41,27109.6,921.73,138569.1,1662.83,42571.2,468.28,98564.9,887.08,67192.0,470.34,10513.7,841.09,50402.5,0.3062,0.8399,0.9815,0.0,2132.41,21.1012,1000000
Tulsa,2025-12-14,133210.4,2397.79,22625.4,769.26,173643.8,2083.73,38599.9,424.6,92025.2,828.23,58714.6,411.0,9718.5,777.48,50097.8,0.3029,0.8048,1.0013,0.0,1943.27,21.5279,1000000
Tulsa,2025-12-21,128451.8,2312.13,22096.3,751.27,134683.5,1616.2,44491.6,489.41,71799.8,646.2,58628.4,410.4,12483.3,998.67,49341.6,0.3012,0.7883,0.9806,0.0,1900.8,21.0838,1000000
Wichita,2023-01-01,86909.7,1564.38,17525.5,595.87,135126.8,1621.52,23592.6,259.52,60503.6,544.53,37025.6,259.18,8334.4,666.75,37923.7,0.3044,0.8875,0.9969,0.0,1295.09,21.433,700000
Wichita,2023-01-08,77043.3,1386.78,21286.8,723.75,116118.1,1393.42,22363.1,245.99,68882.4,619.94,38097.0,266.68,8463.9,677.11,40519.0,0.3088,0.8984,0.9931,0.0,1350.18,21.3526,700000
Wichita,2023-01-15,78382.6,1410.89,18825.4,640.06,130104.5,1561.25,23346.8,256.81,50542.6,454.88,50138.7,350.97,7326.3,586.1,34348.0,0.3166,0.8407,1.0068,0.0,1422.96,21.6469,700000
Wichita,2023-01-22,72703.5,1308.66,18529.1,629.99,106091.6,1273.1,26733.6,294.07,52582.0,473.24,39522.4,276.66,8388.5,671.08,42837.3,0.33,0.9044,0.9986,0.0,1546.21,21.4707,700000
Wichita,2023-01-29,83276.7,1498.98,19940.6,677.98,99433.8,1193.21,28625.3,314.88,66294.7,596.65,39797.8,278.58,8889.4,711.16,36880.9,0.3517,0.788,0.9839,0.0,1560.85,21.1543,700000
Wichita,2023-02-05,96071.3,1729.28,19145.0,650.93,143320.7,1719.85,33583.3,369.42,65762.4,591.86,46794.7,327.56,9853.0,788.24,38569.7,0.3849,0.8767,0.9813,0.0,1629.38,21.0971,700000
Wichita,2023-02-12,100118.4,1802.13,22850.8,776.93,108501.9,1302.02,30104.0,331.14,71042.9,639.39,51345.8,359.42,7783.6,622.69,46609.7,0.4329,1.0477,0.9949,0.0,1606.24,21.3908,700000
Wichita,2023-02-19,79130.0,1424.34,23039.6,783.35,142950.7,1715.41,33733.8,371.07,77114.1,694.03,39307.2,275.15,10048.3,803.87,50477.0,0.4982,0.8569,0.9803,0.0,1769.07,21.0755,700000
Wichita,2023-02-26,91061.7,1639.11,25690.3,873.47,136746.1,1640.95,33753.4,371.29,84682.8,762.15,41800.6,292.6,11342.7,907.41,51221.7,0.5818,1.0076,1.0031,0.0,1913.15,21.566,700000
Wichita,2023-03-05,106642.4,1919.56,24915.1,847.11,145432.5,1745.19,33335.6,366.69,73827.7,664.45,40289.0,282.02,10416.8,833.34,61659.5,0.682,1.1848,1.0189,0.0,2061.73,21.9055,700000
Wichita,2023-03-12,105723.2,1903.02,23157.0,787.34,179206.4,2150.48,34579.5,380.37,78646.2,707.82,40801.3,285.61,9589.5,767.16,58170.7,0.7936,1.343,0.9324,1.0,2447.34,20.0476,700000
Wichita,2023-03-19,105664.6,1901.96,27122.2,922.16,191154.7,2293.86,33370.9,367.08,90822.9,817.41,47278.3,330.95,9910.1,792.81,64038.5,0.908,1.5835,1.0017,0.0,2269.25,21.5372,700000
Wichita,2023-03-26,133973.1,2411.52,24261.4,824.89,190162.9,2281.96,42601.7,468.62,104802.3,943.22,51413.1,359.89,12865.6,1029.25,74849.7,1.014,1.4202,1.0028,0.0,2359.49,21.5604,700000
Wichita,2023-04-02,123947.8,2231.06,32098.9,1091.36,162594.0,1951.13,48546.2,534.01,91438.0,822.94,56947.3,398.63,14122.7,1129.82,84791.7,1.0992,1.6727,0.9898,0.0,2695.5,21.2814,700000
Wichita,2023-04-09,128454.5,2312.18,29980.6,1019.34,173685.7,2084.23,49268.9,541.96,101454.9,913.09,52140.6,364.98,14512.1,1160.97,73280.2,1.1529,1.6046,0.9491,1.0,3165.78,20.4059,700000
Wichita,2023-04-16,143188.7,2577.4,32684.6,1111.28,175162.7,2101.95,39788.6,437.67,92925.0,836.32,50540.1,353.78,13058.2,1044.66,75246.5,1.1676,1.512,1.0006,0.0,2641.53,21.5135,700000
Wichita,2023-04-23,134247.6,2416.46,29287.0,995.76,189496.8,2273.96,47618.0,523.8,92547.9,832.93,51763.7,362.35,14688.9,1175.11,69706.3,1.1413,1.7795,1.0032,0.0,2600.0,21.5698,700000
Wichita,2023-04-30,103136.3,1856.45,27322.6,928.97,187156.0,2245.87,42049.3,462.54,93219.4,838.97,56387.9,394.72,12472.5,997.8,73139.1,1.0777,1.4407,0.9984,0.0,2607.44,21.4666,700000
Wichita,2023-05-07,123545.2,2223.81,32123.9,1092.21,203415.3,2440.98,42649.1,469.14,84404.6,759.64,41122.3,287.86,13893.7,1111.49,66759.2,0.9853,1.5792,0.9619,1.0,2681.23,20.6814,700000
Wichita,2023-05-14,114511.1,2061.2,26426.2,898.49,170778.3,2049.34,42403.6,466.44,83083.7,747.75,41676.1,291.73,11609.7,928.78,65460.6,0.8757,1.3552,0.9876,0.0,2311.56,21.2339,700000
Wichita,2023-05-21,94230.3,1696.15,27451.3,933.34,156858.8,1882.31,34161.4,375.78,87016.0,783.14,44101.2,308.71,12803.9,1024.32,61467.8,0.7611,1.1614,1.0155,0.0,2014.37,21.8332,700000
Wichita,2023-05-28,91997.4,1655.95,21229.0,721.79,160335.0,1924.02,33203.3,365.24,65865.1,592.79,46696.0,326.87,8893.3,711.47,47246.0,0.6521,1.0538,1.0136,0.0,1988.56,21.7914,700000
Wichita,2023-06-04,96902.7,1744.25,18550.2,630.71,135094.7,1621.14,37395.5,411.35,79446.7,715.02,53161.9,372.13,9553.1,764.25,48113.8,0.5567,0.9651,0.998,0.0,1781.85,21.4572,700000
Wichita,2023-06-11,93604.9,1684.89,22793.7,774.98,137754.1,1653.05,28529.7,313.83,65681.4,591.13,49375.2,345.63,8310.9,664.87,48765.7,0.4791,0.941,1.0135,0.0,1673.69,21.7912,700000
Wichita,2023-06-18,94601.9,1702.83,18767.4,638.09,117199.0,1406.39,30292.5,333.22,71383.2,642.45,48889.7,342.23,9310.0,744.8,37530.0,0.4208,0.8883,0.9424,1.0,1758.73,20.262,700000
Wichita,2023-06-25,75106.5,1351.92,18499.6,628.99,130397.8,1564.77,28439.5,312.83,73562.9,662.07,37730.2,264.11,8834.3,706.74,41710.7,0.3812,0.9972,1.0192,0.0,1609.04,21.9127,700000
Wichita,2023-07-02,87934.8,1582.83,17166.2,583.65,132592.0,1591.1,32056.7,352.62,64294.0,578.65,51208.6,358.46,8543.6,683.48,41498.0,0.3589,0.8369,1.0122,0.0,1501.12,21.7622,700000
Wichita,2023-07-09,87565.2,1576.17,18779.9,638.52,112531.4,1350.38,27487.6,302.36,69261.1,623.35,38672.0,270.7,9549.4,763.95,38799.0,0.3528,0.8129,1.0177,0.0,1488.93,21.8803,700000
Wichita,2023-07-16,87003.3,1566.06,17457.9,593.57,120881.1,1450.57,30930.3,340.23,64518.3,580.66,45961.6,321.73,7981.1,638.49,35581.5,0.3625,0.9423,1.0155,0.0,1450.85,21.834,700000
Wichita,2023-07-23,73278.7,1319.02,16809.9,571.54,120720.4,1448.65,30065.3,330.72,56006.2,504.06,41675.5,291.73,9386.6,750.93,42204.7,0.3883,1.0006,0.9839,0.0,1536.24,21.1543,700000
Wichita,2023-07-30,97433.1,1753.8,17173.5,583.9,106284.7,1275.42,26835.1,295.19,64673.5,582.06,53146.2,372.02,7513.5,601.08,37092.9,0.4309,0.9306,0.9629,1.0,1776.76,20.7025,700000
Wichita,2023-08-06,90271.4,1624.88,18444.4,627.11,129387.9,1552.65,35583.0,391.41,74771.4,672.94,53407.2,373.85,9211.9,736.95,45843.3,0.4894,1.118,0.9927,0.0,1685.57,21.3431,700000
Wichita,2023-08-13,110047.6,1980.86,18949.2,644.27,119712.2,1436.55,37533.8,412.87,66503.1,598.53,38965.8,272.76,7971.4,637.71,44490.3,0.5608,1.0902,0.993,0.0,1710.09,21.3499,700000
Wichita,2023-08-20,107821.5,1940.79,23178.8,788.08,144932.2,1739.19,33467.6,368.14,64330.5,578.97,41958.9,293.71,9193.1,735.45,46431.8,0.6387,1.1802,0.9361,1.0,2056.28,20.1259,700000
Wichita,2023-08-27,120872.4,2175.7,27115.8,921.94,147874.2,1774.49,40325.4,443.58,67244.4,605.2,53188.7,372.32,11778.4,942.27,56528.5,0.7138,1.2956,0.9834,0.0,2118.61,21.1441,700000
Wichita,2023-09-03,109807.1,1976.53,24903.0,846.7,181481.2,2177.77,39122.2,430.34,70122.4,631.1,53980.1,377.86,11385.4,910.83,51778.8,0.7752,1.4627,0.9964,0.0,2148.16,21.4234,700000
Wichita,2023-09-10,104448.3,1880.07,26533.8,902.15,184651.7,2215.82,31877.2,350.65,84156.6,757.41,41053.0,287.37,11917.7,953.41,58539.4,0.8126,1.3617,1.0141,0.0,2095.22,21.8041,700000
Wichita,2023-09-17,121250.9,2182.52,27589.2,938.03,185015.0,2220.18,40752.5,448.28,86428.4,777.86,50946.2,356.62,9654.2,772.33,57256.5,0.8195,1.223,1.0108,0.0,2162.23,21.7329,700000
Wichita,2023-09-24,92646.9,1667.64,25951.1,882.34,154138.3,1849.66,33393.3,367.33,83554.4,751.99,40538.7,283.77,10386.3,830.91,54571.4,0.7946,1.3087,0.9972,0.0,2044.09,21.4399,700000
Wichita,2023-10-01,102372.9,1842.71,23067.2,784.28,179755.8,2157.07,33874.5,372.62,65562.3,590.06,47656.6,333.6,12422.4,993.79,51184.4,0.7424,1.0962,1.0138,0.0,2014.06,21.7973,700000
Wichita,2023-10-08,84387.6,1518.98,20427.4,694.53,151037.8,1812.45,32940.1,362.34,79277.4,713.5,47663.6,333.65,8626.6,690.13,48643.2,0.6717,1.0725,0.947,1.0,2101.24,20.3612,700000
Wichita,2023-10-15,86157.5,1550.84,22530.7,766.04,116439.0,1397.27,38505.1,423.56,78376.8,705.39,54771.4,383.4,11519.6,921.57,45800.1,0.5934,1.1093,0.9826,0.0,1914.45,21.1261,700000
Wichita,2023-10-22,86651.2,1559.72,19756.6,671.72,128539.9,1542.48,32073.3,352.81,73254.3,659.29,45004.8,315.03,10440.5,835.24,42425.0,0.5175,0.9368,1.0152,0.0,1698.9,21.8261,700000
Wichita,2023-10-29,95112.3,1712.02,22800.4,775.21,150460.9,1805.53,30218.5,332.4,61921.2,557.29,44863.5,314.04,9368.7,749.5,36959.0,0.4515,0.9895,0.984,0.0,1697.54,21.1563,700000
Wichita,2023-11-05,85703.6,1542.67,19983.9,679.45,114500.6,1374.01,27156.4,298.72,66776.0,600.98,51254.1,358.78,9059.0,724.72,44404.0,0.3991,0.7686,0.9618,1.0,1882.92,20.6791,700000
Wichita,2023-11-12,77748.4,1399.47,17200.9,584.83,106348.9,1276.19,27781.1,305.59,63802.4,574.22,45010.5,315.07,7060.0,564.8,40536.6,0.3609,0.9704,0.9311,1.0,1699.67,20.0191,700000
Wichita,2023-11-19,89484.0,1610.71,20982.5,713.41,115822.3,1389.87,30455.5,335.01,59735.0,537.62,43205.4,302.44,8022.8,641.83,37803.6,0.3352,0.7239,0.965,1.0,1703.38,20.748,700000
Wichita,2023-11-26,69839.2,1257.11,19976.3,679.19,109671.5,1316.06,31431.2,345.74,62049.5,558.45,43647.8,305.53,9703.6,776.29,33131.9,0.3191,0.899,0.9904,0.0,1471.88,21.2937,700000
Wichita,2023-12-03,91388.2,1644.99,21769.7,740.17,108770.7,1305.25,30835.1,339.19,70420.9,633.79,39962.9,279.74,9315.3,745.22,39673.3,0.3097,0.8492,0.9317,1.0,1665.19,20.0314,700000
Wichita,2023-12-10,87239.7,1570.31,16101.4,547.45,106986.0,1283.83,23142.8,254.57,70905.7,638.15,38693.6,270.86,8333.3,666.66,37977.6,0.3047,0.8358,1.0069,0.0,1308.68,21.6481,700000
Wichita,2023-12-17,73182.3,1317.28,21620.6,735.1,136526.6,1638.32,28640.3,315.04,65553.5,589.98,52892.3,370.25,9045.5,723.64,35391.4,0.3021,0.8369,1.0148,0.0,1465.11,21.8174,700000
Wichita,2023-12-24,93530.0,1683.54,15445.3,525.14,101736.9,1220.84,25151.1,276.66,61283.1,551.55,51028.7,357.2,9135.2,730.82,38060.4,0.3009,0.8571,0.9899,0.0,1585.39,21.2837,700000
Wichita,2023-12-31,68011.5,1224.21,17912.4,609.02,111494.2,1337.93,29748.9,327.24,67505.2,607.55,52276.3,365.93,9485.0,758.8,36936.1,0.3004,0.8462,0.9503,1.0,1677.01,20.4322,700000
Wichita,2024-01-07,70851.9,1275.33,19209.2,653.11,121375.6,1456.51,23171.8,254.89,70467.8,634.21,46214.7,323.5,6808.5,544.68,39805.3,0.308,0.7957,1.0093,0.0,1389.02,21.7003,700000
Wichita,2024-01-14,69261.3,1246.7,15882.8,540.02,138837.0,1666.04,30714.7,337.86,69441.8,624.98,49313.1,345.19,6802.8,544.23,37215.2,0.3152,0.8567,1.0168,0.0,1445.24,21.8609,700000
Wichita,2024-01-21,91779.2,1652.03,17026.9,578.92,106758.9,1281.11,24502.5,269.53,65049.7,585.45,50927.3,356.49,8098.3,647.86,43850.3,0.3277,0.7995,0.9351,1.0,1682.04,20.1054,700000
Wichita,2024-01-28,90884.2,1635.92,16044.4,545.51,104935.6,1259.23,23907.0,262.98,55477.6,499.3,41132.0,287.92,9479.6,758.37,34991.8,0.348,0.7691,1.0136,0.0,1503.97,21.7928,700000
Wichita,2024-02-04,93978.1,1691.61,21918.8,745.24,108532.8,1302.39,29176.7,320.94,63903.8,575.13,40567.6,283.97,9775.9,782.07,38736.7,0.3793,0.7582,0.991,0.0,1688.7,21.307,700000
Wichita,2024-02-11,79236.8,1426.26,22145.2,752.94,130936.1,1571.23,24337.5,267.71,64306.4,578.76,53460.8,374.23,8271.9,661.75,42080.6,0.425,0.8578,0.9666,1.0,1718.95,20.7827,700000
Wichita,2024-02-18,79440.9,1429.94,22790.2,774.87,109034.1,1308.41,28735.5,316.09,59356.9,534.21,39690.3,277.83,9181.2,734.5,43100.5,0.4877,1.0921,0.933,1.0,1991.03,20.0595,700000
Wichita,2024-02-25,105081.3,1891.46,22001.5,748.05,161933.3,1943.2,33270.8,365.98,75442.6,678.98,45921.3,321.45,11027.0,882.16,47635.3,0.5688,0.9668,1.0177,0.0,1943.77,21.8796,700000
Wichita,2024-03-03,92814.4,1670.66,27483.8,934.45,160324.8,1923.9,40144.1,441.59,86850.0,781.65,49931.7,349.52,9055.8,724.47,54968.7,0.6668,1.2767,1.0104,0.0,2141.01,21.7234,700000
Wichita,2024-03-10,104103.9,1873.87,28717.7,976.4,182397.9,2188.78,41390.6,455.3,83914.1,755.23,43720.5,306.04,11958.2,956.66,61425.8,0.7773,1.1598,1.0127,0.0,2211.78,21.7737,700000
Wichita,2024-03-17,116090.8,2089.63,22648.3,770.04,195672.4,2348.07,43938.4,483.32,99588.3,896.29,53561.7,374.93,13402.2,1072.18,62181.3,0.8919,1.5806,0.9837,0.0,2234.52,21.149,700000
Wichita,2024-03-24,137266.0,2470.79,23977.0,815.22,162570.1,1950.84,33908.2,372.99,88986.9,800.88,56491.5,395.44,12243.3,979.46,65694.4,0.9998,1.667,1.0087,0.0,2501.57,21.6864,700000
Wichita,2024-03-31,144028.2,2592.51,23877.5,811.84,151937.8,1823.25,38585.1,424.44,104183.4,937.65,57458.8,402.21,14204.4,1136.35,73539.1,1.0888,1.458,1.0185,0.0,2585.42,21.898,700000
Wichita,2024-04-07,149146.4,2684.63,31277.3,1063.43,194538.5,2334.46,39549.6,435.05,113199.1,1018.79,43997.3,307.98,14441.1,1155.29,76785.8,1.1475,1.4294,0.9879,0.0,2793.81,21.2391,700000
Wichita,2024-04-14,147383.9,2652.91,26451.3,899.34,198345.5,2380.15,39719.7,436.92,80131.6,721.18,56544.6,395.81,12977.5,1038.2,79787.2,1.168,1.6431,1.0042,0.0,2641.6,21.5906,700000
Wichita,2024-04-21,126949.0,2285.08,28682.7,975.21,207232.1,2486.78,40861.0,449.47,89662.4,806.96,56137.8,392.96,11532.8,922.62,83000.9,1.1475,1.6938,1.0124,0.0,2924.96,21.7661,700000
Wichita,2024-04-28,142728.8,2569.12,33250.3,1130.51,195334.4,2344.01,49467.8,544.15,109288.3,983.59,49550.9,346.86,13069.2,1045.54,72665.4,1.0888,1.7504,0.9951,0.0,2464.84,21.3948,700000
Wichita,2024-05-05,109429.7,1969.73,26129.2,888.39,165141.4,1981.7,45361.9,498.98,83020.2,747.18,47485.4,332.4,12867.2,1029.37,67750.3,0.9999,1.5779,0.9916,0.0,2626.49,21.3203,700000
Wichita,2024-05-12,132235.4,2380.24,26879.2,913.89,190401.7,2284.82,43578.3,479.36,74200.4,667.8,50292.4,352.05,9884.6,790.77,61168.4,0.8919,1.1991,0.9886,0.0,2332.46,21.2539,700000
Wichita,2024-05-19,125149.8,2252.7,24922.8,847.38,154921.3,1859.06,30592.7,336.52,74178.5,667.61,42150.3,295.05,12304.3,984.34,64660.7,0.7773,1.1859,1.0071,0.0,2219.38,21.6518,700000
Wichita,2024-05-26,92958.3,1673.25,24780.6,842.54,166949.6,2003.39,40171.2,441.88,81502.0,733.52,39492.5,276.45,11869.3,949.54,50117.0,0.667,1.1927,1.0055,0.0,2013.33,21.6183,700000
Wichita,2024-06-02,93946.5,1691.04,20466.6,695.86,139243.0,1670.92,36854.3,405.4,67081.0,603.73,42410.5,296.87,9438.6,755.09,51743.6,0.5693,1.004,0.9663,1.0,2186.36,20.7758,700000
Wichita,2024-06-09,77375.0,1392.75,17982.4,611.4,150694.6,1808.33,33689.8,370.59,59311.6,533.8,54030.0,378.21,10301.9,824.15,46372.3,0.489,0.9663,0.9375,1.0,2157.04,20.156,700000
Wichita,2024-06-16,92133.4,1658.4,20026.4,680.9,122484.5,1469.81,24667.8,271.35,66384.1,597.46,51309.0,359.16,10392.5,831.4,46271.0,0.428,0.8135,1.0107,0.0,1779.75,21.7302,700000
Wichita,2024-06-23,82599.0,1486.78,23166.8,787.67,135668.6,1628.02,33452.3,367.98,55939.0,503.45,51738.3,362.17,9639.7,771.18,41311.7,0.3858,0.8753,1.0086,0.0,1580.94,21.6843,700000
Wichita,2024-06-30,97608.7,1756.96,22582.1,767.79,116640.4,1399.68,29965.3,329.62,65787.6,592.09,42289.8,296.03,9589.1,767.12,42023.5,0.3611,0.9078,1.0166,0.0,1617.69,21.8567,700000
Wichita,2024-07-07,77013.5,1386.24,17497.1,594.9,106601.2,1279.21,23587.9,259.47,63422.1,570.8,44338.0,310.37,8317.9,665.44,44579.0,0.3527,0.8254,0.9811,0.0,1578.91,21.0936,700000
Wichita,2024-07-14,83489.9,1502.82,21241.1,722.2,141627.7,1699.53,23320.6,256.53,56993.4,512.94,41109.3,287.76,9883.8,790.7,35568.3,0.3601,0.7537,1.0,0.0,1519.79,21.4997,700000
Wichita,2024-07-21,90387.3,1626.97,23122.4,786.16,133269.9,1599.24,26402.0,290.42,70326.2,632.94,42790.0,299.53,7867.0,629.36,46534.6,0.3836,0.9188,1.002,0.0,1708.96,21.544,700000
Wichita,2024-07-28,92199.1,1659.58,20950.7,712.32,119318.3,1431.82,26796.7,294.76,73211.9,658.91,51375.9,359.63,10477.8,838.23,44862.3,0.4238,0.946,0.9864,0.0,1729.98,21.2066,700000
Wichita,2024-08-04,105248.5,1894.47,22464.3,763.79,141374.9,1696.5,29138.5,320.52,59979.4,539.82,50632.2,354.43,8486.8,678.94,47876.9,0.4802,0.859,0.9903,0.0,1749.16,21.2916,700000
Wichita,2024-08-11,88617.4,1595.11,19610.0,666.74,135793.6,1629.52,36363.3,400.0,61010.4,549.09,40360.0,282.52,11268.5,901.48,44776.3,0.55,1.0743,0.9821,0.0,1781.98,21.1142,700000
Wichita,2024-08-18,109859.2,1977.46,24222.6,823.57,161476.0,1937.71,34681.1,381.49,75391.1,678.52,41249.0,288.74,10437.0,834.96,54330.1,0.6275,1.0973,1.0162,0.0,1863.37,21.8478,700000
Wichita,2024-08-25,117870.9,2121.68,22208.5,755.09,156141.1,1873.69,32303.4,355.34,86358.6,777.23,42695.2,298.87,11423.2,913.86,49105.0,0.7037,1.2451,1.0129,0.0,1932.09,21.7763,700000
Wichita,2024-09-01,98669.2,1776.04,24596.0,836.26,183562.1,2202.74,33155.7,364.71,82313.1,740.82,41347.7,289.43,9882.8,790.63,57737.9,0.7676,1.1771,1.0159,0.0,2171.01,21.8426,700000
Wichita,2024-09-08,100678.7,1812.22,22302.6,758.29,181077.0,2172.92,35651.6,392.17,69654.2,626.89,41411.2,289.88,9601.1,768.09,52993.5,0.809,1.421,0.9497,1.0,2347.33,20.4186,700000
Wichita,2024-09-15,107071.3,1927.28,27498.7,934.96,165800.9,1989.61,43483.8,478.32,86218.9,775.97,46813.2,327.69,13010.7,1040.85,65644.7,0.8205,1.261,1.0049,0.0,2213.01,21.606,700000
Wichita,2024-09-22,97117.9,1748.12,23935.5,813.81,142036.3,1704.44,41798.5,459.78,67551.5,607.96,54399.2,380.79,9442.2,755.38,55776.9,0.8,1.2835,0.9824,0.0,2082.2,21.122,700000
Wichita,2024-09-29,90311.6,1625.61,22560.7,767.06,153973.5,1847.68,34983.1,384.81,68386.2,615.48,41091.8,287.64,12592.7,1007.42,60069.1,0.7512,1.1258,0.9852,0.0,2089.83,21.1824,700000
Wichita,2024-10-06,89475.3,1610.56,25967.5,882.9,126445.9,1517.35,29123.6,320.36,88418.2,795.76,39767.6,278.37,11534.8,922.78,56298.6,0.6825,1.0627,1.0139,0.0,1953.18,21.7987,700000
Wichita,2024-10-13,98795.4,1778.32,26009.2,884.31,140985.7,1691.83,34778.3,382.56,63947.5,575.53,51216.1,358.51,9892.7,791.42,50542.4,0.6046,0.9681,0.9643,1.0,2144.83,20.7319,700000
Wichita,2024-10-20,89183.4,1605.3,21442.3,729.04,111621.0,1339.45,34824.3,383.07,59057.9,531.52,50664.8,354.65,9511.5,760.92,45325.1,0.5279,1.1592,1.0044,0.0,1697.23,21.5947,700000
Wichita,2024-10-27,90413.6,1627.44,17106.6,581.63,108328.5,1299.94,27739.1,305.13,58572.1,527.15,52741.1,369.19,10490.0,839.2,41706.6,0.4602,1.0057,1.0036,0.0,1606.9,21.5772,700000
Wichita,2024-11-03,89270.8,1606.87,21887.1,744.16,123476.4,1481.72,29634.2,325.98,59670.6,537.04,39328.5,275.3,7725.6,618.05,39721.7,0.4057,0.9863,0.9403,1.0,1813.28,20.2175,700000
Wichita,2024-11-10,98084.5,1765.52,17191.0,584.49,116003.0,1392.04,29044.7,319.49,67501.0,607.51,39630.6,277.41,9633.7,770.69,41358.9,0.3656,0.9325,0.9994,0.0,1583.52,21.4875,700000
Wichita,2024-11-17,80250.9,1444.52,22433.0,762.72,108390.0,1300.68,22982.0,252.8,58481.0,526.33,41328.5,289.3,9735.4,778.83,40623.2,0.3382,0.8662,0.9842,0.0,1540.39,21.1595,700000
Wichita,2024-11-24,69099.6,1243.79,18373.4,624.7,101822.7,1221.87,27562.9,303.19,62012.7,558.11,43201.6,302.41,9112.8,729.03,37936.9,0.3209,0.8356,1.0062,0.0,1427.33,21.6323,700000
Wichita,2024-12-01,91040.6,1638.73,18654.3,634.25,106303.5,1275.64,24489.7,269.39,52842.3,475.58,38177.6,267.24,8153.8,652.3,32309.4,0.3108,0.8946,0.9916,0.0,1383.44,21.3196,700000
Wichita,2024-12-08,80393.0,1447.07,20294.0,690.0,128777.3,1545.33,30104.4,331.15,57141.7,514.28,41369.6,289.59,7273.3,581.86,38165.7,0.3052,0.8504,0.9493,1.0,1523.56,20.4106,700000
Wichita,2024-12-15,67047.5,1206.85,16125.1,548.25,122052.9,1464.63,22224.7,244.47,59902.0,539.12,37401.2,261.81,8817.3,705.38,37617.3,0.3024,0.793,1.0061,0.0,1456.1,21.6301,700000
Wichita,2024-12-22,86998.7,1565.98,21614.4,734.89,104585.8,1255.03,30122.5,331.35,63844.6,574.6,45894.9,321.26,8078.1,646.25,38944.4,0.301,0.9136,0.9458,1.0,1679.96,20.3354,700000
Wichita,2024-12-29,71318.9,1283.74,18805.7,639.39,107595.0,1291.14,31128.1,342.41,60575.4,545.18,40215.3,281.51,8893.8,711.51,34553.6,0.3004,0.8213,1.0126,0.0,1440.39,21.7699,700000
Wichita,2025-01-05,87489.5,1574.81,19795.2,673.04,133636.2,1603.63,29588.0,325.47,65326.3,587.94,49845.7,348.92,8265.0,661.2,39735.8,0.3066,0.8082,0.9971,0.0,1409.43,21.4382,700000
Wichita,2025-01-12,80552.6,1449.95,18047.8,613.63,122160.7,1465.93,30646.3,337.11,67361.9,606.26,43888.6,307.22,7468.1,597.45,39971.0,0.3127,0.8707,1.01,0.0,1380.53,21.7141,700000
Wichita,2025-01-19,74718.9,1344.94,21095.1,717.23,98295.7,1179.55,30931.0,340.24,69271.4,623.44,41733.3,292.13,7090.0,567.2,37006.2,0.3234,0.7549,1.0101,0.0,1562.88,21.7168,700000
Wichita,2025-01-26,76913.2,1384.44,19628.6,667.37,105281.1,1263.37,23059.3,253.65,68363.0,615.27,49157.4,344.1,9385.9,750.87,38074.8,0.3412,0.8177,1.0065,0.0,1485.56,21.6401,700000
Wichita,2025-02-02,90127.6,1622.3,17580.0,597.72,130875.3,1570.5,26017.0,286.19,63274.2,569.47,41812.5,292.69,8505.9,680.47,44334.8,0.3691,0.9971,1.0051,0.0,1595.49,21.6095,700000
Wichita,2025-02-09,88499.4,1592.99,18862.3,641.32,145566.1,1746.79,27624.2,303.87,59975.5,539.78,38243.7,267.71,8155.2,652.41,48623.9,0.4103,0.8441,0.9484,1.0,1885.35,20.3905,700000
Wichita,2025-02-16,85498.6,1538.97,19533.9,664.15,140260.7,1683.13,28373.4,312.11,57291.1,515.62,51425.9,359.98,9173.4,733.87,47293.8,0.4679,0.9119,0.947,1.0,1908.92,20.3597,700000
Wichita,2025-02-23,108055.4,1945.0,23074.8,784.54,126033.5,1512.4,33656.1,370.22,70153.7,631.38,49460.9,346.23,9693.5,775.48,50106.7,0.5438,1.0225,0.9962,0.0,1878.53,21.4187,700000
Wichita,2025-03-02,84099.8,1513.8,26304.9,894.37,124321.7,1491.86,28805.4,316.86,69257.7,623.32,54291.6,380.04,10068.2,805.45,55796.1,0.6373,1.1206,0.9907,0.0,1976.96,21.3004,700000
Wichita,2025-03-09,95342.8,1716.17,23319.9,792.88,131225.5,1574.71,30982.1,340.8,88443.9,795.99,51352.1,359.46,9325.2,746.02,51229.6,0.7448,1.3172,0.9856,0.0,1938.82,21.1912,700000
Wichita,2025-03-16,121358.9,2184.46,26042.1,885.43,144662.6,1735.95,43810.7,481.92,92328.6,830.96,46829.2,327.8,9944.3,795.54,68189.0,0.8593,1.2428,1.0076,0.0,2280.47,21.6628,700000
Wichita,2025-03-23,133299.0,2399.38,27302.9,928.3,146857.6,1762.29,42192.3,464.12,85558.5,770.03,40914.5,286.4,13362.7,1069.02,72267.0,0.9704,1.6328,1.0075,0.0,2430.97,21.6602,700000
Wichita,2025-03-30,135831.8,2444.97,26995.0,917.83,159831.9,1917.98,46945.4,516.4,101986.3,917.88,51495.8,360.47,14141.7,1131.34,79940.2,1.066,1.4135,1.0063,0.0,2514.25,21.6349,700000
Wichita,2025-04-06,149890.5,2698.03,26283.9,893.65,172088.2,2065.06,41015.2,451.17,93025.4,837.23,49520.8,346.65,14451.9,1156.15,77916.1,1.1343,1.4998,1.0186,0.0,2728.31,21.9005,700000
Wichita,2025-04-13,114456.2,2060.21,29505.0,1003.17,182681.6,2192.18,49283.8,542.12,87918.6,791.27,48014.9,336.1,15090.0,1207.2,78640.4,1.1663,1.5519,1.002,0.0,2784.62,21.5422,700000
Wichita,2025-04-20,140919.9,2536.56,25073.5,852.5,218928.2,2627.14,49187.5,541.06,98960.8,890.65,53796.7,376.58,13843.9,1107.52,79002.9,1.1575,1.6126,1.0122,0.0,2676.35,21.7632,700000
Wichita,2025-04-27,140252.0,2524.54,32782.2,1114.59,162052.1,1944.63,35905.4,394.96,90293.8,812.64,41721.6,292.05,12012.7,961.02,74662.2,1.1091,1.4798,1.02,0.0,2610.18,21.9292,700000
Wichita,2025-05-04,107600.6,1936.81,27440.0,932.96,178441.3,2141.3,44649.0,491.14,87929.2,791.36,55713.0,389.99,12517.3,1001.38,73146.3,1.0277,1.3689,0.9941,0.0,2461.28,21.3731,700000
Wichita,2025-05-11,103031.9,1854.57,27182.1,924.19,165406.7,1984.88,44376.7,488.14,100644.1,905.8,40991.9,286.94,10141.2,811.3,64182.3,0.924,1.2592,0.9943,0.0,2457.57,21.3783,700000
Wichita,2025-05-18,96132.0,1730.38,26126.3,888.29,177879.6,2134.55,32154.9,353.7,75019.8,675.18,47720.8,334.05,12274.4,981.95,66042.1,0.8101,1.1641,0.9601,1.0,2732.32,20.6417,700000
Wichita,2025-05-25,95921.9,1726.59,25142.7,854.85,135944.3,1631.33,30766.3,338.43,81912.0,737.21,55145.2,386.02,10087.4,806.99,51231.6,0.6976,1.2879,1.01,0.0,2036.85,21.7143,700000
Wichita,2025-06-01,101278.1,1823.01,21755.5,739.69,160935.2,1931.22,27358.4,300.94,62402.2,561.62,49860.3,349.02,11268.5,901.48,47689.8,0.5956,1.2511,0.9823,0.0,2038.39,21.1197,700000
Wichita,2025-06-08,93104.2,1675.88,22606.8,768.63,112704.3,1352.45,29485.8,324.34,76572.4,689.15,40741.9,285.19,8100.8,648.06,45381.1,0.51,0.9731,0.9617,1.0,2155.19,20.6762,700000
Wichita,2025-06-15,88562.9,1594.13,20343.0,691.66,123838.0,1486.06,30224.1,332.46,72291.0,650.62,44842.4,313.9,8363.2,669.05,48927.8,0.4434,0.9048,1.001,0.0,1781.25,21.522,700000
Wichita,2025-06-22,99442.5,1789.96,20691.6,703.52,116670.4,1400.05,33550.3,369.05,66702.5,600.32,43460.0,304.22,7801.0,624.08,39408.8,0.396,0.7971,0.9384,1.0,1910.92,20.1758,700000
Wichita,2025-06-29,80437.6,1447.88,22260.2,756.85,123643.2,1483.72,28500.6,313.51,71809.6,646.29,43092.1,301.64,7906.6,632.53,38222.5,0.3664,0.8952,0.9883,0.0,1604.77,21.2477,700000
Wichita,2025-07-06,69450.9,1250.12,18956.1,644.51,136165.5,1633.99,29066.8,319.74,64109.1,576.98,40675.9,284.73,6985.9,558.87,44447.3,0.3535,0.8094,0.986,0.0,1585.35,21.1988,700000
Wichita,2025-07-13,96190.3,1731.43,21911.8,745.0,133542.7,1602.51,28527.1,313.8,51735.8,465.62,51289.3,359.03,9893.8,791.5,41763.0,0.3564,0.7884,0.964,1.0,1823.27,20.7266,700000
Wichita,2025-07-20,76500.8,1377.01,17797.5,605.11,142939.5,1715.27,26550.4,292.05,54363.6,489.27,50728.7,355.1,7176.4,574.11,44554.4,0.3752,0.8672,0.9988,0.0,1623.18,21.4731,700000
Wichita,2025-07-27,98211.9,1767.81,19283.9,655.65,120410.7,1444.93,28218.3,310.4,66241.5,596.17,46245.4,323.72,9393.2,751.46,45917.9,0.4106,0.8185,1.0071,0.0,1645.3,21.6533,700000
Wichita,2025-08-03,95064.7,1711.16,22472.7,764.07,121467.0,1457.6,29394.9,323.34,57922.6,521.3,43559.1,304.91,9785.0,782.8,39959.6,0.4625,1.1031,1.0172,0.0,1632.99,21.8704,700000
Wichita,2025-08-10,98810.1,1778.58,20088.5,683.01,157202.0,1886.42,28866.0,317.53,64876.4,583.89,48609.3,340.27,9064.2,725.14,48978.6,0.529,0.9273,0.9999,0.0,1837.95,21.4989,700000
Wichita,2025-08-17,80569.4,1450.25,21739.0,739.13,138677.4,1664.13,30275.2,333.03,77737.8,699.64,39559.3,276.91,8588.1,687.05,55058.2,0.6051,1.0754,0.9602,1.0,2086.49,20.6436,700000
Wichita,2025-08-24,111793.5,2012.28,21155.7,719.29,156533.0,1878.4,28857.3,317.43,85223.8,767.01,41862.4,293.04,10334.3,826.75,56296.5,0.6827,1.2854,1.0029,0.0,2086.26,21.5621,700000
Wichita,2025-08-31,118001.8,2124.03,27332.2,929.3,148181.0,1778.17,34625.3,380.88,81832.9,736.5,50661.7,354.63,11890.2,951.21,59325.9,0.7513,1.2939,0.99,0.0,2031.13,21.2845,700000
Wichita,2025-09-07,100250.9,1804.52,26930.1,915.62,185315.8,2223.79,31114.4,342.26,93717.8,843.46,47501.8,332.51,10290.7,823.25,62423.2,0.8,1.4481,0.9933,0.0,2071.24,21.3552,700000
Wichita,2025-09-14,116201.9,2091.63,22903.6,778.72,135179.8,1622.16,42510.1,467.61,92171.9,829.55,40089.8,280.63,9959.6,796.77,62740.4,0.8205,1.4827,0.9803,0.0,2253.77,21.0771,700000
Wichita,2025-09-21,97869.3,1761.65,26255.8,892.7,173916.2,2086.99,39620.0,435.82,83466.8,751.2,47234.8,330.64,10722.3,857.78,52032.8,0.809,1.4981,1.0144,0.0,2143.83,21.8094,700000
Wichita,2025-09-28,113476.2,2042.57,27159.6,923.42,152463.9,1829.57,32035.7,352.39,91555.6,824.0,41386.2,289.7,11730.3,938.42,57216.1,0.7676,1.0825,0.9983,0.0,2202.06,21.4639,700000
Wichita,2025-10-05,98810.0,1778.58,22653.6,770.22,139283.2,1671.4,28882.7,317.71,72652.2,653.87,46666.2,326.66,9625.9,770.07,50931.5,0.7035,1.2933,0.9634,1.0,2164.52,20.714,700000
Wichita,2025-10-12,99280.9,1787.06,26370.8,896.61,150938.6,1811.26,29747.2,327.22,69312.5,623.81,47226.4,330.58,9778.6,782.29,48562.0,0.6272,1.2086,0.9995,0.0,2174.09,21.4886,700000
Wichita,2025-10-19,95837.8,1725.08,22135.5,752.61,120660.2,1447.92,26347.0,289.82,60118.5,541.07,47841.8,334.89,10610.4,848.83,47395.4,0.5492,1.095,1.0164,0.0,1676.54,21.8519,700000
Wichita,2025-10-26,99741.5,1795.35,18235.8,620.02,139024.8,1668.3,26982.5,296.81,56766.6,510.9,49743.2,348.2,10714.0,857.12,45690.1,0.4783,1.0284,0.9896,0.0,1622.2,21.2768,700000
Wichita,2025-11-02,99520.9,1791.38,20097.8,683.32,115802.4,1389.63,24636.9,271.01,59300.0,533.7,38713.7,271.0,7364.1,589.12,40497.4,0.4198,0.9123,1.0123,0.0,1636.34,21.7643,700000
Wichita,2025-11-09,84990.3,1529.83,22042.8,749.46,131728.3,1580.74,32142.9,353.57,72603.1,653.43,44649.7,312.55,9466.8,757.34,38855.4,0.3757,0.7526,0.9801,0.0,1559.4,21.0723,700000
Wichita,2025-11-16,77933.5,1402.8,18467.3,627.89,128956.1,1547.47,23300.9,256.31,52403.6,471.63,43567.9,304.98,8257.0,660.56,42004.3,0.3449,0.7691,0.9836,0.0,1577.36,21.1472,700000
Wichita,2025-11-23,76735.1,1381.23,21876.9,743.82,136298.5,1635.58,30360.9,333.97,50442.2,453.98,43448.3,304.14,9209.7,736.77,34156.3,0.325,0.8024,0.9531,1.0,1654.08,20.4921,700000
Wichita,2025-11-30,86470.2,1556.46,19289.5,655.84,138575.6,1662.91,26204.5,288.25,61130.4,550.17,41024.0,287.17,7049.5,563.96,39178.9,0.3131,0.824,0.9824,0.0,1497.77,21.1219,700000
Wichita,2025-12-07,78416.4,1411.5,20411.5,693.99,128278.5,1539.34,30076.5,330.84,59727.3,537.55,44519.2,311.63,8492.9,679.43,42282.6,0.3064,0.7999,1.016,0.0,1508.63,21.8448,700000
Wichita,2025-12-14,82487.2,1484.77,17789.4,604.84,130787.9,1569.45,30530.3,335.83,51803.9,466.24,43330.2,303.31,8768.3,701.46,37759.8,0.303,0.7752,0.9848,0.0,1482.71,21.1739,700000
Wichita,2025-12-21,94284.9,1697.13,15743.9,535.29,136998.7,1643.98,31659.2,348.25,58013.0,522.12,51061.5,357.43,8503.1,680.25,34650.0,0.3013,0.6909,0.9877,0.0,1546.8,21.2364,700000
